رقم,اسم الملف,اسم المنتج المبدئي,التصنيف,بصمة الصورة,ملاحظة تشابه
1,Hazem19792019_10.jpg,منتج Hazem19792019_10,أخرى,707f424243467fff,
2,Hazem19792019_100.jpg,منتج Hazem19792019_100,أخرى,ff838383033f3f9f,
3,Hazem19792019_1000.jpg,منتج Hazem19792019_1000,أخرى,bd9dbdedf42fc0e0,يوجد صور متطابقة/متشابهة بصرياً
4,Hazem19792019_1001.jpg,منتج Hazem19792019_1001,أخرى,1000187e7e7e2c00,
5,Hazem19792019_1002.jpg,منتج Hazem19792019_1002,أخرى,783f3f3e2e308880,
6,Hazem19792019_1003.jpg,منتج Hazem19792019_1003,أخرى,ffffff80802080fe,يوجد صور متطابقة/متشابهة بصرياً
7,Hazem19792019_1004.jpg,منتج Hazem19792019_1004,أخرى,9f9181a1ffdf81f8,
8,Hazem19792019_1005.jpg,منتج Hazem19792019_1005,أخرى,007cff7fe7fc7e00,
9,Hazem19792019_1006.jpg,منتج Hazem19792019_1006,أخرى,fce0ececf4fcf800,
10,Hazem19792019_1007.jpg,منتج Hazem19792019_1007,أخرى,ffff7f0327221838,
11,Hazem19792019_1008.jpg,منتج Hazem19792019_1008,أخرى,0707060e40f0feff,
12,Hazem19792019_1009.jpg,منتج Hazem19792019_1009,أخرى,001fffffff203818,
13,Hazem19792019_1010.jpg,منتج Hazem19792019_1010,أخرى,3c3e86acbdb48006,
14,Hazem19792019_1011.jpg,منتج Hazem19792019_1011,أخرى,1c7ef97c3e3c1c10,
15,Hazem19792019_1012.jpg,منتج Hazem19792019_1012,أخرى,007fffdffefc0000,
16,Hazem19792019_1013.jpg,منتج Hazem19792019_1013,أخرى,0079fdfdffef0000,
17,Hazem19792019_1014.jpg,منتج Hazem19792019_1014,أخرى,3e741c6c7a7a4e44,
18,Hazem19792019_1015.jpg,منتج Hazem19792019_1015,أخرى,282efffd3efe0800,
19,Hazem19792019_1016.jpg,منتج Hazem19792019_1016,أخرى,fefe1d0e3f0e0e1e,
20,Hazem19792019_1017.jpg,منتج Hazem19792019_1017,أخرى,190c0c1c7f7f6e3f,
21,Hazem19792019_1018.jpg,منتج Hazem19792019_1018,أخرى,3f38381c7cfe6000,
22,Hazem19792019_1019.jpg,منتج Hazem19792019_1019,أخرى,c6c6d2d69ed6c7df,
23,Hazem19792019_102.jpg,منتج Hazem19792019_102,أخرى,fff7f7de737f0000,
24,Hazem19792019_1020.jpg,منتج Hazem19792019_1020,أخرى,e7c3c3c3fbe7c0c0,
25,Hazem19792019_1021.jpg,منتج Hazem19792019_1021,أخرى,00bcbcfcfc210000,
26,Hazem19792019_1022.jpg,منتج Hazem19792019_1022,أخرى,307e7a7efee28000,
27,Hazem19792019_1023.jpg,منتج Hazem19792019_1023,أخرى,33fbfbfa3b100010,
28,Hazem19792019_1024.jpg,منتج Hazem19792019_1024,أخرى,7f01d3d3db00ffd9,
29,Hazem19792019_1025.jpg,منتج Hazem19792019_1025,أخرى,fff1019cb081ff70,
30,Hazem19792019_1026.jpg,منتج Hazem19792019_1026,أخرى,ffff010337e37f40,
31,Hazem19792019_1027.jpg,منتج Hazem19792019_1027,أخرى,00003e3e3e24f7ff,
32,Hazem19792019_1028.jpg,منتج Hazem19792019_1028,أخرى,00f8f8fcfe808080,
33,Hazem19792019_1029.jpg,منتج Hazem19792019_1029,أخرى,0038feffdb1b0037,
34,Hazem19792019_1030.jpg,منتج Hazem19792019_1030,أخرى,0058fffffffb0000,
35,Hazem19792019_1031.jpg,منتج Hazem19792019_1031,أخرى,fff7808080ff1f07,
36,Hazem19792019_1032.jpg,منتج Hazem19792019_1032,أخرى,80b1b2b0b332f033,
37,Hazem19792019_1033.jpg,منتج Hazem19792019_1033,أخرى,7c7c7c7c3c7c3c7c,
38,Hazem19792019_1034.jpg,منتج Hazem19792019_1034,أخرى,f9387fffff000000,
39,Hazem19792019_1035.jpg,منتج Hazem19792019_1035,أخرى,fffff1a0e0e0ffff,يوجد صور متطابقة/متشابهة بصرياً
40,Hazem19792019_1036.jpg,منتج Hazem19792019_1036,أخرى,ffdf00fd8585ffff,يوجد صور متطابقة/متشابهة بصرياً
41,Hazem19792019_1037.jpg,منتج Hazem19792019_1037,أخرى,ffff0e0f1f68ff5c,يوجد صور متطابقة/متشابهة بصرياً
42,Hazem19792019_1038.jpg,منتج Hazem19792019_1038,أخرى,ffff780000ffffff,يوجد صور متطابقة/متشابهة بصرياً
43,Hazem19792019_1039.jpg,منتج Hazem19792019_1039,أخرى,ffffff80802080fe,يوجد صور متطابقة/متشابهة بصرياً
44,Hazem19792019_1040.jpg,منتج Hazem19792019_1040,أخرى,fe1460fefefe0000,
45,Hazem19792019_1041.jpg,منتج Hazem19792019_1041,أخرى,387c7828003e7f03,
46,Hazem19792019_1042.jpg,منتج Hazem19792019_1042,أخرى,9fe7e7ff6e670000,
47,Hazem19792019_1043.jpg,منتج Hazem19792019_1043,أخرى,00677c787c746467,
48,Hazem19792019_1044.jpg,منتج Hazem19792019_1044,أخرى,000092fbfbfbc24c,
49,Hazem19792019_1045.jpg,منتج Hazem19792019_1045,أخرى,000c1e3e3f3f1e00,
50,Hazem19792019_1046.jpg,منتج Hazem19792019_1046,أخرى,7f7f7c6f6f2d2c3c,
51,Hazem19792019_1047.jpg,منتج Hazem19792019_1047,أخرى,ffffb71707030300,
52,Hazem19792019_1048.jpg,منتج Hazem19792019_1048,أخرى,09006c3c1e02db91,
53,Hazem19792019_1049.jpg,منتج Hazem19792019_1049,أخرى,1c1c26260804b8fb,
54,Hazem19792019_105.jpg,منتج Hazem19792019_105,أخرى,3f18ee861e7c1e9f,يوجد صور متطابقة/متشابهة بصرياً
55,Hazem19792019_1050.jpg,منتج Hazem19792019_1050,أخرى,f9f1f1f9f9c9cec0,
56,Hazem19792019_1051.jpg,منتج Hazem19792019_1051,أخرى,00838383ffffff30,
57,Hazem19792019_1052.jpg,منتج Hazem19792019_1052,أخرى,10faffffffc30101,
58,Hazem19792019_1053.jpg,منتج Hazem19792019_1053,أخرى,e0e6f0f1ef2d2900,
59,Hazem19792019_1054.jpg,منتج Hazem19792019_1054,أخرى,253d3f373b3f4141,
60,Hazem19792019_1055.jpg,منتج Hazem19792019_1055,أخرى,009e3e3f3e3e3d38,
61,Hazem19792019_1056.jpg,منتج Hazem19792019_1056,أخرى,f2f2fededede0000,
62,Hazem19792019_1057.jpg,منتج Hazem19792019_1057,أخرى,ff87839f87838303,
63,Hazem19792019_1058.jpg,منتج Hazem19792019_1058,أخرى,9a9f8f9b9f9f1300,
64,Hazem19792019_1059.jpg,منتج Hazem19792019_1059,أخرى,ffffff9783726040,
65,Hazem19792019_106.jpg,منتج Hazem19792019_106,أخرى,0000fffd858fc7ef,
66,Hazem19792019_1060.jpg,منتج Hazem19792019_1060,أخرى,060e0fffffff0000,
67,Hazem19792019_1061.jpg,منتج Hazem19792019_1061,أخرى,0081d9ffe78389ff,يوجد صور متطابقة/متشابهة بصرياً
68,Hazem19792019_1062.jpg,منتج Hazem19792019_1062,أخرى,0141089ca00ddede,
69,Hazem19792019_1063.jpg,منتج Hazem19792019_1063,أخرى,ffffde0888878efc,
70,Hazem19792019_1065.jpg,منتج Hazem19792019_1065,أخرى,00009ef0f0e4fff7,
71,Hazem19792019_1066.jpg,منتج Hazem19792019_1066,أخرى,251f0cecf4e600c0,
72,Hazem19792019_1067.jpg,منتج Hazem19792019_1067,أخرى,fc61e0e0f0b0f1f0,
73,Hazem19792019_1068.jpg,منتج Hazem19792019_1068,أخرى,210f7f452426007f,
74,Hazem19792019_1069.jpg,منتج Hazem19792019_1069,أخرى,ffe004fff020707c,
75,Hazem19792019_1070.jpg,منتج Hazem19792019_1070,أخرى,ff1e00fc1d20bfb9,
76,Hazem19792019_1071.jpg,منتج Hazem19792019_1071,أخرى,02002c3e003cffff,
77,Hazem19792019_1072.jpg,منتج Hazem19792019_1072,أخرى,da8040202383fcfc,
78,Hazem19792019_1073.jpg,منتج Hazem19792019_1073,أخرى,000c08581a18ffff,
79,Hazem19792019_1074.jpg,منتج Hazem19792019_1074,أخرى,0f7fffffed002000,
80,Hazem19792019_1075.jpg,منتج Hazem19792019_1075,أخرى,02dbffffff080000,
81,Hazem19792019_1076.jpg,منتج Hazem19792019_1076,أخرى,f0fdffff7b404000,
82,Hazem19792019_1077.jpg,منتج Hazem19792019_1077,أخرى,0023bb9ed64fcbc3,
83,Hazem19792019_1078.jpg,منتج Hazem19792019_1078,أخرى,00f1f9694d6cbc78,
84,Hazem19792019_1079.jpg,منتج Hazem19792019_1079,أخرى,000033ff99fb7b09,
85,Hazem19792019_1080.jpg,منتج Hazem19792019_1080,أخرى,ffff119b5a360000,
86,Hazem19792019_1081.jpg,منتج Hazem19792019_1081,أخرى,0001ffef36fe43c0,
87,Hazem19792019_1082.jpg,منتج Hazem19792019_1082,أخرى,0f7d7c8ccded9f01,
88,Hazem19792019_1083.jpg,منتج Hazem19792019_1083,أخرى,7f3f0f0c400000ff,
89,Hazem19792019_1084.jpg,منتج Hazem19792019_1084,أخرى,f9f9791703030101,
90,Hazem19792019_1085.jpg,منتج Hazem19792019_1085,أخرى,003efee6fff63007,
91,Hazem19792019_1086.jpg,منتج Hazem19792019_1086,أخرى,607861607379e3fb,
92,Hazem19792019_1087.jpg,منتج Hazem19792019_1087,أخرى,330778793b7bf4fc,
93,Hazem19792019_1088.jpg,منتج Hazem19792019_1088,أخرى,c78187060e08ffff,
94,Hazem19792019_1089.jpg,منتج Hazem19792019_1089,أخرى,3e00f070707cf3f7,
95,Hazem19792019_1090.jpg,منتج Hazem19792019_1090,أخرى,0100007b3105f6f7,
96,Hazem19792019_1091.jpg,منتج Hazem19792019_1091,أخرى,7860f0193cdd7d3c,
97,Hazem19792019_1092.jpg,منتج Hazem19792019_1092,أخرى,0001189096ffcf7e,
98,Hazem19792019_1093.jpg,منتج Hazem19792019_1093,أخرى,007c7c24243c3ede,
99,Hazem19792019_1094.jpg,منتج Hazem19792019_1094,أخرى,0070f07c7070fff3,
100,Hazem19792019_1095.jpg,منتج Hazem19792019_1095,أخرى,7c78387c6cffdcc0,
101,Hazem19792019_1096.jpg,منتج Hazem19792019_1096,أخرى,011f885efeeb9d80,
102,Hazem19792019_1097.jpg,منتج Hazem19792019_1097,أخرى,000c60e05ffffd80,
103,Hazem19792019_1098.jpg,منتج Hazem19792019_1098,أخرى,00000030a6fdffe3,
104,Hazem19792019_1099.jpg,منتج Hazem19792019_1099,أخرى,80848cececfcfcc0,
105,Hazem19792019_110.jpg,منتج Hazem19792019_110,أخرى,3c1c3f7c7e060000,
106,Hazem19792019_1100.jpg,منتج Hazem19792019_1100,أخرى,0080a696878ff727,
107,Hazem19792019_1101.jpg,منتج Hazem19792019_1101,أخرى,000052034fcfffb3,
108,Hazem19792019_1102.jpg,منتج Hazem19792019_1102,أخرى,00000e0e6fcfffd9,
109,Hazem19792019_1103.jpg,منتج Hazem19792019_1103,أخرى,cf0923060067c6ff,
110,Hazem19792019_1104.jpg,منتج Hazem19792019_1104,أخرى,00fcffe772780000,
111,Hazem19792019_1105.jpg,منتج Hazem19792019_1105,أخرى,00000013a5e1ffff,
112,Hazem19792019_1106.jpg,منتج Hazem19792019_1106,أخرى,fefefefefebc0000,
113,Hazem19792019_1107.jpg,منتج Hazem19792019_1107,أخرى,ff8026060600ffff,
114,Hazem19792019_1108.jpg,منتج Hazem19792019_1108,أخرى,fc7f7f233b023010,
115,Hazem19792019_1109.jpg,منتج Hazem19792019_1109,أخرى,00ffffe7737b2000,
116,Hazem19792019_1110.jpg,منتج Hazem19792019_1110,أخرى,7f7f4306260481e9,
117,Hazem19792019_1111.jpg,منتج Hazem19792019_1111,أخرى,e0e0e18088c8c0fd,
118,Hazem19792019_1112.jpg,منتج Hazem19792019_1112,أخرى,617b1f0b38180130,
119,Hazem19792019_1113.jpg,منتج Hazem19792019_1113,أخرى,3a2aefaa00f820c8,
120,Hazem19792019_1114.jpg,منتج Hazem19792019_1114,أخرى,010f250514003fff,
121,Hazem19792019_1115.jpg,منتج Hazem19792019_1115,أخرى,808189cdcdc0447f,
122,Hazem19792019_1116.jpg,منتج Hazem19792019_1116,أخرى,010301090901ffff,
123,Hazem19792019_1117.jpg,منتج Hazem19792019_1117,أخرى,fe00000000feff00,
124,Hazem19792019_1118.jpg,منتج Hazem19792019_1118,أخرى,cf3c7c6c0c088080,
125,Hazem19792019_1119.jpg,منتج Hazem19792019_1119,أخرى,fe3012181002ffa0,
126,Hazem19792019_1120.jpg,منتج Hazem19792019_1120,أخرى,7feffbffff000000,
127,Hazem19792019_1121.jpg,منتج Hazem19792019_1121,أخرى,ffffff9bff000000,
128,Hazem19792019_1122.jpg,منتج Hazem19792019_1122,أخرى,003e6e6e0c2480ff,
129,Hazem19792019_1123.jpg,منتج Hazem19792019_1123,أخرى,b49ffeb4b0000000,
130,Hazem19792019_1124.jpg,منتج Hazem19792019_1124,أخرى,7e7f07010000617f,
131,Hazem19792019_1125.jpg,منتج Hazem19792019_1125,أخرى,fefefcfcbcb47c00,
132,Hazem19792019_1126.jpg,منتج Hazem19792019_1126,أخرى,c1c0f27e3e7f8000,
133,Hazem19792019_1127.jpg,منتج Hazem19792019_1127,أخرى,8fdc03637b312501,
134,Hazem19792019_1128.jpg,منتج Hazem19792019_1128,أخرى,00000dffffff587f,
135,Hazem19792019_1129.jpg,منتج Hazem19792019_1129,أخرى,000000f7ff110797,
136,Hazem19792019_113.jpg,منتج Hazem19792019_113,أخرى,030bcec8002676f0,
137,Hazem19792019_1130.jpg,منتج Hazem19792019_1130,أخرى,014f0def67650703,
138,Hazem19792019_1131.jpg,منتج Hazem19792019_1131,أخرى,a733110101111183,
139,Hazem19792019_1132.jpg,منتج Hazem19792019_1132,أخرى,0686046e6e050707,
140,Hazem19792019_1133.jpg,منتج Hazem19792019_1133,أخرى,ff7f391110003e3e,
141,Hazem19792019_1134.jpg,منتج Hazem19792019_1134,أخرى,c7c1004464648eff,
142,Hazem19792019_1135.jpg,منتج Hazem19792019_1135,أخرى,c3c3030703030303,
143,Hazem19792019_1136.jpg,منتج Hazem19792019_1136,أخرى,000046a7a4ff87e7,
144,Hazem19792019_1137.jpg,منتج Hazem19792019_1137,أخرى,dffffb928228a180,
145,Hazem19792019_1138.jpg,منتج Hazem19792019_1138,أخرى,fd008786d0d8fec0,
146,Hazem19792019_1139.jpg,منتج Hazem19792019_1139,أخرى,ff838183ff818181,
147,Hazem19792019_114.jpg,منتج Hazem19792019_114,أخرى,033f3f3f5f4d4103,
148,Hazem19792019_1140.jpg,منتج Hazem19792019_1140,أخرى,00161b1f8f801efe,
149,Hazem19792019_1141.jpg,منتج Hazem19792019_1141,أخرى,3f061c0e033f3f1d,
150,Hazem19792019_1142.jpg,منتج Hazem19792019_1142,أخرى,10fefc7c3e2f9981,
151,Hazem19792019_1143.jpg,منتج Hazem19792019_1143,أخرى,fcccf4fcfce4f480,
152,Hazem19792019_1144.jpg,منتج Hazem19792019_1144,أخرى,7f1f0c76037f7f67,يوجد صور متطابقة/متشابهة بصرياً
153,Hazem19792019_1145.jpg,منتج Hazem19792019_1145,أخرى,006e7e7e9e9e06be,
154,Hazem19792019_1146.jpg,منتج Hazem19792019_1146,أخرى,03ff257ffc408080,
155,Hazem19792019_1147.jpg,منتج Hazem19792019_1147,أخرى,20f0ffff8f009880,
156,Hazem19792019_1148.jpg,منتج Hazem19792019_1148,أخرى,0086fff7df471e1e,
157,Hazem19792019_1149.jpg,منتج Hazem19792019_1149,أخرى,00000b0b2d81c1e1,
158,Hazem19792019_1150.jpg,منتج Hazem19792019_1150,أخرى,ffa3a3ff0b0b0d01,
159,Hazem19792019_1151.jpg,منتج Hazem19792019_1151,أخرى,709e1cff1f1d1f00,
160,Hazem19792019_1152.jpg,منتج Hazem19792019_1152,أخرى,ff7f04ff7fb40001,
161,Hazem19792019_1153.jpg,منتج Hazem19792019_1153,أخرى,0f0c44eee6e7a7a7,
162,Hazem19792019_1154.jpg,منتج Hazem19792019_1154,أخرى,033f3e3e3e3e7e00,
163,Hazem19792019_1155.jpg,منتج Hazem19792019_1155,أخرى,ffe7c7c7c7c7c67e,
164,Hazem19792019_1156.jpg,منتج Hazem19792019_1156,أخرى,031f1f4c6c448cfe,
165,Hazem19792019_1157.jpg,منتج Hazem19792019_1157,أخرى,38383818387cffff,
166,Hazem19792019_1158.jpg,منتج Hazem19792019_1158,أخرى,ffff77773f0f0300,
167,Hazem19792019_1159.jpg,منتج Hazem19792019_1159,أخرى,8086ffff03ff0400,
168,Hazem19792019_116.jpg,منتج Hazem19792019_116,أخرى,f8d800000000aaff,
169,Hazem19792019_1160.jpg,منتج Hazem19792019_1160,أخرى,023ef2e3fb003f00,
170,Hazem19792019_1161.jpg,منتج Hazem19792019_1161,أخرى,c06d6cc393a64e0e,
171,Hazem19792019_1162.jpg,منتج Hazem19792019_1162,أخرى,dac2f3b199808131,
172,Hazem19792019_1163.jpg,منتج Hazem19792019_1163,أخرى,007e7e6a7fdf8000,
173,Hazem19792019_1164.jpg,منتج Hazem19792019_1164,أخرى,39016d4f0d450383,
174,Hazem19792019_1165.jpg,منتج Hazem19792019_1165,أخرى,c7c3c9d1d2c3c04c,
175,Hazem19792019_1166.jpg,منتج Hazem19792019_1166,أخرى,ffefa033a3aa0000,
176,Hazem19792019_1167.jpg,منتج Hazem19792019_1167,أخرى,ff858f04003c18e7,
177,Hazem19792019_1168.jpg,منتج Hazem19792019_1168,أخرى,3e3fdfcfc5000001,
178,Hazem19792019_1169.jpg,منتج Hazem19792019_1169,أخرى,fcfcbfb200000080,
179,Hazem19792019_1170.jpg,منتج Hazem19792019_1170,أخرى,707e3e3e3e7e3c18,يوجد صور متطابقة/متشابهة بصرياً
180,Hazem19792019_1171.jpg,منتج Hazem19792019_1171,أخرى,f0f9c5cfcfff0f00,يوجد صور متطابقة/متشابهة بصرياً
181,Hazem19792019_1172.jpg,منتج Hazem19792019_1172,أخرى,fcf8e0f0f8f0e0b8,يوجد صور متطابقة/متشابهة بصرياً
182,Hazem19792019_1173.jpg,منتج Hazem19792019_1173,أخرى,7e7c7c267e3c2000,
183,Hazem19792019_1174.jpg,منتج Hazem19792019_1174,أخرى,9f998889898d8999,يوجد صور متطابقة/متشابهة بصرياً
184,Hazem19792019_1175.jpg,منتج Hazem19792019_1175,أخرى,c49c1e4ecf8fcf9f,
185,Hazem19792019_1176.jpg,منتج Hazem19792019_1176,أخرى,7e7e7070787a3e30,
186,Hazem19792019_1177.jpg,منتج Hazem19792019_1177,أخرى,ffdf818189c100ff,
187,Hazem19792019_1178.jpg,منتج Hazem19792019_1178,أخرى,ffff8783c0c00000,يوجد صور متطابقة/متشابهة بصرياً
188,Hazem19792019_1179.jpg,منتج Hazem19792019_1179,أخرى,9bf1e1e0e8f8f8f0,يوجد صور متطابقة/متشابهة بصرياً
189,Hazem19792019_118.jpg,منتج Hazem19792019_118,أخرى,78c0ffe0fffe740c,
190,Hazem19792019_1180.jpg,منتج Hazem19792019_1180,أخرى,040589a9797d7d64,
191,Hazem19792019_1181.jpg,منتج Hazem19792019_1181,أخرى,f0f9c5cfcfff0f00,يوجد صور متطابقة/متشابهة بصرياً
192,Hazem19792019_1182.jpg,منتج Hazem19792019_1182,أخرى,9f998889898d8999,يوجد صور متطابقة/متشابهة بصرياً
193,Hazem19792019_1183.jpg,منتج Hazem19792019_1183,أخرى,707e3e3e3e7e3c18,يوجد صور متطابقة/متشابهة بصرياً
194,Hazem19792019_1184.jpg,منتج Hazem19792019_1184,أخرى,000030323b7f3e38,
195,Hazem19792019_1185.jpg,منتج Hazem19792019_1185,أخرى,ffff7b6367424020,
196,Hazem19792019_1186.jpg,منتج Hazem19792019_1186,أخرى,fffbc3070f0f0100,يوجد صور متطابقة/متشابهة بصرياً
197,Hazem19792019_1187.jpg,منتج Hazem19792019_1187,أخرى,0f0ff8b8f8e8f0f8,
198,Hazem19792019_1188.jpg,منتج Hazem19792019_1188,أخرى,0303f70f77810101,
199,Hazem19792019_1189.jpg,منتج Hazem19792019_1189,أخرى,613f367f80c0c081,
200,Hazem19792019_1190.jpg,منتج Hazem19792019_1190,أخرى,cc01ffc707670100,
201,Hazem19792019_1191.jpg,منتج Hazem19792019_1191,أخرى,2237fee36f010000,
202,Hazem19792019_1192.jpg,منتج Hazem19792019_1192,أخرى,017ff701f7f10000,
203,Hazem19792019_1193.jpg,منتج Hazem19792019_1193,أخرى,82c69785041503ff,
204,Hazem19792019_1194.jpg,منتج Hazem19792019_1194,أخرى,c0ffe3e7ffe76700,
205,Hazem19792019_1195.jpg,منتج Hazem19792019_1195,أخرى,80ff000100ff6909,
206,Hazem19792019_1196.jpg,منتج Hazem19792019_1196,أخرى,2c3d2d233f1f30fa,
207,Hazem19792019_1197.jpg,منتج Hazem19792019_1197,أخرى,08fac23e04047e3f,
208,Hazem19792019_1198.jpg,منتج Hazem19792019_1198,أخرى,01307f7f7f7cf0f0,
209,Hazem19792019_1199.jpg,منتج Hazem19792019_1199,أخرى,0044dedfdfc8f89f,
210,Hazem19792019_12.jpg,منتج Hazem19792019_12,أخرى,3c27a6fe12f3b6b6,
211,Hazem19792019_120.jpg,منتج Hazem19792019_120,أخرى,f0f0d007be1e10f0,
212,Hazem19792019_1200.jpg,منتج Hazem19792019_1200,أخرى,00fef83834fefcd0,
213,Hazem19792019_1201.jpg,منتج Hazem19792019_1201,أخرى,8e870021231fff6f,
214,Hazem19792019_1202.jpg,منتج Hazem19792019_1202,أخرى,0086c6ce8f9fe727,
215,Hazem19792019_1203.jpg,منتج Hazem19792019_1203,أخرى,0103131357470d3c,
216,Hazem19792019_1204.jpg,منتج Hazem19792019_1204,أخرى,0303797969effe9c,
217,Hazem19792019_1205.jpg,منتج Hazem19792019_1205,أخرى,003c7c7c642c7f7f,
218,Hazem19792019_1206.jpg,منتج Hazem19792019_1206,أخرى,800386931000ffff,
219,Hazem19792019_1207.jpg,منتج Hazem19792019_1207,أخرى,00003cf0e1ffdf0f,
220,Hazem19792019_1208.jpg,منتج Hazem19792019_1208,أخرى,83e7185fc780d2fe,
221,Hazem19792019_1209.jpg,منتج Hazem19792019_1209,أخرى,7f73fffe5a047c00,
222,Hazem19792019_1210.jpg,منتج Hazem19792019_1210,أخرى,60fadbdbdbbb0040,
223,Hazem19792019_1211.jpg,منتج Hazem19792019_1211,أخرى,003f3fbfffff0000,
224,Hazem19792019_1212.jpg,منتج Hazem19792019_1212,أخرى,fefefbebffbf0000,
225,Hazem19792019_1213.jpg,منتج Hazem19792019_1213,أخرى,d9bfe3b139110101,
226,Hazem19792019_1214.jpg,منتج Hazem19792019_1214,أخرى,fcfe8880bef2b006,
227,Hazem19792019_1215.jpg,منتج Hazem19792019_1215,أخرى,f1f1f0f0f0f8fc80,
228,Hazem19792019_1216.jpg,منتج Hazem19792019_1216,أخرى,00030fffdf0f7f00,
229,Hazem19792019_1217.jpg,منتج Hazem19792019_1217,أخرى,fc27fffea71b01c0,
230,Hazem19792019_1218.jpg,منتج Hazem19792019_1218,أخرى,000000009bffffff,
231,Hazem19792019_1219.jpg,منتج Hazem19792019_1219,أخرى,00000023b2c0ffff,
232,Hazem19792019_122.jpg,منتج Hazem19792019_122,أخرى,7fff7f7b73333f00,
233,Hazem19792019_1220.jpg,منتج Hazem19792019_1220,أخرى,4602006464a5edfd,
234,Hazem19792019_1221.jpg,منتج Hazem19792019_1221,أخرى,b90001070f073ffe,
235,Hazem19792019_1222.jpg,منتج Hazem19792019_1222,أخرى,00000e6ece2e2f01,
236,Hazem19792019_1223.jpg,منتج Hazem19792019_1223,أخرى,134303131b9a3faf,
237,Hazem19792019_1224.jpg,منتج Hazem19792019_1224,أخرى,e060e4ece0e0f9ff,
238,Hazem19792019_1225.jpg,منتج Hazem19792019_1225,أخرى,3c002030a383ffff,
239,Hazem19792019_1226.jpg,منتج Hazem19792019_1226,أخرى,010119191d9bbfff,
240,Hazem19792019_1227.jpg,منتج Hazem19792019_1227,أخرى,0f0f070e0e2686f2,
241,Hazem19792019_1228.jpg,منتج Hazem19792019_1228,أخرى,5e7c0c6e4e247667,
242,Hazem19792019_1229.jpg,منتج Hazem19792019_1229,أخرى,1f04031b19abe7c7,
243,Hazem19792019_1230.jpg,منتج Hazem19792019_1230,أخرى,c301002f4f45433f,
244,Hazem19792019_1231.jpg,منتج Hazem19792019_1231,أخرى,1e80006eef072f6e,
245,Hazem19792019_1232.jpg,منتج Hazem19792019_1232,أخرى,c3030000060efffd,
246,Hazem19792019_1233.jpg,منتج Hazem19792019_1233,أخرى,ce6cfe4e7e7e0000,
247,Hazem19792019_1234.jpg,منتج Hazem19792019_1234,أخرى,9bd97c6c0c8080c0,
248,Hazem19792019_1235.jpg,منتج Hazem19792019_1235,أخرى,ff4000022200ff00,
249,Hazem19792019_1236.jpg,منتج Hazem19792019_1236,أخرى,c0b787c68c848007,
250,Hazem19792019_1237.jpg,منتج Hazem19792019_1237,أخرى,463e6e6e040007c1,
251,Hazem19792019_1238.jpg,منتج Hazem19792019_1238,أخرى,ff0004260600fffc,
252,Hazem19792019_1239.jpg,منتج Hazem19792019_1239,أخرى,7f6f6f2733107a06,
253,Hazem19792019_1240.jpg,منتج Hazem19792019_1240,أخرى,fe0101301000fffd,
254,Hazem19792019_1241.jpg,منتج Hazem19792019_1241,أخرى,fe002a080000ffff,
255,Hazem19792019_1242.jpg,منتج Hazem19792019_1242,أخرى,e76d0d6d040006e0,
256,Hazem19792019_1243.jpg,منتج Hazem19792019_1243,أخرى,dfcffec0c0008087,
257,Hazem19792019_1244.jpg,منتج Hazem19792019_1244,أخرى,cbefa48ca42004ff,
258,Hazem19792019_1245.jpg,منتج Hazem19792019_1245,أخرى,dfff7f06260000e0,
259,Hazem19792019_1246.jpg,منتج Hazem19792019_1246,أخرى,ffff7f4c0c000318,
260,Hazem19792019_1247.jpg,منتج Hazem19792019_1247,أخرى,ddc08cbea680f190,
261,Hazem19792019_1248.jpg,منتج Hazem19792019_1248,أخرى,f7c77f6b0003ff00,
262,Hazem19792019_1249.jpg,منتج Hazem19792019_1249,أخرى,fefef672b89c0003,
263,Hazem19792019_125.jpg,منتج Hazem19792019_125,أخرى,000031333776cbc7,
264,Hazem19792019_1250.jpg,منتج Hazem19792019_1250,أخرى,0101035b0bef00c0,
265,Hazem19792019_1251.jpg,منتج Hazem19792019_1251,أخرى,000014d65e6777ff,
266,Hazem19792019_1252.jpg,منتج Hazem19792019_1252,أخرى,41fefffe14060000,
267,Hazem19792019_1253.jpg,منتج Hazem19792019_1253,أخرى,c280f61c7ec24200,
268,Hazem19792019_1254.jpg,منتج Hazem19792019_1254,أخرى,000000b3b7f5ff77,
269,Hazem19792019_1255.jpg,منتج Hazem19792019_1255,أخرى,10103efee6f65800,
270,Hazem19792019_1256.jpg,منتج Hazem19792019_1256,أخرى,ffffff0004001f9f,
271,Hazem19792019_1257.jpg,منتج Hazem19792019_1257,أخرى,66feda7e7e0037b6,
272,Hazem19792019_1258.jpg,منتج Hazem19792019_1258,أخرى,7f01226ecc8083c3,
273,Hazem19792019_1259.jpg,منتج Hazem19792019_1259,أخرى,ffff0ba90930c0c0,
274,Hazem19792019_126.jpg,منتج Hazem19792019_126,أخرى,070303131bdbb071,
275,Hazem19792019_1260.jpg,منتج Hazem19792019_1260,أخرى,ffc306060800dcfc,
276,Hazem19792019_1261.jpg,منتج Hazem19792019_1261,أخرى,fcecef660060ef80,
277,Hazem19792019_1262.jpg,منتج Hazem19792019_1262,أخرى,7c007f7f00009c18,
278,Hazem19792019_1263.jpg,منتج Hazem19792019_1263,أخرى,80bc98cce4f47cfc,
279,Hazem19792019_1264.jpg,منتج Hazem19792019_1264,أخرى,fc7e7e4767120f00,
280,Hazem19792019_1265.jpg,منتج Hazem19792019_1265,أخرى,093d7f7e3e3e3ec8,
281,Hazem19792019_1266.jpg,منتج Hazem19792019_1266,أخرى,750d2d8d8181c1d7,
282,Hazem19792019_1267.jpg,منتج Hazem19792019_1267,أخرى,80ffdd0707677d3f,
283,Hazem19792019_1268.jpg,منتج Hazem19792019_1268,أخرى,c3ce4c0cf0f4f0f8,
284,Hazem19792019_1269.jpg,منتج Hazem19792019_1269,أخرى,0c54373c398f37b9,
285,Hazem19792019_1270.jpg,منتج Hazem19792019_1270,أخرى,fe5e5c1e2f0495c7,
286,Hazem19792019_1271.jpg,منتج Hazem19792019_1271,أخرى,7c5c4e262c3c3e1c,
287,Hazem19792019_1272.jpg,منتج Hazem19792019_1272,أخرى,01795965a1b1db5b,
288,Hazem19792019_1273.jpg,منتج Hazem19792019_1273,أخرى,091d241dbd1d0d9f,
289,Hazem19792019_1274.jpg,منتج Hazem19792019_1274,أخرى,7c1d1d0d9d8d8ded,
290,Hazem19792019_1275.jpg,منتج Hazem19792019_1275,أخرى,3e3ebe16868696de,
291,Hazem19792019_1276.jpg,منتج Hazem19792019_1276,أخرى,038393d3c3c343ef,
292,Hazem19792019_1277.jpg,منتج Hazem19792019_1277,أخرى,713f4d67273b1319,
293,Hazem19792019_1278.jpg,منتج Hazem19792019_1278,أخرى,187efce86c3d3d1c,
294,Hazem19792019_1279.jpg,منتج Hazem19792019_1279,أخرى,7e7e2c3cacbc9e00,
295,Hazem19792019_128.jpg,منتج Hazem19792019_128,أخرى,f0003052000040ff,
296,Hazem19792019_1280.jpg,منتج Hazem19792019_1280,أخرى,4ec450109180ffc7,
297,Hazem19792019_1281.jpg,منتج Hazem19792019_1281,أخرى,1b399d9f9f80001e,
298,Hazem19792019_1282.jpg,منتج Hazem19792019_1282,أخرى,bdfcfdbb90888081,
299,Hazem19792019_1283.jpg,منتج Hazem19792019_1283,أخرى,3f38983ffc000237,
300,Hazem19792019_1284.jpg,منتج Hazem19792019_1284,أخرى,80a08bbbf2f098ff,
301,Hazem19792019_1285.jpg,منتج Hazem19792019_1285,أخرى,83ff7e7efc060000,
302,Hazem19792019_1286.jpg,منتج Hazem19792019_1286,أخرى,987c00e00f0c3f3f,
303,Hazem19792019_1287.jpg,منتج Hazem19792019_1287,أخرى,1c5c6c6c6c6c7e7c,
304,Hazem19792019_1288.jpg,منتج Hazem19792019_1288,أخرى,c7c7838383c3c181,
305,Hazem19792019_1289.jpg,منتج Hazem19792019_1289,أخرى,f3e7e7e7ed04066e,
306,Hazem19792019_1290.jpg,منتج Hazem19792019_1290,أخرى,3f3f3f270f1d1910,
307,Hazem19792019_1291.jpg,منتج Hazem19792019_1291,أخرى,7ffcfce46c40407e,
308,Hazem19792019_1292.jpg,منتج Hazem19792019_1292,أخرى,cf97171616670303,
309,Hazem19792019_1293.jpg,منتج Hazem19792019_1293,أخرى,3e3e7e2667fdc203,
310,Hazem19792019_1294.jpg,منتج Hazem19792019_1294,أخرى,ff9cbfee26368000,
311,Hazem19792019_1295.jpg,منتج Hazem19792019_1295,أخرى,bf007f7f430000e0,
312,Hazem19792019_1296.jpg,منتج Hazem19792019_1296,أخرى,0101f1fd27fc000f,
313,Hazem19792019_1297.jpg,منتج Hazem19792019_1297,أخرى,81157dc1014927e7,
314,Hazem19792019_1298.jpg,منتج Hazem19792019_1298,أخرى,7c7ee7f7fefe0040,
315,Hazem19792019_1299.jpg,منتج Hazem19792019_1299,أخرى,04fcfcf85f777828,
316,Hazem19792019_130.jpg,منتج Hazem19792019_130,أخرى,006efebcbcbc1ce8,
317,Hazem19792019_1300.jpg,منتج Hazem19792019_1300,أخرى,ff0000fefef47c70,
318,Hazem19792019_1301.jpg,منتج Hazem19792019_1301,أخرى,ffffd780f0c1c000,
319,Hazem19792019_1302.jpg,منتج Hazem19792019_1302,أخرى,0721010107f7bbbf,
320,Hazem19792019_1303.jpg,منتج Hazem19792019_1303,أخرى,ffffe3c1c181839f,
321,Hazem19792019_1304.jpg,منتج Hazem19792019_1304,أخرى,7f8f8d8989c98bbf,
322,Hazem19792019_1305.jpg,منتج Hazem19792019_1305,أخرى,f0f0fcfefc04637c,
323,Hazem19792019_1306.jpg,منتج Hazem19792019_1306,أخرى,fd8185c5e5c5e5e5,
324,Hazem19792019_1307.jpg,منتج Hazem19792019_1307,أخرى,ffe1898989998181,
325,Hazem19792019_1308.jpg,منتج Hazem19792019_1308,أخرى,ff8f0b13a3e7ffff,
326,Hazem19792019_1309.jpg,منتج Hazem19792019_1309,أخرى,ffff8f818181e1fb,
327,Hazem19792019_1310.jpg,منتج Hazem19792019_1310,أخرى,fbfbfbe3c3c3237f,
328,Hazem19792019_1311.jpg,منتج Hazem19792019_1311,أخرى,c381838381c3ffff,
329,Hazem19792019_1312.jpg,منتج Hazem19792019_1312,أخرى,f9f8a8f1f0f0f9ff,
330,Hazem19792019_1313.jpg,منتج Hazem19792019_1313,أخرى,f7878787b9edcdff,
331,Hazem19792019_1314.jpg,منتج Hazem19792019_1314,أخرى,c07c3fbf9e0f3f00,
332,Hazem19792019_1315.jpg,منتج Hazem19792019_1315,أخرى,6d787d78783838ed,
333,Hazem19792019_1316.jpg,منتج Hazem19792019_1316,أخرى,bf008181c1e7839f,
334,Hazem19792019_1317.jpg,منتج Hazem19792019_1317,أخرى,3636f4840cecfcf8,
335,Hazem19792019_1318.jpg,منتج Hazem19792019_1318,أخرى,ff116161614111ff,
336,Hazem19792019_1319.jpg,منتج Hazem19792019_1319,أخرى,ffe400f8f8f8f8b8,
337,Hazem19792019_132.jpg,منتج Hazem19792019_132,أخرى,3688828ebe3e3e3c,يوجد صور متطابقة/متشابهة بصرياً
338,Hazem19792019_1320.jpg,منتج Hazem19792019_1320,أخرى,01057ff78181ffdf,
339,Hazem19792019_1321.jpg,منتج Hazem19792019_1321,أخرى,ff898181c1e1f9ff,يوجد صور متطابقة/متشابهة بصرياً
340,Hazem19792019_1322.jpg,منتج Hazem19792019_1322,أخرى,ffff3c1232f0e9ff,
341,Hazem19792019_1323.jpg,منتج Hazem19792019_1323,أخرى,f0c0c1c4ff6d089f,
342,Hazem19792019_1324.jpg,منتج Hazem19792019_1324,أخرى,f0f0f2f8f8e1e107,يوجد صور متطابقة/متشابهة بصرياً
343,Hazem19792019_1325.jpg,منتج Hazem19792019_1325,أخرى,f9d999f8ea1f1793,يوجد صور متطابقة/متشابهة بصرياً
344,Hazem19792019_1326.jpg,منتج Hazem19792019_1326,أخرى,ffff47c5e99999f9,
345,Hazem19792019_1327.jpg,منتج Hazem19792019_1327,أخرى,b2f2e5850f1b038f,
346,Hazem19792019_1328.jpg,منتج Hazem19792019_1328,أخرى,fffb81810703f9ff,
347,Hazem19792019_1329.jpg,منتج Hazem19792019_1329,أخرى,0f0f0f091ffff9ff,
348,Hazem19792019_1330.jpg,منتج Hazem19792019_1330,أخرى,ff1f132303537bdf,
349,Hazem19792019_1331.jpg,منتج Hazem19792019_1331,أخرى,3f390f67e381f93e,
350,Hazem19792019_1332.jpg,منتج Hazem19792019_1332,أخرى,c7c3c3c3f3c3c7ff,
351,Hazem19792019_1333.jpg,منتج Hazem19792019_1333,أخرى,fff070f0f0c0f0f9,
352,Hazem19792019_1334.jpg,منتج Hazem19792019_1334,أخرى,ffc3c3e389a1c006,
353,Hazem19792019_1335.jpg,منتج Hazem19792019_1335,أخرى,cfc1e129cbb39fcf,يوجد صور متطابقة/متشابهة بصرياً
354,Hazem19792019_1336.jpg,منتج Hazem19792019_1336,أخرى,e3c3c3c3c3c3c3ef,
355,Hazem19792019_1337.jpg,منتج Hazem19792019_1337,أخرى,87838383879f89e1,
356,Hazem19792019_1338.jpg,منتج Hazem19792019_1338,أخرى,f3f101c9e1e04101,
357,Hazem19792019_1339.jpg,منتج Hazem19792019_1339,أخرى,ffc180850183c3f7,
358,Hazem19792019_134.jpg,منتج Hazem19792019_134,أخرى,7f006e3c7ce00302,
359,Hazem19792019_1340.jpg,منتج Hazem19792019_1340,أخرى,07ecf8f93b31a0a9,
360,Hazem19792019_1341.jpg,منتج Hazem19792019_1341,أخرى,ca8c0ca8b2badcfd,
361,Hazem19792019_1342.jpg,منتج Hazem19792019_1342,أخرى,7ce32103231f8dc1,يوجد صور متطابقة/متشابهة بصرياً
362,Hazem19792019_1343.jpg,منتج Hazem19792019_1343,أخرى,1713092d078181ff,
363,Hazem19792019_1344.jpg,منتج Hazem19792019_1344,أخرى,ffff10f0d0c03fff,
364,Hazem19792019_1345.jpg,منتج Hazem19792019_1345,أخرى,2078ff7e180f0f7f,يوجد صور متطابقة/متشابهة بصرياً
365,Hazem19792019_1346.jpg,منتج Hazem19792019_1346,أخرى,ffff800380e0ffff,
366,Hazem19792019_1347.jpg,منتج Hazem19792019_1347,أخرى,c0fffb3f3f12b0fe,
367,Hazem19792019_1348.jpg,منتج Hazem19792019_1348,أخرى,fff101012101ffff,
368,Hazem19792019_1349.jpg,منتج Hazem19792019_1349,أخرى,ffdf698081c1c3e7,
369,Hazem19792019_1350.jpg,منتج Hazem19792019_1350,أخرى,c0c0c0c0c3fffdff,
370,Hazem19792019_1351.jpg,منتج Hazem19792019_1351,أخرى,0004404183d1e1ff,
371,Hazem19792019_1352.jpg,منتج Hazem19792019_1352,أخرى,ffde80001018ffff,
372,Hazem19792019_1353.jpg,منتج Hazem19792019_1353,أخرى,8f0f1f171d1d3769,يوجد صور متطابقة/متشابهة بصرياً
373,Hazem19792019_1354.jpg,منتج Hazem19792019_1354,أخرى,ff87838381809fff,
374,Hazem19792019_1355.jpg,منتج Hazem19792019_1355,أخرى,0460f4fef0f07280,
375,Hazem19792019_1356.jpg,منتج Hazem19792019_1356,أخرى,878381818103cbff,
376,Hazem19792019_1357.jpg,منتج Hazem19792019_1357,أخرى,c383030383b7ffff,
377,Hazem19792019_1358.jpg,منتج Hazem19792019_1358,أخرى,c0c0c0c1f1fbfcfe,
378,Hazem19792019_1359.jpg,منتج Hazem19792019_1359,أخرى,fffa0660f1f130f0,
379,Hazem19792019_136.jpg,منتج Hazem19792019_136,أخرى,7c007f3f0f4e1c00,
380,Hazem19792019_1360.jpg,منتج Hazem19792019_1360,أخرى,78ff1e7f7f7f0000,
381,Hazem19792019_1361.jpg,منتج Hazem19792019_1361,أخرى,ffc381818181f1ff,
382,Hazem19792019_1362.jpg,منتج Hazem19792019_1362,أخرى,07071f061f1e063e,
383,Hazem19792019_1363.jpg,منتج Hazem19792019_1363,أخرى,ffcfc7c3818383c7,
384,Hazem19792019_1364.jpg,منتج Hazem19792019_1364,أخرى,87838183818383ff,
385,Hazem19792019_1365.jpg,منتج Hazem19792019_1365,أخرى,f1e1a100418df1fc,
386,Hazem19792019_1366.jpg,منتج Hazem19792019_1366,أخرى,ffe1c1d98180f8ff,
387,Hazem19792019_1367.jpg,منتج Hazem19792019_1367,أخرى,ffff1f000000ffff,
388,Hazem19792019_1368.jpg,منتج Hazem19792019_1368,أخرى,81e1e1f1f1ede7e1,
389,Hazem19792019_1369.jpg,منتج Hazem19792019_1369,أخرى,fff10101a9fff9ff,
390,Hazem19792019_1370.jpg,منتج Hazem19792019_1370,أخرى,dfcfc100c080a0e0,
391,Hazem19792019_1371.jpg,منتج Hazem19792019_1371,أخرى,dde9cf8cb0c18fff,
392,Hazem19792019_1372.jpg,منتج Hazem19792019_1372,أخرى,c0bba63ebeff2600,
393,Hazem19792019_1373.jpg,منتج Hazem19792019_1373,أخرى,808086c684a480ff,
394,Hazem19792019_1374.jpg,منتج Hazem19792019_1374,أخرى,3f3f773f373b093f,
395,Hazem19792019_1375.jpg,منتج Hazem19792019_1375,أخرى,fff0d4d0a0e98fbf,
396,Hazem19792019_1376.jpg,منتج Hazem19792019_1376,أخرى,fff1f1f1f0f0f1f1,
397,Hazem19792019_1377.jpg,منتج Hazem19792019_1377,أخرى,386c4e16525e7f00,
398,Hazem19792019_1378.jpg,منتج Hazem19792019_1378,أخرى,0f0703830f0ffd0e,
399,Hazem19792019_1379.jpg,منتج Hazem19792019_1379,أخرى,fff1c181c1e1e1fd,
400,Hazem19792019_138.jpg,منتج Hazem19792019_138,أخرى,fba3bbfee0808020,
401,Hazem19792019_1380.jpg,منتج Hazem19792019_1380,أخرى,a1ededede9e3c18f,
402,Hazem19792019_1381.jpg,منتج Hazem19792019_1381,أخرى,0707b787878181ff,
403,Hazem19792019_1382.jpg,منتج Hazem19792019_1382,أخرى,fff090d07090f0f0,
404,Hazem19792019_1383.jpg,منتج Hazem19792019_1383,أخرى,bfe0fcfc2404c0ff,
405,Hazem19792019_1384.jpg,منتج Hazem19792019_1384,أخرى,8f898f0d210300ff,
406,Hazem19792019_1385.jpg,منتج Hazem19792019_1385,أخرى,e79b9b9b8b9880e0,
407,Hazem19792019_1386.jpg,منتج Hazem19792019_1386,أخرى,830387c7e3c785ff,
408,Hazem19792019_1387.jpg,منتج Hazem19792019_1387,أخرى,8786878585858dfd,
409,Hazem19792019_1388.jpg,منتج Hazem19792019_1388,أخرى,003e7e2226120000,
410,Hazem19792019_1389.jpg,منتج Hazem19792019_1389,أخرى,003e78406e6e6800,
411,Hazem19792019_1390.jpg,منتج Hazem19792019_1390,أخرى,f8f8f0f080f8fcfc,
412,Hazem19792019_1391.jpg,منتج Hazem19792019_1391,أخرى,0810fcfce6b2f0fc,
413,Hazem19792019_1392.jpg,منتج Hazem19792019_1392,أخرى,ffc3030300037fff,
414,Hazem19792019_1393.jpg,منتج Hazem19792019_1393,أخرى,ffff2f0f0e0f0f0f,
415,Hazem19792019_1394.jpg,منتج Hazem19792019_1394,أخرى,2000008080fefefe,
416,Hazem19792019_1395.jpg,منتج Hazem19792019_1395,أخرى,7e7e7efc9cd0dcfc,
417,Hazem19792019_1396.jpg,منتج Hazem19792019_1396,أخرى,879785818387e7ef,
418,Hazem19792019_1397.jpg,منتج Hazem19792019_1397,أخرى,ec2c3f2c2c3f2dfe,
419,Hazem19792019_1398.jpg,منتج Hazem19792019_1398,أخرى,0ee0f0f7cffee000,يوجد صور متطابقة/متشابهة بصرياً
420,Hazem19792019_1399.jpg,منتج Hazem19792019_1399,أخرى,f3e1e1e1f3f3f3f3,
421,Hazem19792019_14.jpg,منتج Hazem19792019_14,أخرى,fbffffd714108000,
422,Hazem19792019_140.jpg,منتج Hazem19792019_140,أخرى,0603fefec1bf0808,
423,Hazem19792019_1400.jpg,منتج Hazem19792019_1400,أخرى,7effdf3f3e133310,يوجد صور متطابقة/متشابهة بصرياً
424,Hazem19792019_1401.jpg,منتج Hazem19792019_1401,أخرى,707e3e3e3e7e3c18,يوجد صور متطابقة/متشابهة بصرياً
425,Hazem19792019_1402.jpg,منتج Hazem19792019_1402,أخرى,9adbf7ecee3f3004,
426,Hazem19792019_1403.jpg,منتج Hazem19792019_1403,أخرى,fffbc3070f0f0100,يوجد صور متطابقة/متشابهة بصرياً
427,Hazem19792019_1404.jpg,منتج Hazem19792019_1404,أخرى,ff110111317d3333,
428,Hazem19792019_1405.jpg,منتج Hazem19792019_1405,أخرى,ff000fe4e0e8f9ff,يوجد صور متطابقة/متشابهة بصرياً
429,Hazem19792019_1406.jpg,منتج Hazem19792019_1406,أخرى,30385c4c1484c0ff,يوجد صور متطابقة/متشابهة بصرياً
430,Hazem19792019_1407.jpg,منتج Hazem19792019_1407,أخرى,10068bd9bdfb3806,
431,Hazem19792019_1408.jpg,منتج Hazem19792019_1408,أخرى,07fce7e3e1e1a09f,
432,Hazem19792019_1409.jpg,منتج Hazem19792019_1409,أخرى,fffd784f01011b00,
433,Hazem19792019_1410.jpg,منتج Hazem19792019_1410,أخرى,7e7e6060727a7a3a,
434,Hazem19792019_1411.jpg,منتج Hazem19792019_1411,أخرى,ff000fe4e0e8f9ff,يوجد صور متطابقة/متشابهة بصرياً
435,Hazem19792019_1412.jpg,منتج Hazem19792019_1412,أخرى,ffff7f0406070007,يوجد صور متطابقة/متشابهة بصرياً
436,Hazem19792019_1413.jpg,منتج Hazem19792019_1413,أخرى,fe383fff70008000,
437,Hazem19792019_1414.jpg,منتج Hazem19792019_1414,أخرى,007e7b7b7f03bf8c,
438,Hazem19792019_1415.jpg,منتج Hazem19792019_1415,أخرى,787f7f3f303f0300,
439,Hazem19792019_1416.jpg,منتج Hazem19792019_1416,أخرى,9f0f0f0f0f0f0f0f,يوجد صور متطابقة/متشابهة بصرياً
440,Hazem19792019_1417.jpg,منتج Hazem19792019_1417,أخرى,ff000fe4e0e8f9ff,يوجد صور متطابقة/متشابهة بصرياً
441,Hazem19792019_1418.jpg,منتج Hazem19792019_1418,أخرى,8f0f9e8f85a6cd1c,
442,Hazem19792019_142.jpg,منتج Hazem19792019_142,أخرى,080006ffffffff00,
443,Hazem19792019_1420.jpg,منتج Hazem19792019_1420,أخرى,00bfffff9fcc0000,
444,Hazem19792019_1421.jpg,منتج Hazem19792019_1421,أخرى,0005dffe0580f8fb,
445,Hazem19792019_1422.jpg,منتج Hazem19792019_1422,أخرى,3f1f833f1f030060,
446,Hazem19792019_1423.jpg,منتج Hazem19792019_1423,أخرى,8f8f8703bf9d888d,
447,Hazem19792019_1424.jpg,منتج Hazem19792019_1424,أخرى,3f7f1b07039f1f1f,
448,Hazem19792019_1425.jpg,منتج Hazem19792019_1425,أخرى,1ffce8b8ece8b838,
449,Hazem19792019_1426.jpg,منتج Hazem19792019_1426,أخرى,ff3f7f6373050100,
450,Hazem19792019_1427.jpg,منتج Hazem19792019_1427,أخرى,ffc1c1e1e0e0fbf8,
451,Hazem19792019_1428.jpg,منتج Hazem19792019_1428,أخرى,f7ffbe9f13060c01,
452,Hazem19792019_1429.jpg,منتج Hazem19792019_1429,أخرى,7eff8287078387ff,
453,Hazem19792019_143.jpg,منتج Hazem19792019_143,أخرى,90be7adede3c0000,
454,Hazem19792019_1430.jpg,منتج Hazem19792019_1430,أخرى,800473ffafbfc6c0,
455,Hazem19792019_1431.jpg,منتج Hazem19792019_1431,أخرى,01dcccecc4ce3713,
456,Hazem19792019_1432.jpg,منتج Hazem19792019_1432,أخرى,807e7ffef7391c9c,
457,Hazem19792019_1433.jpg,منتج Hazem19792019_1433,أخرى,390141637f767602,يوجد صور متطابقة/متشابهة بصرياً
458,Hazem19792019_1434.jpg,منتج Hazem19792019_1434,أخرى,0707014d1f1f0b0b,
459,Hazem19792019_1435.jpg,منتج Hazem19792019_1435,أخرى,7e7e7e20021f3f1f,
460,Hazem19792019_1436.jpg,منتج Hazem19792019_1436,أخرى,e8f8fefefe640000,
461,Hazem19792019_1437.jpg,منتج Hazem19792019_1437,أخرى,fffff8b4e8a0b1b0,
462,Hazem19792019_1438.jpg,منتج Hazem19792019_1438,أخرى,cfc1e129cbb39fcf,يوجد صور متطابقة/متشابهة بصرياً
463,Hazem19792019_1439.jpg,منتج Hazem19792019_1439,أخرى,376f84eaffff0000,
464,Hazem19792019_144.jpg,منتج Hazem19792019_144,أخرى,00cafefefefe0000,
465,Hazem19792019_1440.jpg,منتج Hazem19792019_1440,أخرى,ff898181c1e1f9ff,يوجد صور متطابقة/متشابهة بصرياً
466,Hazem19792019_1441.jpg,منتج Hazem19792019_1441,أخرى,1c32f3f3d3fffdfd,
467,Hazem19792019_1442.jpg,منتج Hazem19792019_1442,أخرى,ffc7cfc7e73d39ff,
468,Hazem19792019_1443.jpg,منتج Hazem19792019_1443,أخرى,60dc927e7f590144,
469,Hazem19792019_1444.jpg,منتج Hazem19792019_1444,أخرى,7f01293f1535250d,
470,Hazem19792019_1445.jpg,منتج Hazem19792019_1445,أخرى,3c3f3ebf19383f20,
471,Hazem19792019_1446.jpg,منتج Hazem19792019_1446,أخرى,306c6fecffeeb003,
472,Hazem19792019_1447.jpg,منتج Hazem19792019_1447,أخرى,0105010101097fff,
473,Hazem19792019_1448.jpg,منتج Hazem19792019_1448,أخرى,fff8c87f68400080,
474,Hazem19792019_1449.jpg,منتج Hazem19792019_1449,أخرى,011919e10119ff3f,
475,Hazem19792019_145.jpg,منتج Hazem19792019_145,أخرى,00f7fefefc6c2000,
476,Hazem19792019_1450.jpg,منتج Hazem19792019_1450,أخرى,7f7f0747422ea0e0,
477,Hazem19792019_1451.jpg,منتج Hazem19792019_1451,أخرى,fc094ffefe000fc4,
478,Hazem19792019_1452.jpg,منتج Hazem19792019_1452,أخرى,fffbc1c181c1ffff,
479,Hazem19792019_1453.jpg,منتج Hazem19792019_1453,أخرى,f7ff3cf0fc000000,
480,Hazem19792019_1454.jpg,منتج Hazem19792019_1454,أخرى,ffc3c3c1c1c320ef,يوجد صور متطابقة/متشابهة بصرياً
481,Hazem19792019_1455.jpg,منتج Hazem19792019_1455,أخرى,fcecccccccccccfc,
482,Hazem19792019_1456.jpg,منتج Hazem19792019_1456,أخرى,ff8f8f9f818181ff,
483,Hazem19792019_1457.jpg,منتج Hazem19792019_1457,أخرى,00025b7a023e3e38,يوجد صور متطابقة/متشابهة بصرياً
484,Hazem19792019_1458.jpg,منتج Hazem19792019_1458,أخرى,0fc77f3ff7f70000,
485,Hazem19792019_1459.jpg,منتج Hazem19792019_1459,أخرى,7e5c7e76fe7e0e00,
486,Hazem19792019_146.jpg,منتج Hazem19792019_146,أخرى,00fffffe7e3e0400,
487,Hazem19792019_1460.jpg,منتج Hazem19792019_1460,أخرى,7cffff3e30f11000,
488,Hazem19792019_1461.jpg,منتج Hazem19792019_1461,أخرى,3f3f3f3f1e1e0a0a,
489,Hazem19792019_1462.jpg,منتج Hazem19792019_1462,أخرى,bf9fbffda9e00000,
490,Hazem19792019_1463.jpg,منتج Hazem19792019_1463,أخرى,fffffffffff30000,يوجد صور متطابقة/متشابهة بصرياً
491,Hazem19792019_1464.jpg,منتج Hazem19792019_1464,أخرى,0e0093bfff3f1cf8,
492,Hazem19792019_1465.jpg,منتج Hazem19792019_1465,أخرى,fffcc3c3c1c3e3ff,يوجد صور متطابقة/متشابهة بصرياً
493,Hazem19792019_1466.jpg,منتج Hazem19792019_1466,أخرى,00a78787a6a78700,يوجد صور متطابقة/متشابهة بصرياً
494,Hazem19792019_1467.jpg,منتج Hazem19792019_1467,أخرى,fb9b9bf3fb1b1bfb,يوجد صور متطابقة/متشابهة بصرياً
495,Hazem19792019_1468.jpg,منتج Hazem19792019_1468,أخرى,00787818fcfcf800,يوجد صور متطابقة/متشابهة بصرياً
496,Hazem19792019_1469.jpg,منتج Hazem19792019_1469,أخرى,9f0f0f0f0f0f0f0f,يوجد صور متطابقة/متشابهة بصرياً
497,Hazem19792019_147.jpg,منتج Hazem19792019_147,أخرى,007c3c383e3f7f3f,
498,Hazem19792019_1470.jpg,منتج Hazem19792019_1470,أخرى,5e0e7e7e3c3c3c00,يوجد صور متطابقة/متشابهة بصرياً
499,Hazem19792019_1471.jpg,منتج Hazem19792019_1471,أخرى,08c8fa7e7eecee00,يوجد صور متطابقة/متشابهة بصرياً
500,Hazem19792019_1472.jpg,منتج Hazem19792019_1472,أخرى,fff7ff3f9f180c00,يوجد صور متطابقة/متشابهة بصرياً
501,Hazem19792019_1473.jpg,منتج Hazem19792019_1473,أخرى,fefec0c0a2f0fc80,يوجد صور متطابقة/متشابهة بصرياً
502,Hazem19792019_1474.jpg,منتج Hazem19792019_1474,أخرى,030f6f436161617f,
503,Hazem19792019_1475.jpg,منتج Hazem19792019_1475,أخرى,7f7f7e7e3e1e1e00,يوجد صور متطابقة/متشابهة بصرياً
504,Hazem19792019_1476.jpg,منتج Hazem19792019_1476,أخرى,ffff878181f9cf81,يوجد صور متطابقة/متشابهة بصرياً
505,Hazem19792019_1477.jpg,منتج Hazem19792019_1477,أخرى,1c9c9cfedc4d0404,
506,Hazem19792019_1478.jpg,منتج Hazem19792019_1478,أخرى,e781011189f7fbff,يوجد صور متطابقة/متشابهة بصرياً
507,Hazem19792019_1479.jpg,منتج Hazem19792019_1479,أخرى,ffdf838daf870704,
508,Hazem19792019_148.jpg,منتج Hazem19792019_148,أخرى,c0f43cf4fc9ef29e,
509,Hazem19792019_1480.jpg,منتج Hazem19792019_1480,أخرى,01fdcd9fad41c900,
510,Hazem19792019_1481.jpg,منتج Hazem19792019_1481,أخرى,fcfec783c37de5a0,
511,Hazem19792019_1482.jpg,منتج Hazem19792019_1482,أخرى,786ec7477eff9b91,
512,Hazem19792019_1483.jpg,منتج Hazem19792019_1483,أخرى,1c3e020e7e7f43c3,
513,Hazem19792019_1484.jpg,منتج Hazem19792019_1484,أخرى,0010fa7e786c7fdf,
514,Hazem19792019_1485.jpg,منتج Hazem19792019_1485,أخرى,007fdefef6c4cdcd,
515,Hazem19792019_1486.jpg,منتج Hazem19792019_1486,أخرى,247e7e6666667e00,
516,Hazem19792019_1487.jpg,منتج Hazem19792019_1487,أخرى,0140ffbf8d8f4300,
517,Hazem19792019_1488.jpg,منتج Hazem19792019_1488,أخرى,fff1d0c9ef1f0009,يوجد صور متطابقة/متشابهة بصرياً
518,Hazem19792019_1489.jpg,منتج Hazem19792019_1489,أخرى,0f070f2f4f4d1d3f,يوجد صور متطابقة/متشابهة بصرياً
519,Hazem19792019_149.jpg,منتج Hazem19792019_149,أخرى,009c3cbebebe7c00,
520,Hazem19792019_1490.jpg,منتج Hazem19792019_1490,أخرى,1e1f1f0b0f1b00c0,يوجد صور متطابقة/متشابهة بصرياً
521,Hazem19792019_1491.jpg,منتج Hazem19792019_1491,أخرى,fffcf9fb01010101,يوجد صور متطابقة/متشابهة بصرياً
522,Hazem19792019_1492.jpg,منتج Hazem19792019_1492,أخرى,83869f8f8787f232,يوجد صور متطابقة/متشابهة بصرياً
523,Hazem19792019_1493.jpg,منتج Hazem19792019_1493,أخرى,3c3c0046fcee8f3f,يوجد صور متطابقة/متشابهة بصرياً
524,Hazem19792019_1494.jpg,منتج Hazem19792019_1494,أخرى,bf83010141090107,
525,Hazem19792019_1495.jpg,منتج Hazem19792019_1495,أخرى,0f070f2f4f4d1d3f,يوجد صور متطابقة/متشابهة بصرياً
526,Hazem19792019_1496.jpg,منتج Hazem19792019_1496,أخرى,1f19901f0f0dcdcf,يوجد صور متطابقة/متشابهة بصرياً
527,Hazem19792019_1497.jpg,منتج Hazem19792019_1497,أخرى,fffcf9fb01010101,يوجد صور متطابقة/متشابهة بصرياً
528,Hazem19792019_1498.jpg,منتج Hazem19792019_1498,أخرى,000e0e0e4e7f7f50,
529,Hazem19792019_1499.jpg,منتج Hazem19792019_1499,أخرى,c7c3c3c7c7c78783,يوجد صور متطابقة/متشابهة بصرياً
530,Hazem19792019_150.jpg,منتج Hazem19792019_150,أخرى,1c083b7f7f5f0000,
531,Hazem19792019_1500.jpg,منتج Hazem19792019_1500,أخرى,60fcfcdc3c1cacfe,
532,Hazem19792019_1501.jpg,منتج Hazem19792019_1501,أخرى,bf199383839d81c7,يوجد صور متطابقة/متشابهة بصرياً
533,Hazem19792019_1502.jpg,منتج Hazem19792019_1502,أخرى,0f010703f7feff00,يوجد صور متطابقة/متشابهة بصرياً
534,Hazem19792019_1503.jpg,منتج Hazem19792019_1503,أخرى,e0e42cbc1c181810,يوجد صور متطابقة/متشابهة بصرياً
535,Hazem19792019_1504.jpg,منتج Hazem19792019_1504,أخرى,fcfcfe9e86868480,
536,Hazem19792019_1505.jpg,منتج Hazem19792019_1505,أخرى,83869f8f8787f232,يوجد صور متطابقة/متشابهة بصرياً
537,Hazem19792019_1506.jpg,منتج Hazem19792019_1506,أخرى,affff0b8b8b09000,يوجد صور متطابقة/متشابهة بصرياً
538,Hazem19792019_1507.jpg,منتج Hazem19792019_1507,أخرى,3e5f111151d5d741,يوجد صور متطابقة/متشابهة بصرياً
539,Hazem19792019_1508.jpg,منتج Hazem19792019_1508,أخرى,feccccccccccccef,يوجد صور متطابقة/متشابهة بصرياً
540,Hazem19792019_1509.jpg,منتج Hazem19792019_1509,أخرى,fff1d0c9ef1f0009,يوجد صور متطابقة/متشابهة بصرياً
541,Hazem19792019_151.jpg,منتج Hazem19792019_151,أخرى,0c7efffefefe0000,
542,Hazem19792019_1510.jpg,منتج Hazem19792019_1510,أخرى,00ff8780a0bfffff,يوجد صور متطابقة/متشابهة بصرياً
543,Hazem19792019_1511.jpg,منتج Hazem19792019_1511,أخرى,c7c6e4dfdfdedc00,
544,Hazem19792019_1512.jpg,منتج Hazem19792019_1512,أخرى,72707c7d1f0f0323,يوجد صور متطابقة/متشابهة بصرياً
545,Hazem19792019_1513.jpg,منتج Hazem19792019_1513,أخرى,fe80c0c3873f3fbb,
546,Hazem19792019_1514.jpg,منتج Hazem19792019_1514,أخرى,f0fdf93121cbc2c3,
547,Hazem19792019_1515.jpg,منتج Hazem19792019_1515,أخرى,c1f7ff3f3d040030,
548,Hazem19792019_1516.jpg,منتج Hazem19792019_1516,أخرى,c783c1e7fdc7bfff,يوجد صور متطابقة/متشابهة بصرياً
549,Hazem19792019_1517.jpg,منتج Hazem19792019_1517,أخرى,1e3c6fe3c7c3737f,يوجد صور متطابقة/متشابهة بصرياً
550,Hazem19792019_1518.jpg,منتج Hazem19792019_1518,أخرى,ffffefef032f0000,يوجد صور متطابقة/متشابهة بصرياً
551,Hazem19792019_1519.jpg,منتج Hazem19792019_1519,أخرى,d7e7e1e1ad999dff,
552,Hazem19792019_152.jpg,منتج Hazem19792019_152,أخرى,ffff73773ef00000,
553,Hazem19792019_1520.jpg,منتج Hazem19792019_1520,أخرى,ffbf8f870fc3f1fc,يوجد صور متطابقة/متشابهة بصرياً
554,Hazem19792019_1521.jpg,منتج Hazem19792019_1521,أخرى,8fcfc3cdec8cccc8,
555,Hazem19792019_1522.jpg,منتج Hazem19792019_1522,أخرى,ffffefef032f0000,يوجد صور متطابقة/متشابهة بصرياً
556,Hazem19792019_1523.jpg,منتج Hazem19792019_1523,أخرى,ffbf8f870fc3f1fc,يوجد صور متطابقة/متشابهة بصرياً
557,Hazem19792019_1524.jpg,منتج Hazem19792019_1524,أخرى,072337030707250f,
558,Hazem19792019_1525.jpg,منتج Hazem19792019_1525,أخرى,070f232303233323,
559,Hazem19792019_1526.jpg,منتج Hazem19792019_1526,أخرى,fcfefefc30101010,
560,Hazem19792019_1527.jpg,منتج Hazem19792019_1527,أخرى,fffbc3070f0f0100,يوجد صور متطابقة/متشابهة بصرياً
561,Hazem19792019_1528.jpg,منتج Hazem19792019_1528,أخرى,ff8f85e5e5f6f010,يوجد صور متطابقة/متشابهة بصرياً
562,Hazem19792019_1529.jpg,منتج Hazem19792019_1529,أخرى,bf27470c00c1e9fd,
563,Hazem19792019_153.jpg,منتج Hazem19792019_153,أخرى,00f8c0e3bf3f3f30,
564,Hazem19792019_1530.jpg,منتج Hazem19792019_1530,أخرى,f0f89c8cbc8c8cfc,يوجد صور متطابقة/متشابهة بصرياً
565,Hazem19792019_1531.jpg,منتج Hazem19792019_1531,أخرى,0ee0f0f7cffee000,يوجد صور متطابقة/متشابهة بصرياً
566,Hazem19792019_1532.jpg,منتج Hazem19792019_1532,أخرى,b3f7f78d080c8dff,
567,Hazem19792019_1533.jpg,منتج Hazem19792019_1533,أخرى,033737b73f3d011f,
568,Hazem19792019_1534.jpg,منتج Hazem19792019_1534,أخرى,feffdf898dcd8580,
569,Hazem19792019_154.jpg,منتج Hazem19792019_154,أخرى,3830800e3efeffee,
570,Hazem19792019_1540.jpg,منتج Hazem19792019_1540,أخرى,c3071717020115d6,
571,Hazem19792019_1541.jpg,منتج Hazem19792019_1541,أخرى,fffff7878581c0e7,يوجد صور متطابقة/متشابهة بصرياً
572,Hazem19792019_1543.jpg,منتج Hazem19792019_1543,أخرى,5efeff9c999d1d19,
573,Hazem19792019_1544.jpg,منتج Hazem19792019_1544,أخرى,189f1f1a9e1808f2,يوجد صور متطابقة/متشابهة بصرياً
574,Hazem19792019_1545.jpg,منتج Hazem19792019_1545,أخرى,007fffc0ff3f0301,
575,Hazem19792019_1546.jpg,منتج Hazem19792019_1546,أخرى,fcfef0f8fdfd8500,يوجد صور متطابقة/متشابهة بصرياً
576,Hazem19792019_1547.jpg,منتج Hazem19792019_1547,أخرى,3c3ebebe325e7276,
577,Hazem19792019_1548.jpg,منتج Hazem19792019_1548,أخرى,ff8f85e5e5f6f010,يوجد صور متطابقة/متشابهة بصرياً
578,Hazem19792019_1549.jpg,منتج Hazem19792019_1549,أخرى,fffcf9fb01010101,يوجد صور متطابقة/متشابهة بصرياً
579,Hazem19792019_155.jpg,منتج Hazem19792019_155,أخرى,7ffffff978701000,
580,Hazem19792019_1550.jpg,منتج Hazem19792019_1550,أخرى,fff1d0c9ef1f0009,يوجد صور متطابقة/متشابهة بصرياً
581,Hazem19792019_1551.jpg,منتج Hazem19792019_1551,أخرى,00a78787a6a78700,يوجد صور متطابقة/متشابهة بصرياً
582,Hazem19792019_1552.jpg,منتج Hazem19792019_1552,أخرى,f3c0c1939191b1ff,يوجد صور متطابقة/متشابهة بصرياً
583,Hazem19792019_1553.jpg,منتج Hazem19792019_1553,أخرى,007f7f7f7f3f1000,
584,Hazem19792019_1554.jpg,منتج Hazem19792019_1554,أخرى,c181e3ffc000ffc0,يوجد صور متطابقة/متشابهة بصرياً
585,Hazem19792019_1555.jpg,منتج Hazem19792019_1555,أخرى,0000260ffffeefe7,يوجد صور متطابقة/متشابهة بصرياً
586,Hazem19792019_1556.jpg,منتج Hazem19792019_1556,أخرى,061608fdfdfffc1e,يوجد صور متطابقة/متشابهة بصرياً
587,Hazem19792019_1557.jpg,منتج Hazem19792019_1557,أخرى,fffcc3c3c1c3e3ff,يوجد صور متطابقة/متشابهة بصرياً
588,Hazem19792019_1558.jpg,منتج Hazem19792019_1558,أخرى,3cddedc8ecec2800,يوجد صور متطابقة/متشابهة بصرياً
589,Hazem19792019_1559.jpg,منتج Hazem19792019_1559,أخرى,1f19901f0f0dcdcf,يوجد صور متطابقة/متشابهة بصرياً
590,Hazem19792019_156.jpg,منتج Hazem19792019_156,أخرى,727e7efe9efcfc00,
591,Hazem19792019_1560.jpg,منتج Hazem19792019_1560,أخرى,0f010703f7feff00,يوجد صور متطابقة/متشابهة بصرياً
592,Hazem19792019_1561.jpg,منتج Hazem19792019_1561,أخرى,0ee0f0f7cffee000,يوجد صور متطابقة/متشابهة بصرياً
593,Hazem19792019_1562.jpg,منتج Hazem19792019_1562,أخرى,ffe381d0c1c1c3cf,
594,Hazem19792019_1563.jpg,منتج Hazem19792019_1563,أخرى,ffff878181f9cf81,يوجد صور متطابقة/متشابهة بصرياً
595,Hazem19792019_1564.jpg,منتج Hazem19792019_1564,أخرى,e1213d2f2f7f3fff,
596,Hazem19792019_1565.jpg,منتج Hazem19792019_1565,أخرى,bf199383839d81c7,يوجد صور متطابقة/متشابهة بصرياً
597,Hazem19792019_1566.jpg,منتج Hazem19792019_1566,أخرى,fffffff8f0710080,
598,Hazem19792019_1567.jpg,منتج Hazem19792019_1567,أخرى,ffffe7ede5c1c0c0,
599,Hazem19792019_1568.jpg,منتج Hazem19792019_1568,أخرى,83d9ec2bef240717,
600,Hazem19792019_1569.jpg,منتج Hazem19792019_1569,أخرى,ffffefef032f0000,يوجد صور متطابقة/متشابهة بصرياً
601,Hazem19792019_157.jpg,منتج Hazem19792019_157,أخرى,3c3e3e2e3e3f1901,
602,Hazem19792019_1570.jpg,منتج Hazem19792019_1570,أخرى,c783c1e7fdc7bfff,يوجد صور متطابقة/متشابهة بصرياً
603,Hazem19792019_1571.jpg,منتج Hazem19792019_1571,أخرى,ffbf8f870fc3f1fc,يوجد صور متطابقة/متشابهة بصرياً
604,Hazem19792019_1572.jpg,منتج Hazem19792019_1572,أخرى,fff1d0c9ef1f0009,يوجد صور متطابقة/متشابهة بصرياً
605,Hazem19792019_1573.jpg,منتج Hazem19792019_1573,أخرى,e0e42cbc1c181810,يوجد صور متطابقة/متشابهة بصرياً
606,Hazem19792019_1574.jpg,منتج Hazem19792019_1574,أخرى,affff0b8b8b09000,يوجد صور متطابقة/متشابهة بصرياً
607,Hazem19792019_1575.jpg,منتج Hazem19792019_1575,أخرى,3e5f111151d5d741,يوجد صور متطابقة/متشابهة بصرياً
608,Hazem19792019_1576.jpg,منتج Hazem19792019_1576,أخرى,feccccccccccccef,يوجد صور متطابقة/متشابهة بصرياً
609,Hazem19792019_1577.jpg,منتج Hazem19792019_1577,أخرى,ff1f0f3b13030307,
610,Hazem19792019_1578.jpg,منتج Hazem19792019_1578,أخرى,ffefef7ffcefe000,
611,Hazem19792019_1579.jpg,منتج Hazem19792019_1579,أخرى,00003fffbfe0e987,
612,Hazem19792019_158.jpg,منتج Hazem19792019_158,أخرى,7fff113b7f670008,
613,Hazem19792019_1580.jpg,منتج Hazem19792019_1580,أخرى,c7c3f1e76d381898,
614,Hazem19792019_1581.jpg,منتج Hazem19792019_1581,أخرى,9400001e0c0ddfff,
615,Hazem19792019_1582.jpg,منتج Hazem19792019_1582,أخرى,3c18387878787bff,
616,Hazem19792019_1583.jpg,منتج Hazem19792019_1583,أخرى,b39fdc8e07030000,
617,Hazem19792019_1584.jpg,منتج Hazem19792019_1584,أخرى,ff838303078383ff,
618,Hazem19792019_1585.jpg,منتج Hazem19792019_1585,أخرى,ffffbfffdf070101,يوجد صور متطابقة/متشابهة بصرياً
619,Hazem19792019_1586.jpg,منتج Hazem19792019_1586,أخرى,ffff1f393f9d0500,يوجد صور متطابقة/متشابهة بصرياً
620,Hazem19792019_1587.jpg,منتج Hazem19792019_1587,أخرى,fff7ff3f9f180c00,يوجد صور متطابقة/متشابهة بصرياً
621,Hazem19792019_1588.jpg,منتج Hazem19792019_1588,أخرى,fb9b9bf3fb1b1bfb,يوجد صور متطابقة/متشابهة بصرياً
622,Hazem19792019_1589.jpg,منتج Hazem19792019_1589,أخرى,9b93bfffbffc8080,يوجد صور متطابقة/متشابهة بصرياً
623,Hazem19792019_159.jpg,منتج Hazem19792019_159,أخرى,ffff0099bbb70003,
624,Hazem19792019_1590.jpg,منتج Hazem19792019_1590,أخرى,ff7e18e0042323a0,
625,Hazem19792019_1591.jpg,منتج Hazem19792019_1591,أخرى,207ff7f3f1f8ff82,
626,Hazem19792019_1592.jpg,منتج Hazem19792019_1592,أخرى,7f1f0c76037f7f67,يوجد صور متطابقة/متشابهة بصرياً
627,Hazem19792019_1593.jpg,منتج Hazem19792019_1593,أخرى,ff000000c0f8ffff,يوجد صور متطابقة/متشابهة بصرياً
628,Hazem19792019_1594.jpg,منتج Hazem19792019_1594,أخرى,ff0fe8b8e8e0f0fb,
629,Hazem19792019_1596.jpg,منتج Hazem19792019_1596,أخرى,00f0e02000ffffff,
630,Hazem19792019_1597.jpg,منتج Hazem19792019_1597,أخرى,007c7e7e76fefef8,
631,Hazem19792019_16.jpg,منتج Hazem19792019_16,أخرى,000000eeffdf00ff,
632,Hazem19792019_160.jpg,منتج Hazem19792019_160,أخرى,fffd00fff6000000,
633,Hazem19792019_1600.jpg,منتج Hazem19792019_1600,أخرى,007c600433c1ddff,يوجد صور متطابقة/متشابهة بصرياً
634,Hazem19792019_1601.jpg,منتج Hazem19792019_1601,أخرى,0038241607c5ffff,
635,Hazem19792019_1602.jpg,منتج Hazem19792019_1602,أخرى,3e000c1e000fffff,يوجد صور متطابقة/متشابهة بصرياً
636,Hazem19792019_1603.jpg,منتج Hazem19792019_1603,أخرى,7f7d4f0e003d0fef,
637,Hazem19792019_1604.jpg,منتج Hazem19792019_1604,أخرى,ff898183c7c37d39,
638,Hazem19792019_1605.jpg,منتج Hazem19792019_1605,أخرى,000000207efefefe,
639,Hazem19792019_1606.jpg,منتج Hazem19792019_1606,أخرى,06fefefefefe0000,
640,Hazem19792019_1607.jpg,منتج Hazem19792019_1607,أخرى,dbc183c3c181f7ff,يوجد صور متطابقة/متشابهة بصرياً
641,Hazem19792019_1608.jpg,منتج Hazem19792019_1608,أخرى,7b03450105c7fff7,
642,Hazem19792019_1609.jpg,منتج Hazem19792019_1609,أخرى,bb83068004e7ffff,
643,Hazem19792019_161.jpg,منتج Hazem19792019_161,أخرى,41012040c6e6eefe,
644,Hazem19792019_1610.jpg,منتج Hazem19792019_1610,أخرى,ff010100007f7fff,
645,Hazem19792019_1611.jpg,منتج Hazem19792019_1611,أخرى,3f7c0028203f7fff,
646,Hazem19792019_1612.jpg,منتج Hazem19792019_1612,أخرى,8385e18104e7f7f6,يوجد صور متطابقة/متشابهة بصرياً
647,Hazem19792019_1613.jpg,منتج Hazem19792019_1613,أخرى,801e7e703c70ffff,يوجد صور متطابقة/متشابهة بصرياً
648,Hazem19792019_1614.jpg,منتج Hazem19792019_1614,أخرى,878745010507ffff,
649,Hazem19792019_1615.jpg,منتج Hazem19792019_1615,أخرى,801e7e703c70ffff,يوجد صور متطابقة/متشابهة بصرياً
650,Hazem19792019_1616.jpg,منتج Hazem19792019_1616,أخرى,181c1c181c7e7fff,يوجد صور متطابقة/متشابهة بصرياً
651,Hazem19792019_1617.jpg,منتج Hazem19792019_1617,أخرى,0070300021a3ffff,يوجد صور متطابقة/متشابهة بصرياً
652,Hazem19792019_1618.jpg,منتج Hazem19792019_1618,أخرى,007c702030d8fdfd,يوجد صور متطابقة/متشابهة بصرياً
653,Hazem19792019_1619.jpg,منتج Hazem19792019_1619,أخرى,7f0373030233ecfc,يوجد صور متطابقة/متشابهة بصرياً
654,Hazem19792019_162.jpg,منتج Hazem19792019_162,أخرى,003cffff7ffb7900,
655,Hazem19792019_1620.jpg,منتج Hazem19792019_1620,أخرى,017c7c2030f8fdfd,يوجد صور متطابقة/متشابهة بصرياً
656,Hazem19792019_1621.jpg,منتج Hazem19792019_1621,أخرى,7c3c12020402ffff,يوجد صور متطابقة/متشابهة بصرياً
657,Hazem19792019_1622.jpg,منتج Hazem19792019_1622,أخرى,fea606263c063fff,يوجد صور متطابقة/متشابهة بصرياً
658,Hazem19792019_1623.jpg,منتج Hazem19792019_1623,أخرى,7e0000002283ffff,
659,Hazem19792019_1624.jpg,منتج Hazem19792019_1624,أخرى,003e3e72223ec7fb,يوجد صور متطابقة/متشابهة بصرياً
660,Hazem19792019_1625.jpg,منتج Hazem19792019_1625,أخرى,ff600001202297ff,يوجد صور متطابقة/متشابهة بصرياً
661,Hazem19792019_1626.jpg,منتج Hazem19792019_1626,أخرى,7f7e22003c03c3ff,يوجد صور متطابقة/متشابهة بصرياً
662,Hazem19792019_1627.jpg,منتج Hazem19792019_1627,أخرى,1938320000d3ffff,
663,Hazem19792019_1628.jpg,منتج Hazem19792019_1628,أخرى,9f6f6f060606077f,
664,Hazem19792019_163.jpg,منتج Hazem19792019_163,أخرى,cdf1654e4246677c,
665,Hazem19792019_1630.jpg,منتج Hazem19792019_1630,أخرى,003e4ecececf0701,
666,Hazem19792019_1631.jpg,منتج Hazem19792019_1631,أخرى,fefefee6e6e2fe80,
667,Hazem19792019_1632.jpg,منتج Hazem19792019_1632,أخرى,0031ff7765e763ff,
668,Hazem19792019_1633.jpg,منتج Hazem19792019_1633,أخرى,c3ddc1c1c1c1e3ff,
669,Hazem19792019_1634.jpg,منتج Hazem19792019_1634,أخرى,0c0c08062584c0ff,
670,Hazem19792019_1635.jpg,منتج Hazem19792019_1635,أخرى,f9810bffbab88800,
671,Hazem19792019_1636.jpg,منتج Hazem19792019_1636,أخرى,c1c0c1f7c1c1c1c0,
672,Hazem19792019_1637.jpg,منتج Hazem19792019_1637,أخرى,391b7d0988a884cf,
673,Hazem19792019_1638.jpg,منتج Hazem19792019_1638,أخرى,33fb030313030303,
674,Hazem19792019_1639.jpg,منتج Hazem19792019_1639,أخرى,f379490f3f574000,
675,Hazem19792019_164.jpg,منتج Hazem19792019_164,أخرى,003e7f7f210787ff,
676,Hazem19792019_1640.jpg,منتج Hazem19792019_1640,أخرى,0f7f7767fbf20000,
677,Hazem19792019_1641.jpg,منتج Hazem19792019_1641,أخرى,0f7f4f0903838383,
678,Hazem19792019_1642.jpg,منتج Hazem19792019_1642,أخرى,fee01e7e7ef00c7c,
679,Hazem19792019_1643.jpg,منتج Hazem19792019_1643,أخرى,9cfcf0fcfcf80000,يوجد صور متطابقة/متشابهة بصرياً
680,Hazem19792019_1644.jpg,منتج Hazem19792019_1644,أخرى,7f0504ff7a600e1e,يوجد صور متطابقة/متشابهة بصرياً
681,Hazem19792019_1645.jpg,منتج Hazem19792019_1645,أخرى,3f7e787c7c18087f,يوجد صور متطابقة/متشابهة بصرياً
682,Hazem19792019_1646.jpg,منتج Hazem19792019_1646,أخرى,c7ffff070606e6ff,يوجد صور متطابقة/متشابهة بصرياً
683,Hazem19792019_1647.jpg,منتج Hazem19792019_1647,أخرى,9cfcf0fcfcf80000,يوجد صور متطابقة/متشابهة بصرياً
684,Hazem19792019_1648.jpg,منتج Hazem19792019_1648,أخرى,00007f7f7f3e8ece,
685,Hazem19792019_1649.jpg,منتج Hazem19792019_1649,أخرى,ff9f87c3e1f0f0f0,
686,Hazem19792019_165.jpg,منتج Hazem19792019_165,أخرى,0e8f89ef12007c3e,
687,Hazem19792019_1650.jpg,منتج Hazem19792019_1650,أخرى,24efee7eeeee0000,يوجد صور متطابقة/متشابهة بصرياً
688,Hazem19792019_1651.jpg,منتج Hazem19792019_1651,أخرى,00067fff676f1f1f,
689,Hazem19792019_1652.jpg,منتج Hazem19792019_1652,أخرى,ffffff3901e70111,
690,Hazem19792019_1653.jpg,منتج Hazem19792019_1653,أخرى,fe0a1efe2e00007e,
691,Hazem19792019_1654.jpg,منتج Hazem19792019_1654,أخرى,fe7e4e7e22273702,يوجد صور متطابقة/متشابهة بصرياً
692,Hazem19792019_1655.jpg,منتج Hazem19792019_1655,أخرى,7f0504ff7a600e1e,يوجد صور متطابقة/متشابهة بصرياً
693,Hazem19792019_1656.jpg,منتج Hazem19792019_1656,أخرى,3f7e787c7c18087f,يوجد صور متطابقة/متشابهة بصرياً
694,Hazem19792019_1657.jpg,منتج Hazem19792019_1657,أخرى,e2f76e6eeea62081,
695,Hazem19792019_1658.jpg,منتج Hazem19792019_1658,أخرى,7f2f07070d077fff,
696,Hazem19792019_1659.jpg,منتج Hazem19792019_1659,أخرى,0077ef4c6c487cfc,
697,Hazem19792019_166.jpg,منتج Hazem19792019_166,أخرى,f73f19f0f8c03232,
698,Hazem19792019_1660.jpg,منتج Hazem19792019_1660,أخرى,030323b3d3c3c3ef,
699,Hazem19792019_1661.jpg,منتج Hazem19792019_1661,أخرى,fefe4e4e6e7e3e38,
700,Hazem19792019_1662.jpg,منتج Hazem19792019_1662,أخرى,37e73339e0c7e707,يوجد صور متطابقة/متشابهة بصرياً
701,Hazem19792019_1663.jpg,منتج Hazem19792019_1663,أخرى,ff87010181e3efff,يوجد صور متطابقة/متشابهة بصرياً
702,Hazem19792019_1664.jpg,منتج Hazem19792019_1664,أخرى,fff3e9f91d0080f1,
703,Hazem19792019_1665.jpg,منتج Hazem19792019_1665,أخرى,9b9f8501009d8fe3,يوجد صور متطابقة/متشابهة بصرياً
704,Hazem19792019_1666.jpg,منتج Hazem19792019_1666,أخرى,027e3e7f7f672626,
705,Hazem19792019_1667.jpg,منتج Hazem19792019_1667,أخرى,78785a12f9793d61,
706,Hazem19792019_1668.jpg,منتج Hazem19792019_1668,أخرى,b600a1818da893d0,
707,Hazem19792019_1669.jpg,منتج Hazem19792019_1669,أخرى,9c88909cdcdcc8fc,
708,Hazem19792019_167.jpg,منتج Hazem19792019_167,أخرى,f0e7fffec6c41800,
709,Hazem19792019_1670.jpg,منتج Hazem19792019_1670,أخرى,508180fffb7f00c7,
710,Hazem19792019_1671.jpg,منتج Hazem19792019_1671,أخرى,00083878f9fbff00,
711,Hazem19792019_1672.jpg,منتج Hazem19792019_1672,أخرى,28f8fa1a121afade,
712,Hazem19792019_1673.jpg,منتج Hazem19792019_1673,أخرى,1f7f7e3e3e7f0080,
713,Hazem19792019_1674.jpg,منتج Hazem19792019_1674,أخرى,0800ee3682c00dff,
714,Hazem19792019_1675.jpg,منتج Hazem19792019_1675,أخرى,cbcf1c4c649cbf4f,يوجد صور متطابقة/متشابهة بصرياً
715,Hazem19792019_1676.jpg,منتج Hazem19792019_1676,أخرى,fefe8080083884ff,يوجد صور متطابقة/متشابهة بصرياً
716,Hazem19792019_1677.jpg,منتج Hazem19792019_1677,أخرى,0080fc6378e0e0e0,يوجد صور متطابقة/متشابهة بصرياً
717,Hazem19792019_1678.jpg,منتج Hazem19792019_1678,أخرى,cbcf1c4c649cbf4f,يوجد صور متطابقة/متشابهة بصرياً
718,Hazem19792019_1679.jpg,منتج Hazem19792019_1679,أخرى,fefe8080083884ff,يوجد صور متطابقة/متشابهة بصرياً
719,Hazem19792019_168.jpg,منتج Hazem19792019_168,أخرى,fcffec3c3cf02000,
720,Hazem19792019_1680.jpg,منتج Hazem19792019_1680,أخرى,0080fc6378e0e0e0,يوجد صور متطابقة/متشابهة بصرياً
721,Hazem19792019_1681.jpg,منتج Hazem19792019_1681,أخرى,ff01456501650107,
722,Hazem19792019_1682.jpg,منتج Hazem19792019_1682,أخرى,80fc80cdfcfcf8b6,
723,Hazem19792019_1683.jpg,منتج Hazem19792019_1683,أخرى,2676fe7c380c490f,
724,Hazem19792019_1684.jpg,منتج Hazem19792019_1684,أخرى,407f4f7fefbfff00,
725,Hazem19792019_1685.jpg,منتج Hazem19792019_1685,أخرى,e7f68181f3f3fbff,يوجد صور متطابقة/متشابهة بصرياً
726,Hazem19792019_1686.jpg,منتج Hazem19792019_1686,أخرى,03035b5b1b03c3f7,
727,Hazem19792019_1687.jpg,منتج Hazem19792019_1687,أخرى,bfbfa7878383838f,
728,Hazem19792019_1688.jpg,منتج Hazem19792019_1688,أخرى,e7c3c3c3c3c3c3fb,يوجد صور متطابقة/متشابهة بصرياً
729,Hazem19792019_1689.jpg,منتج Hazem19792019_1689,أخرى,ff819195948581f9,يوجد صور متطابقة/متشابهة بصرياً
730,Hazem19792019_169.jpg,منتج Hazem19792019_169,أخرى,dfbf1e1e1a060630,
731,Hazem19792019_1690.jpg,منتج Hazem19792019_1690,أخرى,1fcfcfef9713189c,
732,Hazem19792019_1691.jpg,منتج Hazem19792019_1691,أخرى,7e7e7ee4cecc5cf8,يوجد صور متطابقة/متشابهة بصرياً
733,Hazem19792019_1692.jpg,منتج Hazem19792019_1692,أخرى,e1e0c0e1c3b1ddfe,
734,Hazem19792019_1693.jpg,منتج Hazem19792019_1693,أخرى,0020767666666440,يوجد صور متطابقة/متشابهة بصرياً
735,Hazem19792019_1694.jpg,منتج Hazem19792019_1694,أخرى,e7c3c3c3c3c3c3fb,يوجد صور متطابقة/متشابهة بصرياً
736,Hazem19792019_1695.jpg,منتج Hazem19792019_1695,أخرى,9f9f838391998983,يوجد صور متطابقة/متشابهة بصرياً
737,Hazem19792019_1696.jpg,منتج Hazem19792019_1696,أخرى,fffefec3e1c3c7df,يوجد صور متطابقة/متشابهة بصرياً
738,Hazem19792019_1697.jpg,منتج Hazem19792019_1697,أخرى,383cff1a1818585a,
739,Hazem19792019_1698.jpg,منتج Hazem19792019_1698,أخرى,0020767666666440,يوجد صور متطابقة/متشابهة بصرياً
740,Hazem19792019_1699.jpg,منتج Hazem19792019_1699,أخرى,9f8f8f81000b8bcf,يوجد صور متطابقة/متشابهة بصرياً
741,Hazem19792019_170.jpg,منتج Hazem19792019_170,أخرى,1c3e3c3c3e3e2387,
742,Hazem19792019_1700.jpg,منتج Hazem19792019_1700,أخرى,8767c7f9c0120303,يوجد صور متطابقة/متشابهة بصرياً
743,Hazem19792019_1701.jpg,منتج Hazem19792019_1701,أخرى,000067efcf064646,يوجد صور متطابقة/متشابهة بصرياً
744,Hazem19792019_1702.jpg,منتج Hazem19792019_1702,أخرى,18187aff7b1c9818,يوجد صور متطابقة/متشابهة بصرياً
745,Hazem19792019_1703.jpg,منتج Hazem19792019_1703,أخرى,000207070f474642,
746,Hazem19792019_1704.jpg,منتج Hazem19792019_1704,أخرى,00060f0f0f4646c6,يوجد صور متطابقة/متشابهة بصرياً
747,Hazem19792019_1705.jpg,منتج Hazem19792019_1705,أخرى,000018387e7e5e00,يوجد صور متطابقة/متشابهة بصرياً
748,Hazem19792019_1706.jpg,منتج Hazem19792019_1706,أخرى,00001c7e7e1c1858,يوجد صور متطابقة/متشابهة بصرياً
749,Hazem19792019_1707.jpg,منتج Hazem19792019_1707,أخرى,00183c76763410ff,
750,Hazem19792019_1708.jpg,منتج Hazem19792019_1708,أخرى,00183c3c7e1818c0,يوجد صور متطابقة/متشابهة بصرياً
751,Hazem19792019_1709.jpg,منتج Hazem19792019_1709,أخرى,000006efcf464642,يوجد صور متطابقة/متشابهة بصرياً
752,Hazem19792019_171.jpg,منتج Hazem19792019_171,أخرى,3ffffb7b03020007,
753,Hazem19792019_1710.jpg,منتج Hazem19792019_1710,أخرى,7c245b183b185802,يوجد صور متطابقة/متشابهة بصرياً
754,Hazem19792019_1711.jpg,منتج Hazem19792019_1711,أخرى,7c2c5b183c185802,
755,Hazem19792019_1712.jpg,منتج Hazem19792019_1712,أخرى,0606362676760000,يوجد صور متطابقة/متشابهة بصرياً
756,Hazem19792019_1713.jpg,منتج Hazem19792019_1713,أخرى,1e3e767f6e240660,
757,Hazem19792019_1714.jpg,منتج Hazem19792019_1714,أخرى,ff839387838381ff,
758,Hazem19792019_1715.jpg,منتج Hazem19792019_1715,أخرى,ffa7a7a333b989ff,يوجد صور متطابقة/متشابهة بصرياً
759,Hazem19792019_1716.jpg,منتج Hazem19792019_1716,أخرى,031f367766660200,
760,Hazem19792019_1717.jpg,منتج Hazem19792019_1717,أخرى,3c7edb1818181813,
761,Hazem19792019_1718.jpg,منتج Hazem19792019_1718,أخرى,3c3cc31b1818dac3,
762,Hazem19792019_1719.jpg,منتج Hazem19792019_1719,أخرى,ffb783b1bdb5f900,
763,Hazem19792019_172.jpg,منتج Hazem19792019_172,أخرى,ffff738787070707,
764,Hazem19792019_1720.jpg,منتج Hazem19792019_1720,أخرى,1f7e766f64040400,
765,Hazem19792019_1721.jpg,منتج Hazem19792019_1721,أخرى,3c64ff183c1cd8c3,
766,Hazem19792019_1722.jpg,منتج Hazem19792019_1722,أخرى,3c24db181818d8c3,
767,Hazem19792019_1723.jpg,منتج Hazem19792019_1723,أخرى,ff070217ffdfdc00,يوجد صور متطابقة/متشابهة بصرياً
768,Hazem19792019_1724.jpg,منتج Hazem19792019_1724,أخرى,ffff8109a18181ff,يوجد صور متطابقة/متشابهة بصرياً
769,Hazem19792019_1725.jpg,منتج Hazem19792019_1725,أخرى,f0fb07cfd8d8f8e2,
770,Hazem19792019_1726.jpg,منتج Hazem19792019_1726,أخرى,c3818189898989fb,يوجد صور متطابقة/متشابهة بصرياً
771,Hazem19792019_1727.jpg,منتج Hazem19792019_1727,أخرى,e7f68181f3f3fbff,يوجد صور متطابقة/متشابهة بصرياً
772,Hazem19792019_1728.jpg,منتج Hazem19792019_1728,أخرى,000018187efefe00,
773,Hazem19792019_1729.jpg,منتج Hazem19792019_1729,أخرى,818303373f2101cf,
774,Hazem19792019_173.jpg,منتج Hazem19792019_173,أخرى,08f6fe7c2e667ee0,
775,Hazem19792019_1730.jpg,منتج Hazem19792019_1730,أخرى,00183c7e7e2400ff,
776,Hazem19792019_1731.jpg,منتج Hazem19792019_1731,أخرى,0000ebff130353c0,
777,Hazem19792019_1732.jpg,منتج Hazem19792019_1732,أخرى,00426f1f17034840,
778,Hazem19792019_1733.jpg,منتج Hazem19792019_1733,أخرى,000027ef8f46c602,
779,Hazem19792019_1734.jpg,منتج Hazem19792019_1734,أخرى,00000e1f5f4c5e1e,
780,Hazem19792019_1735.jpg,منتج Hazem19792019_1735,أخرى,0063030383e6eea7,
781,Hazem19792019_1736.jpg,منتج Hazem19792019_1736,أخرى,000737fd8f07c240,يوجد صور متطابقة/متشابهة بصرياً
782,Hazem19792019_1737.jpg,منتج Hazem19792019_1737,أخرى,000227ffcf87c600,
783,Hazem19792019_1738.jpg,منتج Hazem19792019_1738,أخرى,00002f7f9f474606,
784,Hazem19792019_1739.jpg,منتج Hazem19792019_1739,أخرى,00072fff8dc7c2c2,
785,Hazem19792019_174.jpg,منتج Hazem19792019_174,أخرى,fef4b5b430000001,
786,Hazem19792019_1740.jpg,منتج Hazem19792019_1740,أخرى,000027efcf074646,
787,Hazem19792019_1741.jpg,منتج Hazem19792019_1741,أخرى,000267ef0fc7c640,
788,Hazem19792019_1742.jpg,منتج Hazem19792019_1742,أخرى,0000f8fec7c7effb,يوجد صور متطابقة/متشابهة بصرياً
789,Hazem19792019_1743.jpg,منتج Hazem19792019_1743,أخرى,ffff7f0406070007,يوجد صور متطابقة/متشابهة بصرياً
790,Hazem19792019_1744.jpg,منتج Hazem19792019_1744,أخرى,ffff1f393f9d0500,يوجد صور متطابقة/متشابهة بصرياً
791,Hazem19792019_1745.jpg,منتج Hazem19792019_1745,أخرى,ffffefef032f0000,يوجد صور متطابقة/متشابهة بصرياً
792,Hazem19792019_1746.jpg,منتج Hazem19792019_1746,أخرى,00031f434b5b4bff,يوجد صور متطابقة/متشابهة بصرياً
793,Hazem19792019_1747.jpg,منتج Hazem19792019_1747,أخرى,c080e1f903fe809f,
794,Hazem19792019_1748.jpg,منتج Hazem19792019_1748,أخرى,ff770f0f81c767c7,يوجد صور متطابقة/متشابهة بصرياً
795,Hazem19792019_1749.jpg,منتج Hazem19792019_1749,أخرى,fffffdf3f3f1f1f1,يوجد صور متطابقة/متشابهة بصرياً
796,Hazem19792019_175.jpg,منتج Hazem19792019_175,أخرى,f9d9c100c9c98120,
797,Hazem19792019_1750.jpg,منتج Hazem19792019_1750,أخرى,ff1f1f9fd3d3d9df,يوجد صور متطابقة/متشابهة بصرياً
798,Hazem19792019_1751.jpg,منتج Hazem19792019_1751,أخرى,ffffff818181fde1,يوجد صور متطابقة/متشابهة بصرياً
799,Hazem19792019_1752.jpg,منتج Hazem19792019_1752,أخرى,fffffffffff30000,يوجد صور متطابقة/متشابهة بصرياً
800,Hazem19792019_1753.jpg,منتج Hazem19792019_1753,أخرى,ffff737370603100,يوجد صور متطابقة/متشابهة بصرياً
801,Hazem19792019_1754.jpg,منتج Hazem19792019_1754,أخرى,060ebcecc0c0e1ff,يوجد صور متطابقة/متشابهة بصرياً
802,Hazem19792019_1755.jpg,منتج Hazem19792019_1755,أخرى,ffe13399998f8fff,يوجد صور متطابقة/متشابهة بصرياً
803,Hazem19792019_1756.jpg,منتج Hazem19792019_1756,أخرى,9bf1e1e0e8f8f8f0,يوجد صور متطابقة/متشابهة بصرياً
804,Hazem19792019_1757.jpg,منتج Hazem19792019_1757,أخرى,9f998889898d8b99,يوجد صور متطابقة/متشابهة بصرياً
805,Hazem19792019_1758.jpg,منتج Hazem19792019_1758,أخرى,707e3e3e3e7e3c18,يوجد صور متطابقة/متشابهة بصرياً
806,Hazem19792019_1759.jpg,منتج Hazem19792019_1759,أخرى,fffbc3070f0f0100,يوجد صور متطابقة/متشابهة بصرياً
807,Hazem19792019_176.jpg,منتج Hazem19792019_176,أخرى,ff6f6f6d05000800,
808,Hazem19792019_1760.jpg,منتج Hazem19792019_1760,أخرى,ffff3f1317070606,يوجد صور متطابقة/متشابهة بصرياً
809,Hazem19792019_1761.jpg,منتج Hazem19792019_1761,أخرى,fcf8e0f0f8f0e0b8,يوجد صور متطابقة/متشابهة بصرياً
810,Hazem19792019_1762.jpg,منتج Hazem19792019_1762,أخرى,007e5efcfef6f3ff,يوجد صور متطابقة/متشابهة بصرياً
811,Hazem19792019_1763.jpg,منتج Hazem19792019_1763,أخرى,02c381819981c3f7,
812,Hazem19792019_1764.jpg,منتج Hazem19792019_1764,أخرى,8104343183f1f9f9,يوجد صور متطابقة/متشابهة بصرياً
813,Hazem19792019_1765.jpg,منتج Hazem19792019_1765,أخرى,01327ffff7e18080,
814,Hazem19792019_1766.jpg,منتج Hazem19792019_1766,أخرى,ffffff818181fde1,يوجد صور متطابقة/متشابهة بصرياً
815,Hazem19792019_1767.jpg,منتج Hazem19792019_1767,أخرى,009ffbe90f01e3ff,يوجد صور متطابقة/متشابهة بصرياً
816,Hazem19792019_1768.jpg,منتج Hazem19792019_1768,أخرى,c7ffff070606e6ff,يوجد صور متطابقة/متشابهة بصرياً
817,Hazem19792019_1769.jpg,منتج Hazem19792019_1769,أخرى,f8e02103131f1fff,يوجد صور متطابقة/متشابهة بصرياً
818,Hazem19792019_177.jpg,منتج Hazem19792019_177,أخرى,191bcf3f0f0ced0d,
819,Hazem19792019_1770.jpg,منتج Hazem19792019_1770,أخرى,3c7e7e7e027e5cc8,يوجد صور متطابقة/متشابهة بصرياً
820,Hazem19792019_1771.jpg,منتج Hazem19792019_1771,أخرى,cf8181c1818181ff,يوجد صور متطابقة/متشابهة بصرياً
821,Hazem19792019_1772.jpg,منتج Hazem19792019_1772,أخرى,ff8181c1818181e3,يوجد صور متطابقة/متشابهة بصرياً
822,Hazem19792019_1773.jpg,منتج Hazem19792019_1773,أخرى,8f8727637327073f,يوجد صور متطابقة/متشابهة بصرياً
823,Hazem19792019_1774.jpg,منتج Hazem19792019_1774,أخرى,3c3cff3d30300242,يوجد صور متطابقة/متشابهة بصرياً
824,Hazem19792019_1775.jpg,منتج Hazem19792019_1775,أخرى,ffff8109a18181ff,يوجد صور متطابقة/متشابهة بصرياً
825,Hazem19792019_1776.jpg,منتج Hazem19792019_1776,أخرى,3c66c31a18185b03,
826,Hazem19792019_1777.jpg,منتج Hazem19792019_1777,أخرى,ffdecee3f1c1cfff,
827,Hazem19792019_1778.jpg,منتج Hazem19792019_1778,أخرى,ff7edec7f9c1c7f1,
828,Hazem19792019_1779.jpg,منتج Hazem19792019_1779,أخرى,fffe8ec3f181cfff,
829,Hazem19792019_178.jpg,منتج Hazem19792019_178,أخرى,ff7f32243f371200,
830,Hazem19792019_1780.jpg,منتج Hazem19792019_1780,أخرى,ff7efec7e1c18ff9,
831,Hazem19792019_1781.jpg,منتج Hazem19792019_1781,أخرى,ffffff0000e1ffff,
832,Hazem19792019_1782.jpg,منتج Hazem19792019_1782,أخرى,ffffbf2d2711142c,
833,Hazem19792019_1783.jpg,منتج Hazem19792019_1783,أخرى,fffeeefc90808c00,يوجد صور متطابقة/متشابهة بصرياً
834,Hazem19792019_1784.jpg,منتج Hazem19792019_1784,أخرى,f3c0c1939191b1ff,يوجد صور متطابقة/متشابهة بصرياً
835,Hazem19792019_1785.jpg,منتج Hazem19792019_1785,أخرى,1f77f71fff000103,يوجد صور متطابقة/متشابهة بصرياً
836,Hazem19792019_1786.jpg,منتج Hazem19792019_1786,أخرى,fffd007fff000000,يوجد صور متطابقة/متشابهة بصرياً
837,Hazem19792019_1787.jpg,منتج Hazem19792019_1787,أخرى,00015f7f477e7b09,يوجد صور متطابقة/متشابهة بصرياً
838,Hazem19792019_1788.jpg,منتج Hazem19792019_1788,أخرى,fffef0c0c0808f03,يوجد صور متطابقة/متشابهة بصرياً
839,Hazem19792019_1789.jpg,منتج Hazem19792019_1789,أخرى,8f8ff3d1d9d9df9f,يوجد صور متطابقة/متشابهة بصرياً
840,Hazem19792019_179.jpg,منتج Hazem19792019_179,أخرى,f0f012dc00db5f4c,
841,Hazem19792019_1790.jpg,منتج Hazem19792019_1790,أخرى,3f7f0713191df9d0,
842,Hazem19792019_1791.jpg,منتج Hazem19792019_1791,أخرى,1f19901f0f0dcdcf,يوجد صور متطابقة/متشابهة بصرياً
843,Hazem19792019_1792.jpg,منتج Hazem19792019_1792,أخرى,f3ef09000c1effff,يوجد صور متطابقة/متشابهة بصرياً
844,Hazem19792019_1793.jpg,منتج Hazem19792019_1793,أخرى,3f33e3fbebffff00,يوجد صور متطابقة/متشابهة بصرياً
845,Hazem19792019_1794.jpg,منتج Hazem19792019_1794,أخرى,0b5fe03c7e3e0001,يوجد صور متطابقة/متشابهة بصرياً
846,Hazem19792019_1795.jpg,منتج Hazem19792019_1795,أخرى,f7f784060121f1f1,يوجد صور متطابقة/متشابهة بصرياً
847,Hazem19792019_1796.jpg,منتج Hazem19792019_1796,أخرى,f7838383e7cf81ff,
848,Hazem19792019_1797.jpg,منتج Hazem19792019_1797,أخرى,c3ffe3c1f8930179,يوجد صور متطابقة/متشابهة بصرياً
849,Hazem19792019_1798.jpg,منتج Hazem19792019_1798,أخرى,f0ffb9ff88c0c2c7,يوجد صور متطابقة/متشابهة بصرياً
850,Hazem19792019_1799.jpg,منتج Hazem19792019_1799,أخرى,2078ff7e180f0f7f,يوجد صور متطابقة/متشابهة بصرياً
851,Hazem19792019_18.jpg,منتج Hazem19792019_18,أخرى,0000ae8eae8feeef,
852,Hazem19792019_180.jpg,منتج Hazem19792019_180,أخرى,0041a063fdff77c0,
853,Hazem19792019_1800.jpg,منتج Hazem19792019_1800,أخرى,fefec0c0a2f0fc80,يوجد صور متطابقة/متشابهة بصرياً
854,Hazem19792019_1801.jpg,منتج Hazem19792019_1801,أخرى,e781011189f7fbff,يوجد صور متطابقة/متشابهة بصرياً
855,Hazem19792019_1802.jpg,منتج Hazem19792019_1802,أخرى,ffe13399998f8fff,يوجد صور متطابقة/متشابهة بصرياً
856,Hazem19792019_1803.jpg,منتج Hazem19792019_1803,أخرى,f7f784060121f1f1,يوجد صور متطابقة/متشابهة بصرياً
857,Hazem19792019_1804.jpg,منتج Hazem19792019_1804,أخرى,ff422031310101ff,يوجد صور متطابقة/متشابهة بصرياً
858,Hazem19792019_1805.jpg,منتج Hazem19792019_1805,أخرى,ff8021b1a18181ff,يوجد صور متطابقة/متشابهة بصرياً
859,Hazem19792019_1806.jpg,منتج Hazem19792019_1806,أخرى,ffdff161208080ff,يوجد صور متطابقة/متشابهة بصرياً
860,Hazem19792019_1807.jpg,منتج Hazem19792019_1807,أخرى,8f0f1f171d1d3769,يوجد صور متطابقة/متشابهة بصرياً
861,Hazem19792019_1808.jpg,منتج Hazem19792019_1808,أخرى,7ce32103231f8dc1,يوجد صور متطابقة/متشابهة بصرياً
862,Hazem19792019_1809.jpg,منتج Hazem19792019_1809,أخرى,f9d999f8ea1f1793,يوجد صور متطابقة/متشابهة بصرياً
863,Hazem19792019_181.jpg,منتج Hazem19792019_181,أخرى,bf310406e6c6407e,
864,Hazem19792019_1810.jpg,منتج Hazem19792019_1810,أخرى,f0f0f2f8f8e1e107,يوجد صور متطابقة/متشابهة بصرياً
865,Hazem19792019_1811.jpg,منتج Hazem19792019_1811,أخرى,ffc3c3c1c1c320ef,يوجد صور متطابقة/متشابهة بصرياً
866,Hazem19792019_1812.jpg,منتج Hazem19792019_1812,أخرى,fffffffffff30000,يوجد صور متطابقة/متشابهة بصرياً
867,Hazem19792019_1813.jpg,منتج Hazem19792019_1813,أخرى,ffff878181f9cf81,يوجد صور متطابقة/متشابهة بصرياً
868,Hazem19792019_1814.jpg,منتج Hazem19792019_1814,أخرى,fff7ff3f9f180c00,يوجد صور متطابقة/متشابهة بصرياً
869,Hazem19792019_1815.jpg,منتج Hazem19792019_1815,أخرى,c7c3c3c7c7c78783,يوجد صور متطابقة/متشابهة بصرياً
870,Hazem19792019_1816.jpg,منتج Hazem19792019_1816,أخرى,ffffefef032f0000,يوجد صور متطابقة/متشابهة بصرياً
871,Hazem19792019_1817.jpg,منتج Hazem19792019_1817,أخرى,ff8f85e5e5f6f010,يوجد صور متطابقة/متشابهة بصرياً
872,Hazem19792019_1818.jpg,منتج Hazem19792019_1818,أخرى,fffff7878581c0e7,يوجد صور متطابقة/متشابهة بصرياً
873,Hazem19792019_1819.jpg,منتج Hazem19792019_1819,أخرى,fcfef0f8fdfd8500,يوجد صور متطابقة/متشابهة بصرياً
874,Hazem19792019_182.jpg,منتج Hazem19792019_182,أخرى,007cfcfcfcfcfc40,
875,Hazem19792019_1820.jpg,منتج Hazem19792019_1820,أخرى,ffffbfffdf070101,يوجد صور متطابقة/متشابهة بصرياً
876,Hazem19792019_1821.jpg,منتج Hazem19792019_1821,أخرى,ff000000c0f8ffff,يوجد صور متطابقة/متشابهة بصرياً
877,Hazem19792019_1822.jpg,منتج Hazem19792019_1822,أخرى,ffff0e0f1f68ff5c,يوجد صور متطابقة/متشابهة بصرياً
878,Hazem19792019_1823.jpg,منتج Hazem19792019_1823,أخرى,ffdf00fd8585ffff,يوجد صور متطابقة/متشابهة بصرياً
879,Hazem19792019_1824.jpg,منتج Hazem19792019_1824,أخرى,fffffbc3c3c3c3c3,يوجد صور متطابقة/متشابهة بصرياً
880,Hazem19792019_1825.jpg,منتج Hazem19792019_1825,أخرى,00fff735331b3e25,
881,Hazem19792019_1826.jpg,منتج Hazem19792019_1826,أخرى,809c6e7e7e7e263f,
882,Hazem19792019_1827.jpg,منتج Hazem19792019_1827,أخرى,f0ffb9ff88c0c2c7,يوجد صور متطابقة/متشابهة بصرياً
883,Hazem19792019_1828.jpg,منتج Hazem19792019_1828,أخرى,c3ffe3c1f8930179,يوجد صور متطابقة/متشابهة بصرياً
884,Hazem19792019_1829.jpg,منتج Hazem19792019_1829,أخرى,000018387e7e0000,يوجد صور متطابقة/متشابهة بصرياً
885,Hazem19792019_183.jpg,منتج Hazem19792019_183,أخرى,267e4f7efc3e6600,
886,Hazem19792019_1830.jpg,منتج Hazem19792019_1830,أخرى,012f1c0f0f0f0f0f,يوجد صور متطابقة/متشابهة بصرياً
887,Hazem19792019_1831.jpg,منتج Hazem19792019_1831,أخرى,81bc9c04e0fcceff,
888,Hazem19792019_1832.jpg,منتج Hazem19792019_1832,أخرى,000e1e383e7e00ff,يوجد صور متطابقة/متشابهة بصرياً
889,Hazem19792019_1833.jpg,منتج Hazem19792019_1833,أخرى,00000c5f7f5140ff,يوجد صور متطابقة/متشابهة بصرياً
890,Hazem19792019_1834.jpg,منتج Hazem19792019_1834,أخرى,0000cbdf071bc2eb,يوجد صور متطابقة/متشابهة بصرياً
891,Hazem19792019_1835.jpg,منتج Hazem19792019_1835,أخرى,0000c3470f0b6363,يوجد صور متطابقة/متشابهة بصرياً
892,Hazem19792019_1836.jpg,منتج Hazem19792019_1836,أخرى,000227ffcf074200,يوجد صور متطابقة/متشابهة بصرياً
893,Hazem19792019_1837.jpg,منتج Hazem19792019_1837,أخرى,000737fd8f07c240,يوجد صور متطابقة/متشابهة بصرياً
894,Hazem19792019_1838.jpg,منتج Hazem19792019_1838,أخرى,7e7e7ee4cecc5cf8,يوجد صور متطابقة/متشابهة بصرياً
895,Hazem19792019_1839.jpg,منتج Hazem19792019_1839,أخرى,0303dbdb1b1bc323,يوجد صور متطابقة/متشابهة بصرياً
896,Hazem19792019_184.jpg,منتج Hazem19792019_184,أخرى,003c7c7d7d7c8000,
897,Hazem19792019_1840.jpg,منتج Hazem19792019_1840,أخرى,ffdff161208080ff,يوجد صور متطابقة/متشابهة بصرياً
898,Hazem19792019_1841.jpg,منتج Hazem19792019_1841,أخرى,ff8021b1a18181ff,يوجد صور متطابقة/متشابهة بصرياً
899,Hazem19792019_1842.jpg,منتج Hazem19792019_1842,أخرى,ff422031310101ff,يوجد صور متطابقة/متشابهة بصرياً
900,Hazem19792019_1843.jpg,منتج Hazem19792019_1843,أخرى,f8e02103131f1fff,يوجد صور متطابقة/متشابهة بصرياً
901,Hazem19792019_1844.jpg,منتج Hazem19792019_1844,أخرى,8f8727637327073f,يوجد صور متطابقة/متشابهة بصرياً
902,Hazem19792019_1845.jpg,منتج Hazem19792019_1845,أخرى,ff8181c1818181e3,يوجد صور متطابقة/متشابهة بصرياً
903,Hazem19792019_1846.jpg,منتج Hazem19792019_1846,أخرى,cf8181c1818181ff,يوجد صور متطابقة/متشابهة بصرياً
904,Hazem19792019_1847.jpg,منتج Hazem19792019_1847,أخرى,ffc080c0c0c3c0df,يوجد صور متطابقة/متشابهة بصرياً
905,Hazem19792019_1848.jpg,منتج Hazem19792019_1848,أخرى,3c3cff3d30300242,يوجد صور متطابقة/متشابهة بصرياً
906,Hazem19792019_1849.jpg,منتج Hazem19792019_1849,أخرى,7d7dffc38183c187,يوجد صور متطابقة/متشابهة بصرياً
907,Hazem19792019_185.jpg,منتج Hazem19792019_185,أخرى,02007ff7e7ff0301,
908,Hazem19792019_1850.jpg,منتج Hazem19792019_1850,أخرى,ffc080c0c0c3c0df,يوجد صور متطابقة/متشابهة بصرياً
909,Hazem19792019_1851.jpg,منتج Hazem19792019_1851,أخرى,3c3cff3d30300242,يوجد صور متطابقة/متشابهة بصرياً
910,Hazem19792019_1852.jpg,منتج Hazem19792019_1852,أخرى,0e7f766f76026000,يوجد صور متطابقة/متشابهة بصرياً
911,Hazem19792019_1853.jpg,منتج Hazem19792019_1853,أخرى,c3818189898989fb,يوجد صور متطابقة/متشابهة بصرياً
912,Hazem19792019_1854.jpg,منتج Hazem19792019_1854,أخرى,3e7f667e74004000,يوجد صور متطابقة/متشابهة بصرياً
913,Hazem19792019_1855.jpg,منتج Hazem19792019_1855,أخرى,fcf0003affeaf200,
914,Hazem19792019_1856.jpg,منتج Hazem19792019_1856,أخرى,ff810080c9c1ffff,
915,Hazem19792019_1857.jpg,منتج Hazem19792019_1857,أخرى,8f8ff3d1d9d9df9f,يوجد صور متطابقة/متشابهة بصرياً
916,Hazem19792019_1858.jpg,منتج Hazem19792019_1858,أخرى,2008e7c3e1e3e700,يوجد صور متطابقة/متشابهة بصرياً
917,Hazem19792019_1859.jpg,منتج Hazem19792019_1859,أخرى,0000eecefeff9f9c,
918,Hazem19792019_186.jpg,منتج Hazem19792019_186,أخرى,403c247676660f07,
919,Hazem19792019_1860.jpg,منتج Hazem19792019_1860,أخرى,fff1e18081bf8000,
920,Hazem19792019_1861.jpg,منتج Hazem19792019_1861,أخرى,fff9e8c0880818bb,يوجد صور متطابقة/متشابهة بصرياً
921,Hazem19792019_1862.jpg,منتج Hazem19792019_1862,أخرى,d703ffff00008000,يوجد صور متطابقة/متشابهة بصرياً
922,Hazem19792019_1863.jpg,منتج Hazem19792019_1863,أخرى,f3a1a1bfffff8000,يوجد صور متطابقة/متشابهة بصرياً
923,Hazem19792019_1864.jpg,منتج Hazem19792019_1864,أخرى,ffc787820080c1c1,يوجد صور متطابقة/متشابهة بصرياً
924,Hazem19792019_1865.jpg,منتج Hazem19792019_1865,أخرى,8104343183f1f9f9,يوجد صور متطابقة/متشابهة بصرياً
925,Hazem19792019_1866.jpg,منتج Hazem19792019_1866,أخرى,3fbf0001ff7f0f00,يوجد صور متطابقة/متشابهة بصرياً
926,Hazem19792019_1867.jpg,منتج Hazem19792019_1867,أخرى,ff036ffff3e30100,يوجد صور متطابقة/متشابهة بصرياً
927,Hazem19792019_1868.jpg,منتج Hazem19792019_1868,أخرى,f3c0c1939191b1ff,يوجد صور متطابقة/متشابهة بصرياً
928,Hazem19792019_1869.jpg,منتج Hazem19792019_1869,أخرى,fdc9c1c1c1c1e1ff,يوجد صور متطابقة/متشابهة بصرياً
929,Hazem19792019_187.jpg,منتج Hazem19792019_187,أخرى,c00019ffffe1c00c,
930,Hazem19792019_1870.jpg,منتج Hazem19792019_1870,أخرى,f1f1f0f0f0f0f0ff,يوجد صور متطابقة/متشابهة بصرياً
931,Hazem19792019_1871.jpg,منتج Hazem19792019_1871,أخرى,fff980000127cfff,يوجد صور متطابقة/متشابهة بصرياً
932,Hazem19792019_1872.jpg,منتج Hazem19792019_1872,أخرى,ffff1f393f9d0500,يوجد صور متطابقة/متشابهة بصرياً
933,Hazem19792019_1873.jpg,منتج Hazem19792019_1873,أخرى,e0e0e0ece7ef0c00,يوجد صور متطابقة/متشابهة بصرياً
934,Hazem19792019_1874.jpg,منتج Hazem19792019_1874,أخرى,ffd181c1f1f1f0ff,يوجد صور متطابقة/متشابهة بصرياً
935,Hazem19792019_1875.jpg,منتج Hazem19792019_1875,أخرى,9c9c9cfedf4d040c,يوجد صور متطابقة/متشابهة بصرياً
936,Hazem19792019_1876.jpg,منتج Hazem19792019_1876,أخرى,ff1b13b1350565ad,يوجد صور متطابقة/متشابهة بصرياً
937,Hazem19792019_1877.jpg,منتج Hazem19792019_1877,أخرى,00000e1f0ffffff8,
938,Hazem19792019_1878.jpg,منتج Hazem19792019_1878,أخرى,ff8021b1a18181ff,يوجد صور متطابقة/متشابهة بصرياً
939,Hazem19792019_1879.jpg,منتج Hazem19792019_1879,أخرى,ffdff161208080ff,يوجد صور متطابقة/متشابهة بصرياً
940,Hazem19792019_188.jpg,منتج Hazem19792019_188,أخرى,195138999981cffe,
941,Hazem19792019_1880.jpg,منتج Hazem19792019_1880,أخرى,ff422031310101ff,يوجد صور متطابقة/متشابهة بصرياً
942,Hazem19792019_1881.jpg,منتج Hazem19792019_1881,أخرى,01bf7f1f171d217f,يوجد صور متطابقة/متشابهة بصرياً
943,Hazem19792019_1882.jpg,منتج Hazem19792019_1882,أخرى,ff414d050303c1fe,
944,Hazem19792019_1883.jpg,منتج Hazem19792019_1883,أخرى,81819181035bdb43,
945,Hazem19792019_1884.jpg,منتج Hazem19792019_1884,أخرى,00e4ecfceee6f810,
946,Hazem19792019_1885.jpg,منتج Hazem19792019_1885,أخرى,c3dcd0d8ccc02038,
947,Hazem19792019_1886.jpg,منتج Hazem19792019_1886,أخرى,0606362676760000,يوجد صور متطابقة/متشابهة بصرياً
948,Hazem19792019_1887.jpg,منتج Hazem19792019_1887,أخرى,fffbc3070f0f0100,يوجد صور متطابقة/متشابهة بصرياً
949,Hazem19792019_1888.jpg,منتج Hazem19792019_1888,أخرى,2008e7c3e1e3e700,يوجد صور متطابقة/متشابهة بصرياً
950,Hazem19792019_1889.jpg,منتج Hazem19792019_1889,أخرى,ffff0000080081ff,
951,Hazem19792019_189.jpg,منتج Hazem19792019_189,أخرى,64403ebe3e020000,
952,Hazem19792019_1890.jpg,منتج Hazem19792019_1890,أخرى,ff818181898981ff,يوجد صور متطابقة/متشابهة بصرياً
953,Hazem19792019_1891.jpg,منتج Hazem19792019_1891,أخرى,ff809ccec3c1ffff,
954,Hazem19792019_1892.jpg,منتج Hazem19792019_1892,أخرى,3f3f0f4e46460600,
955,Hazem19792019_1893.jpg,منتج Hazem19792019_1893,أخرى,ff0f878789f1f3ef,يوجد صور متطابقة/متشابهة بصرياً
956,Hazem19792019_1894.jpg,منتج Hazem19792019_1894,أخرى,ffefc7c5c1a3e3ff,يوجد صور متطابقة/متشابهة بصرياً
957,Hazem19792019_1895.jpg,منتج Hazem19792019_1895,أخرى,f87c7f7b73474c00,يوجد صور متطابقة/متشابهة بصرياً
958,Hazem19792019_1896.jpg,منتج Hazem19792019_1896,أخرى,ffffff040080f9ff,يوجد صور متطابقة/متشابهة بصرياً
959,Hazem19792019_1897.jpg,منتج Hazem19792019_1897,أخرى,ffe7c3c3eeff4100,يوجد صور متطابقة/متشابهة بصرياً
960,Hazem19792019_1898.jpg,منتج Hazem19792019_1898,أخرى,f0f89c8cbc8c8cfc,يوجد صور متطابقة/متشابهة بصرياً
961,Hazem19792019_1899.jpg,منتج Hazem19792019_1899,أخرى,ef8381810181c3ff,يوجد صور متطابقة/متشابهة بصرياً
962,Hazem19792019_190.jpg,منتج Hazem19792019_190,أخرى,0078fdfffefc0000,
963,Hazem19792019_1900.jpg,منتج Hazem19792019_1900,أخرى,6d60e0c14343e3ef,يوجد صور متطابقة/متشابهة بصرياً
964,Hazem19792019_1901.jpg,منتج Hazem19792019_1901,أخرى,07c33d01013d01cb,يوجد صور متطابقة/متشابهة بصرياً
965,Hazem19792019_1902.jpg,منتج Hazem19792019_1902,أخرى,1ffbf321e3e7fc00,
966,Hazem19792019_1903.jpg,منتج Hazem19792019_1903,أخرى,e0c080a0f2faf8f8,
967,Hazem19792019_1904.jpg,منتج Hazem19792019_1904,أخرى,fefefa02620a0a00,
968,Hazem19792019_1905.jpg,منتج Hazem19792019_1905,أخرى,42db8181e7e77f02,يوجد صور متطابقة/متشابهة بصرياً
969,Hazem19792019_1906.jpg,منتج Hazem19792019_1906,أخرى,ffc787820080c1c1,يوجد صور متطابقة/متشابهة بصرياً
970,Hazem19792019_1907.jpg,منتج Hazem19792019_1907,أخرى,3fbf0001ff7f0f00,يوجد صور متطابقة/متشابهة بصرياً
971,Hazem19792019_1908.jpg,منتج Hazem19792019_1908,أخرى,cf00183c0081fffd,
972,Hazem19792019_1909.jpg,منتج Hazem19792019_1909,أخرى,fec6c0849cbc8cc2,
973,Hazem19792019_191.jpg,منتج Hazem19792019_191,أخرى,2f7f3c3efe5e2406,
974,Hazem19792019_1910.jpg,منتج Hazem19792019_1910,أخرى,ff0f878789f1f3ef,يوجد صور متطابقة/متشابهة بصرياً
975,Hazem19792019_1911.jpg,منتج Hazem19792019_1911,أخرى,fcf8e0f0f8f0e0b8,يوجد صور متطابقة/متشابهة بصرياً
976,Hazem19792019_1912.jpg,منتج Hazem19792019_1912,أخرى,707e3e3e3e7e3c18,يوجد صور متطابقة/متشابهة بصرياً
977,Hazem19792019_1913.jpg,منتج Hazem19792019_1913,أخرى,81073e7fcd0407ff,يوجد صور متطابقة/متشابهة بصرياً
978,Hazem19792019_1914.jpg,منتج Hazem19792019_1914,أخرى,f0f89c8cbc8c8cfc,يوجد صور متطابقة/متشابهة بصرياً
979,Hazem19792019_1915.jpg,منتج Hazem19792019_1915,أخرى,ffe13399998f8fff,يوجد صور متطابقة/متشابهة بصرياً
980,Hazem19792019_1917.jpg,منتج Hazem19792019_1917,أخرى,1b0b45870fe9f903,
981,Hazem19792019_1918.jpg,منتج Hazem19792019_1918,أخرى,20363e3e4c5e3e7e,
982,Hazem19792019_1919.jpg,منتج Hazem19792019_1919,أخرى,3f7f66666e7f7a00,
983,Hazem19792019_192.jpg,منتج Hazem19792019_192,أخرى,06feefc9ec8ef0f0,
984,Hazem19792019_1920.jpg,منتج Hazem19792019_1920,أخرى,507c7c3f7f3e323f,
985,Hazem19792019_1921.jpg,منتج Hazem19792019_1921,أخرى,b038fffefe9e8088,
986,Hazem19792019_1922.jpg,منتج Hazem19792019_1922,أخرى,017f7e7e70303e7e,
987,Hazem19792019_1923.jpg,منتج Hazem19792019_1923,أخرى,3f3e3f31393f1e00,
988,Hazem19792019_1924.jpg,منتج Hazem19792019_1924,أخرى,011f7ec3f7ff7f00,
989,Hazem19792019_1925.jpg,منتج Hazem19792019_1925,أخرى,13f2f21bf3f31213,
990,Hazem19792019_1926.jpg,منتج Hazem19792019_1926,أخرى,809ff7df9ff70000,
991,Hazem19792019_1927.jpg,منتج Hazem19792019_1927,أخرى,01fff1e9ffff8000,
992,Hazem19792019_1928.jpg,منتج Hazem19792019_1928,أخرى,c0daf2dee2e0c03f,
993,Hazem19792019_1929.jpg,منتج Hazem19792019_1929,أخرى,7171717175506074,
994,Hazem19792019_193.jpg,منتج Hazem19792019_193,أخرى,0180ffffff310000,
995,Hazem19792019_1930.jpg,منتج Hazem19792019_1930,أخرى,ffffbc8000637e00,
996,Hazem19792019_1931.jpg,منتج Hazem19792019_1931,أخرى,83810101077f7f3f,
997,Hazem19792019_1932.jpg,منتج Hazem19792019_1932,أخرى,ffbf03311044fbff,يوجد صور متطابقة/متشابهة بصرياً
998,Hazem19792019_1933.jpg,منتج Hazem19792019_1933,أخرى,f7878786c0c1f3ff,يوجد صور متطابقة/متشابهة بصرياً
999,Hazem19792019_1934.jpg,منتج Hazem19792019_1934,أخرى,bb1b70f8f8790303,
1000,Hazem19792019_1935.jpg,منتج Hazem19792019_1935,أخرى,fefec0c0a2f0fc80,يوجد صور متطابقة/متشابهة بصرياً
1001,Hazem19792019_1936.jpg,منتج Hazem19792019_1936,أخرى,e781011189f7fbff,يوجد صور متطابقة/متشابهة بصرياً
1002,Hazem19792019_1937.jpg,منتج Hazem19792019_1937,أخرى,c3ffe3c1f8930179,يوجد صور متطابقة/متشابهة بصرياً
1003,Hazem19792019_1938.jpg,منتج Hazem19792019_1938,أخرى,ff93830fb3b1b1ff,يوجد صور متطابقة/متشابهة بصرياً
1004,Hazem19792019_1939.jpg,منتج Hazem19792019_1939,أخرى,ffffd91199ffe38c,يوجد صور متطابقة/متشابهة بصرياً
1005,Hazem19792019_194.jpg,منتج Hazem19792019_194,أخرى,007cffffff7f0600,يوجد صور متطابقة/متشابهة بصرياً
1006,Hazem19792019_1940.jpg,منتج Hazem19792019_1940,أخرى,fffffb818b03019f,
1007,Hazem19792019_1941.jpg,منتج Hazem19792019_1941,أخرى,ffff81818181819f,يوجد صور متطابقة/متشابهة بصرياً
1008,Hazem19792019_1942.jpg,منتج Hazem19792019_1942,أخرى,fff9808080809fff,يوجد صور متطابقة/متشابهة بصرياً
1009,Hazem19792019_1943.jpg,منتج Hazem19792019_1943,أخرى,ff8580040185ffff,
1010,Hazem19792019_1944.jpg,منتج Hazem19792019_1944,أخرى,ffff8181818181df,يوجد صور متطابقة/متشابهة بصرياً
1011,Hazem19792019_1945.jpg,منتج Hazem19792019_1945,أخرى,fffff090818781ff,
1012,Hazem19792019_1946.jpg,منتج Hazem19792019_1946,أخرى,ff810085878781ff,
1013,Hazem19792019_1947.jpg,منتج Hazem19792019_1947,أخرى,ff83818181818383,
1014,Hazem19792019_1948.jpg,منتج Hazem19792019_1948,أخرى,fff8f0f0f0f0f0f0,
1015,Hazem19792019_1949.jpg,منتج Hazem19792019_1949,أخرى,bf1f190020f0b0f5,
1016,Hazem19792019_195.jpg,منتج Hazem19792019_195,أخرى,001e9fbb3f3e0000,يوجد صور متطابقة/متشابهة بصرياً
1017,Hazem19792019_1950.jpg,منتج Hazem19792019_1950,أخرى,ffffc0c0c0c0c0c3,
1018,Hazem19792019_1951.jpg,منتج Hazem19792019_1951,أخرى,ffff8100818181ff,
1019,Hazem19792019_1952.jpg,منتج Hazem19792019_1952,أخرى,d91818760460b9ff,
1020,Hazem19792019_1953.jpg,منتج Hazem19792019_1953,أخرى,ff01070787878787,
1021,Hazem19792019_1954.jpg,منتج Hazem19792019_1954,أخرى,ffff17000000f1ff,
1022,Hazem19792019_1955.jpg,منتج Hazem19792019_1955,أخرى,9b93bfffbffc8080,يوجد صور متطابقة/متشابهة بصرياً
1023,Hazem19792019_1956.jpg,منتج Hazem19792019_1956,أخرى,08183ffffcfc9b03,
1024,Hazem19792019_1957.jpg,منتج Hazem19792019_1957,أخرى,ff838383830383df,يوجد صور متطابقة/متشابهة بصرياً
1025,Hazem19792019_1958.jpg,منتج Hazem19792019_1958,أخرى,fffc00018383efef,
1026,Hazem19792019_196.jpg,منتج Hazem19792019_196,أخرى,003c3c3cbc3c3c00,
1027,Hazem19792019_1960.jpg,منتج Hazem19792019_1960,أخرى,7ff18303191000ff,
1028,Hazem19792019_1961.jpg,منتج Hazem19792019_1961,أخرى,ffffff000c000400,
1029,Hazem19792019_1962.jpg,منتج Hazem19792019_1962,أخرى,3ffcc0e3bc1f1d1f,يوجد صور متطابقة/متشابهة بصرياً
1030,Hazem19792019_1963.jpg,منتج Hazem19792019_1963,أخرى,00000f1f1f4e46ce,يوجد صور متطابقة/متشابهة بصرياً
1031,Hazem19792019_1964.jpg,منتج Hazem19792019_1964,أخرى,80faf2d2e27ac000,يوجد صور متطابقة/متشابهة بصرياً
1032,Hazem19792019_1965.jpg,منتج Hazem19792019_1965,أخرى,3ffcf417141f171f,يوجد صور متطابقة/متشابهة بصرياً
1033,Hazem19792019_1966.jpg,منتج Hazem19792019_1966,أخرى,007c7e7e7e0f1d7f,يوجد صور متطابقة/متشابهة بصرياً
1034,Hazem19792019_1967.jpg,منتج Hazem19792019_1967,أخرى,ffd181c1f1f1f0ff,يوجد صور متطابقة/متشابهة بصرياً
1035,Hazem19792019_1968.jpg,منتج Hazem19792019_1968,أخرى,01bf7f1f171d217f,يوجد صور متطابقة/متشابهة بصرياً
1036,Hazem19792019_1969.jpg,منتج Hazem19792019_1969,أخرى,ffefc7c5c1a3e3ff,يوجد صور متطابقة/متشابهة بصرياً
1037,Hazem19792019_197.jpg,منتج Hazem19792019_197,أخرى,80f893eddfff3e00,
1038,Hazem19792019_1970.jpg,منتج Hazem19792019_1970,أخرى,ffe7c3c3eeff4100,يوجد صور متطابقة/متشابهة بصرياً
1039,Hazem19792019_1971.jpg,منتج Hazem19792019_1971,أخرى,ffffff040080f9ff,يوجد صور متطابقة/متشابهة بصرياً
1040,Hazem19792019_1972.jpg,منتج Hazem19792019_1972,أخرى,9c9c9cfedf4d040c,يوجد صور متطابقة/متشابهة بصرياً
1041,Hazem19792019_1973.jpg,منتج Hazem19792019_1973,أخرى,0e7f766f76026000,يوجد صور متطابقة/متشابهة بصرياً
1042,Hazem19792019_1974.jpg,منتج Hazem19792019_1974,أخرى,c3818189898989fb,يوجد صور متطابقة/متشابهة بصرياً
1043,Hazem19792019_1975.jpg,منتج Hazem19792019_1975,أخرى,3c3cff3d30300242,يوجد صور متطابقة/متشابهة بصرياً
1044,Hazem19792019_1976.jpg,منتج Hazem19792019_1976,أخرى,ffc080c0c0c3c0df,يوجد صور متطابقة/متشابهة بصرياً
1045,Hazem19792019_1977.jpg,منتج Hazem19792019_1977,أخرى,cf8181c1818181ff,يوجد صور متطابقة/متشابهة بصرياً
1046,Hazem19792019_1978.jpg,منتج Hazem19792019_1978,أخرى,ff8181c1818181e3,يوجد صور متطابقة/متشابهة بصرياً
1047,Hazem19792019_1979.jpg,منتج Hazem19792019_1979,أخرى,8f8727637327073f,يوجد صور متطابقة/متشابهة بصرياً
1048,Hazem19792019_198.jpg,منتج Hazem19792019_198,أخرى,001e9fbb3f3e0000,يوجد صور متطابقة/متشابهة بصرياً
1049,Hazem19792019_1980.jpg,منتج Hazem19792019_1980,أخرى,f8e02103131f1fff,يوجد صور متطابقة/متشابهة بصرياً
1050,Hazem19792019_1981.jpg,منتج Hazem19792019_1981,أخرى,ff422031310101ff,يوجد صور متطابقة/متشابهة بصرياً
1051,Hazem19792019_1982.jpg,منتج Hazem19792019_1982,أخرى,ff8021b1a18181ff,يوجد صور متطابقة/متشابهة بصرياً
1052,Hazem19792019_1983.jpg,منتج Hazem19792019_1983,أخرى,ffdff161208080ff,يوجد صور متطابقة/متشابهة بصرياً
1053,Hazem19792019_1984.jpg,منتج Hazem19792019_1984,أخرى,7e7e7ee4cecc5cf8,يوجد صور متطابقة/متشابهة بصرياً
1054,Hazem19792019_1985.jpg,منتج Hazem19792019_1985,أخرى,0303dbdb1b1bc323,يوجد صور متطابقة/متشابهة بصرياً
1055,Hazem19792019_1986.jpg,منتج Hazem19792019_1986,أخرى,0000c3470f0b6363,يوجد صور متطابقة/متشابهة بصرياً
1056,Hazem19792019_1987.jpg,منتج Hazem19792019_1987,أخرى,000227ffcf074200,يوجد صور متطابقة/متشابهة بصرياً
1057,Hazem19792019_1988.jpg,منتج Hazem19792019_1988,أخرى,000737fd8f07c240,يوجد صور متطابقة/متشابهة بصرياً
1058,Hazem19792019_1989.jpg,منتج Hazem19792019_1989,أخرى,0000cbdf071bc2eb,يوجد صور متطابقة/متشابهة بصرياً
1059,Hazem19792019_199.jpg,منتج Hazem19792019_199,أخرى,001e7fff7f7f0000,يوجد صور متطابقة/متشابهة بصرياً
1060,Hazem19792019_1990.jpg,منتج Hazem19792019_1990,أخرى,00000c5f7f5140ff,يوجد صور متطابقة/متشابهة بصرياً
1061,Hazem19792019_1991.jpg,منتج Hazem19792019_1991,أخرى,000e1e383e7e00ff,يوجد صور متطابقة/متشابهة بصرياً
1062,Hazem19792019_1992.jpg,منتج Hazem19792019_1992,أخرى,000018387e7e0000,يوجد صور متطابقة/متشابهة بصرياً
1063,Hazem19792019_1993.jpg,منتج Hazem19792019_1993,أخرى,ff8392b00003ffff,
1064,Hazem19792019_1994.jpg,منتج Hazem19792019_1994,أخرى,1f19901f0f0dcdcf,يوجد صور متطابقة/متشابهة بصرياً
1065,Hazem19792019_1995.jpg,منتج Hazem19792019_1995,أخرى,ffdf8f87c73b0000,
1066,Hazem19792019_1996.jpg,منتج Hazem19792019_1996,أخرى,e781011189f7fbff,يوجد صور متطابقة/متشابهة بصرياً
1067,Hazem19792019_1997.jpg,منتج Hazem19792019_1997,أخرى,fefec0c0a2f0fc80,يوجد صور متطابقة/متشابهة بصرياً
1068,Hazem19792019_1998.jpg,منتج Hazem19792019_1998,أخرى,0f3f7f7f767c0000,
1069,Hazem19792019_1999.jpg,منتج Hazem19792019_1999,أخرى,1f77f71fff000103,يوجد صور متطابقة/متشابهة بصرياً
1070,Hazem19792019_20.jpg,منتج Hazem19792019_20,أخرى,0000e3e304e6ccff,
1071,Hazem19792019_200.jpg,منتج Hazem19792019_200,أخرى,34fff7c7c77e3000,يوجد صور متطابقة/متشابهة بصرياً
1072,Hazem19792019_2000.jpg,منتج Hazem19792019_2000,أخرى,fffd007fff000000,يوجد صور متطابقة/متشابهة بصرياً
1073,Hazem19792019_2001.jpg,منتج Hazem19792019_2001,أخرى,3f33e3fbebffff00,يوجد صور متطابقة/متشابهة بصرياً
1074,Hazem19792019_2002.jpg,منتج Hazem19792019_2002,أخرى,0b5fe03c7e3e0001,يوجد صور متطابقة/متشابهة بصرياً
1075,Hazem19792019_2003.jpg,منتج Hazem19792019_2003,أخرى,f7f784060121f1f1,يوجد صور متطابقة/متشابهة بصرياً
1076,Hazem19792019_2004.jpg,منتج Hazem19792019_2004,أخرى,ffe13399998f8fff,يوجد صور متطابقة/متشابهة بصرياً
1077,Hazem19792019_2005.jpg,منتج Hazem19792019_2005,أخرى,f3ef09000c1effff,يوجد صور متطابقة/متشابهة بصرياً
1078,Hazem19792019_2006.jpg,منتج Hazem19792019_2006,أخرى,fffeeefc90808c00,يوجد صور متطابقة/متشابهة بصرياً
1079,Hazem19792019_2007.jpg,منتج Hazem19792019_2007,أخرى,3c7e7e7e027e5cc8,يوجد صور متطابقة/متشابهة بصرياً
1080,Hazem19792019_2008.jpg,منتج Hazem19792019_2008,أخرى,fff9e8c0880818bb,يوجد صور متطابقة/متشابهة بصرياً
1081,Hazem19792019_2009.jpg,منتج Hazem19792019_2009,أخرى,42db8181e7e77f02,يوجد صور متطابقة/متشابهة بصرياً
1082,Hazem19792019_201.jpg,منتج Hazem19792019_201,أخرى,7ccefffbf3020002,
1083,Hazem19792019_2010.jpg,منتج Hazem19792019_2010,أخرى,f3a1a1bfffff8000,يوجد صور متطابقة/متشابهة بصرياً
1084,Hazem19792019_2011.jpg,منتج Hazem19792019_2011,أخرى,ffffdf09098180ff,
1085,Hazem19792019_2012.jpg,منتج Hazem19792019_2012,أخرى,ffff7b39282c0800,
1086,Hazem19792019_2013.jpg,منتج Hazem19792019_2013,أخرى,00000083cfffffff,
1087,Hazem19792019_2014.jpg,منتج Hazem19792019_2014,أخرى,ffffefef032f0000,يوجد صور متطابقة/متشابهة بصرياً
1088,Hazem19792019_2015.jpg,منتج Hazem19792019_2015,أخرى,c783c1e7fdc7bfff,يوجد صور متطابقة/متشابهة بصرياً
1089,Hazem19792019_2016.jpg,منتج Hazem19792019_2016,أخرى,1e3c6fe3c7c3737f,يوجد صور متطابقة/متشابهة بصرياً
1090,Hazem19792019_2017.jpg,منتج Hazem19792019_2017,أخرى,ffbf8f870fc3f1fc,يوجد صور متطابقة/متشابهة بصرياً
1091,Hazem19792019_2018.jpg,منتج Hazem19792019_2018,أخرى,f0f89c8cbc8c8cfc,يوجد صور متطابقة/متشابهة بصرياً
1092,Hazem19792019_2019.jpg,منتج Hazem19792019_2019,أخرى,f87c7f7b73474c00,يوجد صور متطابقة/متشابهة بصرياً
1093,Hazem19792019_202.jpg,منتج Hazem19792019_202,أخرى,14fc7ceefffe8000,
1094,Hazem19792019_2020.jpg,منتج Hazem19792019_2020,أخرى,007f777ffc80c300,يوجد صور متطابقة/متشابهة بصرياً
1095,Hazem19792019_2021.jpg,منتج Hazem19792019_2021,أخرى,60fee6f47d000023,
1096,Hazem19792019_2022.jpg,منتج Hazem19792019_2022,أخرى,ff1f1f9fd3d3d9df,يوجد صور متطابقة/متشابهة بصرياً
1097,Hazem19792019_2023.jpg,منتج Hazem19792019_2023,أخرى,ffffefef032f0000,يوجد صور متطابقة/متشابهة بصرياً
1098,Hazem19792019_2024.jpg,منتج Hazem19792019_2024,أخرى,fffdd9d181c1cf0c,
1099,Hazem19792019_2025.jpg,منتج Hazem19792019_2025,أخرى,ffc3838383e7ff73,
1100,Hazem19792019_2026.jpg,منتج Hazem19792019_2026,أخرى,ff8000feffcec470,
1101,Hazem19792019_2027.jpg,منتج Hazem19792019_2027,أخرى,ffe7e3e363010e00,
1102,Hazem19792019_2028.jpg,منتج Hazem19792019_2028,أخرى,fffffffffff30000,يوجد صور متطابقة/متشابهة بصرياً
1103,Hazem19792019_2029.jpg,منتج Hazem19792019_2029,أخرى,fd78f7f242660008,
1104,Hazem19792019_203.jpg,منتج Hazem19792019_203,أخرى,00c2dcfbf3c17e00,يوجد صور متطابقة/متشابهة بصرياً
1105,Hazem19792019_2030.jpg,منتج Hazem19792019_2030,أخرى,fe7e66161287c314,
1106,Hazem19792019_2031.jpg,منتج Hazem19792019_2031,أخرى,81073e7fcd0407ff,يوجد صور متطابقة/متشابهة بصرياً
1107,Hazem19792019_2032.jpg,منتج Hazem19792019_2032,أخرى,007e5efcfef6f3ff,يوجد صور متطابقة/متشابهة بصرياً
1108,Hazem19792019_2033.jpg,منتج Hazem19792019_2033,أخرى,ffff8783c0c00000,يوجد صور متطابقة/متشابهة بصرياً
1109,Hazem19792019_2034.jpg,منتج Hazem19792019_2034,أخرى,c381c3c3c3c3c3c3,
1110,Hazem19792019_2035.jpg,منتج Hazem19792019_2035,أخرى,c381c3c7c7c7c7c7,
1111,Hazem19792019_2036.jpg,منتج Hazem19792019_2036,أخرى,8104343183f1f9f9,يوجد صور متطابقة/متشابهة بصرياً
1112,Hazem19792019_2037.jpg,منتج Hazem19792019_2037,أخرى,dd9fe7e787879101,يوجد صور متطابقة/متشابهة بصرياً
1113,Hazem19792019_2038.jpg,منتج Hazem19792019_2038,أخرى,00031f434b5b4bff,يوجد صور متطابقة/متشابهة بصرياً
1114,Hazem19792019_2039.jpg,منتج Hazem19792019_2039,أخرى,fcf8e0f0f8f0e0b8,يوجد صور متطابقة/متشابهة بصرياً
1115,Hazem19792019_204.jpg,منتج Hazem19792019_204,أخرى,0fe3c393b3ff7f00,
1116,Hazem19792019_2040.jpg,منتج Hazem19792019_2040,أخرى,ffff7f0406070007,يوجد صور متطابقة/متشابهة بصرياً
1117,Hazem19792019_2041.jpg,منتج Hazem19792019_2041,أخرى,00031f434b5b4bff,يوجد صور متطابقة/متشابهة بصرياً
1118,Hazem19792019_2042.jpg,منتج Hazem19792019_2042,أخرى,ffff737370603100,يوجد صور متطابقة/متشابهة بصرياً
1119,Hazem19792019_2043.jpg,منتج Hazem19792019_2043,أخرى,bfa000ffff8181ff,يوجد صور متطابقة/متشابهة بصرياً
1120,Hazem19792019_2044.jpg,منتج Hazem19792019_2044,أخرى,0000f8fec7c7effb,يوجد صور متطابقة/متشابهة بصرياً
1121,Hazem19792019_2045.jpg,منتج Hazem19792019_2045,أخرى,ff770f0f81c767c7,يوجد صور متطابقة/متشابهة بصرياً
1122,Hazem19792019_2046.jpg,منتج Hazem19792019_2046,أخرى,04c60b6d7f393100,
1123,Hazem19792019_2047.jpg,منتج Hazem19792019_2047,أخرى,81bc9c04e0fccfff,
1124,Hazem19792019_2048.jpg,منتج Hazem19792019_2048,أخرى,31f99dc1f0f0b600,
1125,Hazem19792019_2049.jpg,منتج Hazem19792019_2049,أخرى,0000c0e1e3eccfff,يوجد صور متطابقة/متشابهة بصرياً
1126,Hazem19792019_205.jpg,منتج Hazem19792019_205,أخرى,0383332fffdfc300,
1127,Hazem19792019_2050.jpg,منتج Hazem19792019_2050,أخرى,dcffdf4848ac09ff,
1128,Hazem19792019_2051.jpg,منتج Hazem19792019_2051,أخرى,e7f68181f3f3fbff,يوجد صور متطابقة/متشابهة بصرياً
1129,Hazem19792019_2052.jpg,منتج Hazem19792019_2052,أخرى,ff819195948581f9,يوجد صور متطابقة/متشابهة بصرياً
1130,Hazem19792019_2053.jpg,منتج Hazem19792019_2053,أخرى,e7c3c3c3c3c3c3fb,يوجد صور متطابقة/متشابهة بصرياً
1131,Hazem19792019_2054.jpg,منتج Hazem19792019_2054,أخرى,7e7e7ee4cecc5cf8,يوجد صور متطابقة/متشابهة بصرياً
1132,Hazem19792019_2055.jpg,منتج Hazem19792019_2055,أخرى,0020767666666440,يوجد صور متطابقة/متشابهة بصرياً
1133,Hazem19792019_2056.jpg,منتج Hazem19792019_2056,أخرى,fffefec3e1c3c7df,يوجد صور متطابقة/متشابهة بصرياً
1134,Hazem19792019_2057.jpg,منتج Hazem19792019_2057,أخرى,0020767666666440,يوجد صور متطابقة/متشابهة بصرياً
1135,Hazem19792019_2058.jpg,منتج Hazem19792019_2058,أخرى,9f8f8f81000b8bcf,يوجد صور متطابقة/متشابهة بصرياً
1136,Hazem19792019_2059.jpg,منتج Hazem19792019_2059,أخرى,8767c7f9c0120303,يوجد صور متطابقة/متشابهة بصرياً
1137,Hazem19792019_206.jpg,منتج Hazem19792019_206,أخرى,fcffc38388b80000,
1138,Hazem19792019_2060.jpg,منتج Hazem19792019_2060,أخرى,000067efcf064646,يوجد صور متطابقة/متشابهة بصرياً
1139,Hazem19792019_2061.jpg,منتج Hazem19792019_2061,أخرى,18187aff7b1c9818,يوجد صور متطابقة/متشابهة بصرياً
1140,Hazem19792019_2062.jpg,منتج Hazem19792019_2062,أخرى,00060f0f0f4646c6,يوجد صور متطابقة/متشابهة بصرياً
1141,Hazem19792019_2063.jpg,منتج Hazem19792019_2063,أخرى,000018387e7e5e00,يوجد صور متطابقة/متشابهة بصرياً
1142,Hazem19792019_2064.jpg,منتج Hazem19792019_2064,أخرى,00001c7e7e1c1858,يوجد صور متطابقة/متشابهة بصرياً
1143,Hazem19792019_2065.jpg,منتج Hazem19792019_2065,أخرى,000006efcf464642,يوجد صور متطابقة/متشابهة بصرياً
1144,Hazem19792019_2066.jpg,منتج Hazem19792019_2066,أخرى,7c245b183b185802,يوجد صور متطابقة/متشابهة بصرياً
1145,Hazem19792019_2067.jpg,منتج Hazem19792019_2067,أخرى,ffff81818181819f,يوجد صور متطابقة/متشابهة بصرياً
1146,Hazem19792019_2068.jpg,منتج Hazem19792019_2068,أخرى,fff9808080809fff,يوجد صور متطابقة/متشابهة بصرياً
1147,Hazem19792019_2069.jpg,منتج Hazem19792019_2069,أخرى,ffc3c3c1c1c181df,يوجد صور متطابقة/متشابهة بصرياً
1148,Hazem19792019_207.jpg,منتج Hazem19792019_207,أخرى,33ff2efefefc0087,
1149,Hazem19792019_2070.jpg,منتج Hazem19792019_2070,أخرى,6e7f60343510b01e,يوجد صور متطابقة/متشابهة بصرياً
1150,Hazem19792019_2071.jpg,منتج Hazem19792019_2071,أخرى,ffa7e1c1c343033f,
1151,Hazem19792019_2072.jpg,منتج Hazem19792019_2072,أخرى,7f0373030233ecfc,يوجد صور متطابقة/متشابهة بصرياً
1152,Hazem19792019_2073.jpg,منتج Hazem19792019_2073,أخرى,7c3c12020402ffff,يوجد صور متطابقة/متشابهة بصرياً
1153,Hazem19792019_2074.jpg,منتج Hazem19792019_2074,أخرى,003e3e72223ec7fb,يوجد صور متطابقة/متشابهة بصرياً
1154,Hazem19792019_2075.jpg,منتج Hazem19792019_2075,أخرى,007c702030d8fdfd,يوجد صور متطابقة/متشابهة بصرياً
1155,Hazem19792019_2076.jpg,منتج Hazem19792019_2076,أخرى,017c7c2030f8fdfd,يوجد صور متطابقة/متشابهة بصرياً
1156,Hazem19792019_2077.jpg,منتج Hazem19792019_2077,أخرى,0070300021a3ffff,يوجد صور متطابقة/متشابهة بصرياً
1157,Hazem19792019_2078.jpg,منتج Hazem19792019_2078,أخرى,801e7e703c70ffff,يوجد صور متطابقة/متشابهة بصرياً
1158,Hazem19792019_2079.jpg,منتج Hazem19792019_2079,أخرى,8385e18104e7f7f6,يوجد صور متطابقة/متشابهة بصرياً
1159,Hazem19792019_208.jpg,منتج Hazem19792019_208,أخرى,01fff871717b3f00,
1160,Hazem19792019_2080.jpg,منتج Hazem19792019_2080,أخرى,0000000013ffffff,
1161,Hazem19792019_2081.jpg,منتج Hazem19792019_2081,أخرى,dbc183c3c181f7ff,يوجد صور متطابقة/متشابهة بصرياً
1162,Hazem19792019_2082.jpg,منتج Hazem19792019_2082,أخرى,181c1c181c7e7fff,يوجد صور متطابقة/متشابهة بصرياً
1163,Hazem19792019_2083.jpg,منتج Hazem19792019_2083,أخرى,fea606263c063fff,يوجد صور متطابقة/متشابهة بصرياً
1164,Hazem19792019_2084.jpg,منتج Hazem19792019_2084,أخرى,ff600001202297ff,يوجد صور متطابقة/متشابهة بصرياً
1165,Hazem19792019_2085.jpg,منتج Hazem19792019_2085,أخرى,7f7e22003c03c3ff,يوجد صور متطابقة/متشابهة بصرياً
1166,Hazem19792019_2086.jpg,منتج Hazem19792019_2086,أخرى,de6e020c04065fff,
1167,Hazem19792019_2087.jpg,منتج Hazem19792019_2087,أخرى,007c600433c1ddff,يوجد صور متطابقة/متشابهة بصرياً
1168,Hazem19792019_2088.jpg,منتج Hazem19792019_2088,أخرى,3e000c1e000fffff,يوجد صور متطابقة/متشابهة بصرياً
1169,Hazem19792019_2089.jpg,منتج Hazem19792019_2089,أخرى,012f1c0f0f0f0f0f,يوجد صور متطابقة/متشابهة بصرياً
1170,Hazem19792019_209.jpg,منتج Hazem19792019_209,أخرى,00100e0690d0ffff,يوجد صور متطابقة/متشابهة بصرياً
1171,Hazem19792019_2090.jpg,منتج Hazem19792019_2090,أخرى,ff818181898981ff,يوجد صور متطابقة/متشابهة بصرياً
1172,Hazem19792019_2091.jpg,منتج Hazem19792019_2091,أخرى,0d1703070707e2e7,
1173,Hazem19792019_2092.jpg,منتج Hazem19792019_2092,أخرى,07c33d01013d81cb,يوجد صور متطابقة/متشابهة بصرياً
1174,Hazem19792019_2093.jpg,منتج Hazem19792019_2093,أخرى,7ff2f87e7af80000,
1175,Hazem19792019_2094.jpg,منتج Hazem19792019_2094,أخرى,9e00004e7effffff,
1176,Hazem19792019_2095.jpg,منتج Hazem19792019_2095,أخرى,04fec2eefefe00f0,
1177,Hazem19792019_2096.jpg,منتج Hazem19792019_2096,أخرى,3bd3e57171310101,
1178,Hazem19792019_2097.jpg,منتج Hazem19792019_2097,أخرى,00003effffff3900,
1179,Hazem19792019_2098.jpg,منتج Hazem19792019_2098,أخرى,03011fb7b3670100,
1180,Hazem19792019_2099.jpg,منتج Hazem19792019_2099,أخرى,00007f7f227ffffe,
1181,Hazem19792019_210.jpg,منتج Hazem19792019_210,أخرى,ffff00061e7e043e,يوجد صور متطابقة/متشابهة بصرياً
1182,Hazem19792019_2100.jpg,منتج Hazem19792019_2100,أخرى,6e7f60343510b01e,يوجد صور متطابقة/متشابهة بصرياً
1183,Hazem19792019_2101.jpg,منتج Hazem19792019_2101,أخرى,ffc3c3c1c1c181df,يوجد صور متطابقة/متشابهة بصرياً
1184,Hazem19792019_2102.jpg,منتج Hazem19792019_2102,أخرى,fff9808080809fff,يوجد صور متطابقة/متشابهة بصرياً
1185,Hazem19792019_2103.jpg,منتج Hazem19792019_2103,أخرى,ffff81818181819f,يوجد صور متطابقة/متشابهة بصرياً
1186,Hazem19792019_2104.jpg,منتج Hazem19792019_2104,أخرى,ffff8181818181df,يوجد صور متطابقة/متشابهة بصرياً
1187,Hazem19792019_2105.jpg,منتج Hazem19792019_2105,أخرى,ffd181c1f1f1f0ff,يوجد صور متطابقة/متشابهة بصرياً
1188,Hazem19792019_2106.jpg,منتج Hazem19792019_2106,أخرى,fefeffff0200040f,
1189,Hazem19792019_2107.jpg,منتج Hazem19792019_2107,أخرى,ffffffff00000007,
1190,Hazem19792019_2108.jpg,منتج Hazem19792019_2108,أخرى,ffffffff0000030f,
1191,Hazem19792019_2109.jpg,منتج Hazem19792019_2109,أخرى,3c34ff3d30300242,
1192,Hazem19792019_211.jpg,منتج Hazem19792019_211,أخرى,40fffe3e0a00024e,
1193,Hazem19792019_2111.jpg,منتج Hazem19792019_2111,أخرى,ff8d819809c81800,
1194,Hazem19792019_2112.jpg,منتج Hazem19792019_2112,أخرى,189f1f1a9e1808f2,يوجد صور متطابقة/متشابهة بصرياً
1195,Hazem19792019_2113.jpg,منتج Hazem19792019_2113,أخرى,0001031fffff1fff,
1196,Hazem19792019_2114.jpg,منتج Hazem19792019_2114,أخرى,1e1f1f0b0f1b00c0,يوجد صور متطابقة/متشابهة بصرياً
1197,Hazem19792019_2115.jpg,منتج Hazem19792019_2115,أخرى,83869f8f8787f232,يوجد صور متطابقة/متشابهة بصرياً
1198,Hazem19792019_2116.jpg,منتج Hazem19792019_2116,أخرى,ff8f85e5e5f6f010,يوجد صور متطابقة/متشابهة بصرياً
1199,Hazem19792019_2117.jpg,منتج Hazem19792019_2117,أخرى,c181e3ffc000ffc0,يوجد صور متطابقة/متشابهة بصرياً
1200,Hazem19792019_2118.jpg,منتج Hazem19792019_2118,أخرى,061608fdfdfffc1e,يوجد صور متطابقة/متشابهة بصرياً
1201,Hazem19792019_2119.jpg,منتج Hazem19792019_2119,أخرى,0000260ffffeefe7,يوجد صور متطابقة/متشابهة بصرياً
1202,Hazem19792019_212.jpg,منتج Hazem19792019_212,أخرى,237c0e9b91ef6e24,
1203,Hazem19792019_2120.jpg,منتج Hazem19792019_2120,أخرى,c308203a3b3b3cff,
1204,Hazem19792019_2121.jpg,منتج Hazem19792019_2121,أخرى,3cddedc8ecec2800,يوجد صور متطابقة/متشابهة بصرياً
1205,Hazem19792019_2122.jpg,منتج Hazem19792019_2122,أخرى,40000c3f7f7d6cff,
1206,Hazem19792019_2123.jpg,منتج Hazem19792019_2123,أخرى,7e7e0c04b490c4fc,
1207,Hazem19792019_2124.jpg,منتج Hazem19792019_2124,أخرى,0efe7e18593f2042,
1208,Hazem19792019_2125.jpg,منتج Hazem19792019_2125,أخرى,f8ffff4f6b3f0080,
1209,Hazem19792019_2126.jpg,منتج Hazem19792019_2126,أخرى,1ff7fd1d39390000,
1210,Hazem19792019_2127.jpg,منتج Hazem19792019_2127,أخرى,80ff8f4fd918ff00,
1211,Hazem19792019_2128.jpg,منتج Hazem19792019_2128,أخرى,38ffe00c1e7c0101,
1212,Hazem19792019_2129.jpg,منتج Hazem19792019_2129,أخرى,1c1e0f0fafcf0f00,
1213,Hazem19792019_213.jpg,منتج Hazem19792019_213,أخرى,081b030f0703817f,
1214,Hazem19792019_2130.jpg,منتج Hazem19792019_2130,أخرى,7097bfeff3c18800,
1215,Hazem19792019_2131.jpg,منتج Hazem19792019_2131,أخرى,00143f3fdf5f000e,
1216,Hazem19792019_2132.jpg,منتج Hazem19792019_2132,أخرى,00fefefee6f67800,
1217,Hazem19792019_2133.jpg,منتج Hazem19792019_2133,أخرى,0f4636eee00063ff,
1218,Hazem19792019_2134.jpg,منتج Hazem19792019_2134,أخرى,e7fd7c6c4d410101,
1219,Hazem19792019_2135.jpg,منتج Hazem19792019_2135,أخرى,4c4eddbcdffdcd02,
1220,Hazem19792019_2136.jpg,منتج Hazem19792019_2136,أخرى,fffa3a1e64387cfc,
1221,Hazem19792019_2137.jpg,منتج Hazem19792019_2137,أخرى,ffffe7e7b7d10000,
1222,Hazem19792019_2138.jpg,منتج Hazem19792019_2138,أخرى,b81b193b1b989b99,
1223,Hazem19792019_2139.jpg,منتج Hazem19792019_2139,أخرى,ec0000fefeec6efc,
1224,Hazem19792019_214.jpg,منتج Hazem19792019_214,أخرى,383f0f47067ffe00,يوجد صور متطابقة/متشابهة بصرياً
1225,Hazem19792019_2140.jpg,منتج Hazem19792019_2140,أخرى,060001f776e5fe80,
1226,Hazem19792019_2141.jpg,منتج Hazem19792019_2141,أخرى,ffe2c08080e0fffa,
1227,Hazem19792019_2142.jpg,منتج Hazem19792019_2142,أخرى,c13f7f87070f079f,
1228,Hazem19792019_2143.jpg,منتج Hazem19792019_2143,أخرى,3f03337103711f00,
1229,Hazem19792019_2144.jpg,منتج Hazem19792019_2144,أخرى,fd2d69797d190909,
1230,Hazem19792019_2145.jpg,منتج Hazem19792019_2145,أخرى,f9d94965207121db,
1231,Hazem19792019_2146.jpg,منتج Hazem19792019_2146,أخرى,ff04ff11090e80ff,
1232,Hazem19792019_2147.jpg,منتج Hazem19792019_2147,أخرى,ffffe89cfd482020,
1233,Hazem19792019_2148.jpg,منتج Hazem19792019_2148,أخرى,ccb0b5323382fef6,
1234,Hazem19792019_2149.jpg,منتج Hazem19792019_2149,أخرى,7706663276af00c0,
1235,Hazem19792019_215.jpg,منتج Hazem19792019_215,أخرى,386ce6754905c100,يوجد صور متطابقة/متشابهة بصرياً
1236,Hazem19792019_2150.jpg,منتج Hazem19792019_2150,أخرى,fefe82b38383df01,
1237,Hazem19792019_2151.jpg,منتج Hazem19792019_2151,أخرى,38f0b989c0806c6c,
1238,Hazem19792019_2152.jpg,منتج Hazem19792019_2152,أخرى,c7ff70306070b0f1,
1239,Hazem19792019_2153.jpg,منتج Hazem19792019_2153,أخرى,00fffffbe7000000,
1240,Hazem19792019_2154.jpg,منتج Hazem19792019_2154,أخرى,ffffff76363f0000,
1241,Hazem19792019_2155.jpg,منتج Hazem19792019_2155,أخرى,f7878786c0c1f3ff,يوجد صور متطابقة/متشابهة بصرياً
1242,Hazem19792019_2156.jpg,منتج Hazem19792019_2156,أخرى,ffffff040080f9ff,يوجد صور متطابقة/متشابهة بصرياً
1243,Hazem19792019_2157.jpg,منتج Hazem19792019_2157,أخرى,8183ffe089f9f700,
1244,Hazem19792019_2158.jpg,منتج Hazem19792019_2158,أخرى,ffffeff762200000,
1245,Hazem19792019_2159.jpg,منتج Hazem19792019_2159,أخرى,e0fde3fb38040ea2,
1246,Hazem19792019_216.jpg,منتج Hazem19792019_216,أخرى,0002023f3f83efcd,يوجد صور متطابقة/متشابهة بصرياً
1247,Hazem19792019_2160.jpg,منتج Hazem19792019_2160,أخرى,7efa7202022efefe,
1248,Hazem19792019_2161.jpg,منتج Hazem19792019_2161,أخرى,787f7350507c7f00,
1249,Hazem19792019_2162.jpg,منتج Hazem19792019_2162,أخرى,00337f7b7f7fc0c0,
1250,Hazem19792019_2163.jpg,منتج Hazem19792019_2163,أخرى,ffff613d11818080,
1251,Hazem19792019_2164.jpg,منتج Hazem19792019_2164,أخرى,ffff1f034101ff40,
1252,Hazem19792019_2165.jpg,منتج Hazem19792019_2165,أخرى,e38180a4f4750501,
1253,Hazem19792019_2166.jpg,منتج Hazem19792019_2166,أخرى,9fbf011fbbb00081,
1254,Hazem19792019_2167.jpg,منتج Hazem19792019_2167,أخرى,fefcfe7e7c7c2c00,
1255,Hazem19792019_2168.jpg,منتج Hazem19792019_2168,أخرى,1919033b9b8381fb,
1256,Hazem19792019_2169.jpg,منتج Hazem19792019_2169,أخرى,fe7e7e4c64743021,
1257,Hazem19792019_217.jpg,منتج Hazem19792019_217,أخرى,7e7e1d4a4e469a82,يوجد صور متطابقة/متشابهة بصرياً
1258,Hazem19792019_2170.jpg,منتج Hazem19792019_2170,أخرى,ff7f5f2b2323033b,
1259,Hazem19792019_2171.jpg,منتج Hazem19792019_2171,أخرى,fefcfcfc7c606000,
1260,Hazem19792019_2172.jpg,منتج Hazem19792019_2172,أخرى,ffffc381818181ff,
1261,Hazem19792019_2173.jpg,منتج Hazem19792019_2173,أخرى,ffff9fc17080811f,
1262,Hazem19792019_2174.jpg,منتج Hazem19792019_2174,أخرى,feb82c3c080030ff,
1263,Hazem19792019_2175.jpg,منتج Hazem19792019_2175,أخرى,7f7f7f3c3c3e3e02,
1264,Hazem19792019_2176.jpg,منتج Hazem19792019_2176,أخرى,ff9f83736743433e,
1265,Hazem19792019_2177.jpg,منتج Hazem19792019_2177,أخرى,ffc3c3d1c1c3cbcf,
1266,Hazem19792019_2178.jpg,منتج Hazem19792019_2178,أخرى,ffff819080c0ffff,
1267,Hazem19792019_2179.jpg,منتج Hazem19792019_2179,أخرى,790e3e3e3e34a080,
1268,Hazem19792019_218.jpg,منتج Hazem19792019_218,أخرى,00f8efc387070f3e,
1269,Hazem19792019_2180.jpg,منتج Hazem19792019_2180,أخرى,ffff0f1b3500011f,
1270,Hazem19792019_2181.jpg,منتج Hazem19792019_2181,أخرى,fffbc3c3c3c3c3c3,
1271,Hazem19792019_2182.jpg,منتج Hazem19792019_2182,أخرى,3d3d7cfcbc848490,
1272,Hazem19792019_2183.jpg,منتج Hazem19792019_2183,أخرى,7ee8647c7c7c1c0c,
1273,Hazem19792019_2184.jpg,منتج Hazem19792019_2184,أخرى,ffffe1dfc0000000,
1274,Hazem19792019_2185.jpg,منتج Hazem19792019_2185,أخرى,00016660103e8ffe,
1275,Hazem19792019_2186.jpg,منتج Hazem19792019_2186,أخرى,00603040fa03bfff,
1276,Hazem19792019_2187.jpg,منتج Hazem19792019_2187,أخرى,ff838383f1c181c1,
1277,Hazem19792019_2188.jpg,منتج Hazem19792019_2188,أخرى,9ebebc8480c4c4fd,
1278,Hazem19792019_2189.jpg,منتج Hazem19792019_2189,أخرى,ffc3c1d98181ff3f,
1279,Hazem19792019_219.jpg,منتج Hazem19792019_219,أخرى,00f81891f9ffff0c,
1280,Hazem19792019_2190.jpg,منتج Hazem19792019_2190,أخرى,f8dfdd4c06121c00,
1281,Hazem19792019_2191.jpg,منتج Hazem19792019_2191,أخرى,1000fb73f82b000f,
1282,Hazem19792019_2192.jpg,منتج Hazem19792019_2192,أخرى,1c1c1c5e1e1e1e1c,يوجد صور متطابقة/متشابهة بصرياً
1283,Hazem19792019_2193.jpg,منتج Hazem19792019_2193,أخرى,fefec0c0a2f0fc80,يوجد صور متطابقة/متشابهة بصرياً
1284,Hazem19792019_2194.jpg,منتج Hazem19792019_2194,أخرى,f9f8f8707030717f,يوجد صور متطابقة/متشابهة بصرياً
1285,Hazem19792019_2195.jpg,منتج Hazem19792019_2195,أخرى,03071f1f03031307,
1286,Hazem19792019_2196.jpg,منتج Hazem19792019_2196,أخرى,fffffbf1812a1e00,
1287,Hazem19792019_2197.jpg,منتج Hazem19792019_2197,أخرى,c7ffff070606e6ff,يوجد صور متطابقة/متشابهة بصرياً
1288,Hazem19792019_2198.jpg,منتج Hazem19792019_2198,أخرى,007f7f7f7e3e3e00,
1289,Hazem19792019_2199.jpg,منتج Hazem19792019_2199,أخرى,00031f434b5b4bff,يوجد صور متطابقة/متشابهة بصرياً
1290,Hazem19792019_22.jpg,منتج Hazem19792019_22,أخرى,3f1f1f0f0f0f1f0f,
1291,Hazem19792019_220.jpg,منتج Hazem19792019_220,أخرى,6363c7c800fffc00,
1292,Hazem19792019_2200.jpg,منتج Hazem19792019_2200,أخرى,9c9c9cfedf4d040c,يوجد صور متطابقة/متشابهة بصرياً
1293,Hazem19792019_2201.jpg,منتج Hazem19792019_2201,أخرى,fede1e04050f35ff,
1294,Hazem19792019_2202.jpg,منتج Hazem19792019_2202,أخرى,fe62971f0787cf6d,يوجد صور متطابقة/متشابهة بصرياً
1295,Hazem19792019_2203.jpg,منتج Hazem19792019_2203,أخرى,fefefcfc78f83803,
1296,Hazem19792019_2204.jpg,منتج Hazem19792019_2204,أخرى,0f67066706660333,
1297,Hazem19792019_2205.jpg,منتج Hazem19792019_2205,أخرى,0f067f071fcf87df,
1298,Hazem19792019_2206.jpg,منتج Hazem19792019_2206,أخرى,80f2e084efe181ff,
1299,Hazem19792019_2207.jpg,منتج Hazem19792019_2207,أخرى,0bfb638ece7cf400,
1300,Hazem19792019_2208.jpg,منتج Hazem19792019_2208,أخرى,3183ffc342010080,
1301,Hazem19792019_2209.jpg,منتج Hazem19792019_2209,أخرى,ff9383c387c3ff07,
1302,Hazem19792019_221.jpg,منتج Hazem19792019_221,أخرى,00f7fe987f73003f,
1303,Hazem19792019_2210.jpg,منتج Hazem19792019_2210,أخرى,ffff818181c1ffff,
1304,Hazem19792019_2211.jpg,منتج Hazem19792019_2211,أخرى,ce1ecce4e1f40001,
1305,Hazem19792019_2212.jpg,منتج Hazem19792019_2212,أخرى,dd3d1dbd8988809f,
1306,Hazem19792019_2213.jpg,منتج Hazem19792019_2213,أخرى,ff7fff407e3a0000,
1307,Hazem19792019_2214.jpg,منتج Hazem19792019_2214,أخرى,0000888cecffffff,
1308,Hazem19792019_2215.jpg,منتج Hazem19792019_2215,أخرى,18fae8f080e0c18d,
1309,Hazem19792019_2216.jpg,منتج Hazem19792019_2216,أخرى,2d00fece667e0001,
1310,Hazem19792019_2217.jpg,منتج Hazem19792019_2217,أخرى,043fe1ffff0d0100,يوجد صور متطابقة/متشابهة بصرياً
1311,Hazem19792019_2218.jpg,منتج Hazem19792019_2218,أخرى,ff23a1a191d1f3ff,
1312,Hazem19792019_2219.jpg,منتج Hazem19792019_2219,أخرى,feffc1c1c3858701,
1313,Hazem19792019_222.jpg,منتج Hazem19792019_222,أخرى,4078fefef676da10,
1314,Hazem19792019_2220.jpg,منتج Hazem19792019_2220,أخرى,80faf2d2e27ac000,يوجد صور متطابقة/متشابهة بصرياً
1315,Hazem19792019_2221.jpg,منتج Hazem19792019_2221,أخرى,ffff00000000ffff,
1316,Hazem19792019_2222.jpg,منتج Hazem19792019_2222,أخرى,00000f1f1f4e46ce,يوجد صور متطابقة/متشابهة بصرياً
1317,Hazem19792019_2223.jpg,منتج Hazem19792019_2223,أخرى,3ffcc0e3bc1f1d1f,يوجد صور متطابقة/متشابهة بصرياً
1318,Hazem19792019_2224.jpg,منتج Hazem19792019_2224,أخرى,3ffcf417141f171f,يوجد صور متطابقة/متشابهة بصرياً
1319,Hazem19792019_2225.jpg,منتج Hazem19792019_2225,أخرى,007c7e7e7e0f1d7f,يوجد صور متطابقة/متشابهة بصرياً
1320,Hazem19792019_2226.jpg,منتج Hazem19792019_2226,أخرى,7c747c7c70787a1e,
1321,Hazem19792019_2227.jpg,منتج Hazem19792019_2227,أخرى,67e707cf87070301,
1322,Hazem19792019_2228.jpg,منتج Hazem19792019_2228,أخرى,fffff7878581c0e6,
1323,Hazem19792019_2229.jpg,منتج Hazem19792019_2229,أخرى,00d9c5fdfff8c407,
1324,Hazem19792019_223.jpg,منتج Hazem19792019_223,أخرى,0818187f3e6c7fd8,
1325,Hazem19792019_2230.jpg,منتج Hazem19792019_2230,أخرى,ff8183ffff8181ff,
1326,Hazem19792019_2231.jpg,منتج Hazem19792019_2231,أخرى,fd3d3d3d3d210020,
1327,Hazem19792019_2232.jpg,منتج Hazem19792019_2232,أخرى,fffbc306c08387fe,
1328,Hazem19792019_2233.jpg,منتج Hazem19792019_2233,أخرى,fcfc74646478f8f8,
1329,Hazem19792019_2234.jpg,منتج Hazem19792019_2234,أخرى,dcbc98fc98dcbcdc,
1330,Hazem19792019_2235.jpg,منتج Hazem19792019_2235,أخرى,02f6fe1f5f5f0400,
1331,Hazem19792019_2236.jpg,منتج Hazem19792019_2236,أخرى,cfc1f3c3c3c3c3ef,
1332,Hazem19792019_2237.jpg,منتج Hazem19792019_2237,أخرى,0307070f0f3f3f1f,
1333,Hazem19792019_2238.jpg,منتج Hazem19792019_2238,أخرى,fe7cfcfc80c0ecf8,
1334,Hazem19792019_2239.jpg,منتج Hazem19792019_2239,أخرى,f9f8f8707030717f,يوجد صور متطابقة/متشابهة بصرياً
1335,Hazem19792019_224.jpg,منتج Hazem19792019_224,أخرى,978fffefe4e10101,يوجد صور متطابقة/متشابهة بصرياً
1336,Hazem19792019_2240.jpg,منتج Hazem19792019_2240,أخرى,f3c0c1939191b1ff,يوجد صور متطابقة/متشابهة بصرياً
1337,Hazem19792019_2241.jpg,منتج Hazem19792019_2241,أخرى,ffffff818181fde1,يوجد صور متطابقة/متشابهة بصرياً
1338,Hazem19792019_2242.jpg,منتج Hazem19792019_2242,أخرى,8f8ff3d1d9d9df9f,يوجد صور متطابقة/متشابهة بصرياً
1339,Hazem19792019_2243.jpg,منتج Hazem19792019_2243,أخرى,fffffdf3f3f1f1f1,يوجد صور متطابقة/متشابهة بصرياً
1340,Hazem19792019_2244.jpg,منتج Hazem19792019_2244,أخرى,ffa18080a0a0c7cf,
1341,Hazem19792019_2245.jpg,منتج Hazem19792019_2245,أخرى,8b989b9f1f9eae8f,
1342,Hazem19792019_2246.jpg,منتج Hazem19792019_2246,أخرى,00003c7eff7e1f00,
1343,Hazem19792019_2247.jpg,منتج Hazem19792019_2247,أخرى,043fe1ffff0d0100,يوجد صور متطابقة/متشابهة بصرياً
1344,Hazem19792019_2248.jpg,منتج Hazem19792019_2248,أخرى,9c9c9cfedf4d040c,يوجد صور متطابقة/متشابهة بصرياً
1345,Hazem19792019_2249.jpg,منتج Hazem19792019_2249,أخرى,f7878786c0c1f3ff,يوجد صور متطابقة/متشابهة بصرياً
1346,Hazem19792019_225.jpg,منتج Hazem19792019_225,أخرى,eebfbf3c2e191008,
1347,Hazem19792019_2250.jpg,منتج Hazem19792019_2250,أخرى,ffd181c1f1f1f0ff,يوجد صور متطابقة/متشابهة بصرياً
1348,Hazem19792019_2251.jpg,منتج Hazem19792019_2251,أخرى,fffffffffff30000,يوجد صور متطابقة/متشابهة بصرياً
1349,Hazem19792019_2252.jpg,منتج Hazem19792019_2252,أخرى,ffe13399998f8fff,يوجد صور متطابقة/متشابهة بصرياً
1350,Hazem19792019_2253.jpg,منتج Hazem19792019_2253,أخرى,003e3e063edc0000,
1351,Hazem19792019_2254.jpg,منتج Hazem19792019_2254,أخرى,0081d9ffe78389ff,يوجد صور متطابقة/متشابهة بصرياً
1352,Hazem19792019_2255.jpg,منتج Hazem19792019_2255,أخرى,f9ffffff7f080000,
1353,Hazem19792019_2256.jpg,منتج Hazem19792019_2256,أخرى,0e7efeece8fe3c10,
1354,Hazem19792019_2257.jpg,منتج Hazem19792019_2257,أخرى,0a7ffe1a0000f4de,
1355,Hazem19792019_2258.jpg,منتج Hazem19792019_2258,أخرى,ffefffe0c0800000,
1356,Hazem19792019_2259.jpg,منتج Hazem19792019_2259,أخرى,003d3fffffe7c000,
1357,Hazem19792019_226.jpg,منتج Hazem19792019_226,أخرى,70009f9fffe34000,
1358,Hazem19792019_2260.jpg,منتج Hazem19792019_2260,أخرى,390141637f767602,يوجد صور متطابقة/متشابهة بصرياً
1359,Hazem19792019_2261.jpg,منتج Hazem19792019_2261,أخرى,e1c3f3c3c3ffffff,
1360,Hazem19792019_2262.jpg,منتج Hazem19792019_2262,أخرى,24efee7eeeee0000,يوجد صور متطابقة/متشابهة بصرياً
1361,Hazem19792019_2263.jpg,منتج Hazem19792019_2263,أخرى,fe7e4e7e22273702,يوجد صور متطابقة/متشابهة بصرياً
1362,Hazem19792019_2264.jpg,منتج Hazem19792019_2264,أخرى,3fbf89019191fbff,
1363,Hazem19792019_2265.jpg,منتج Hazem19792019_2265,أخرى,b92fc0d9ff91191f,
1364,Hazem19792019_2266.jpg,منتج Hazem19792019_2266,أخرى,ffe7e1818181e5ff,
1365,Hazem19792019_2267.jpg,منتج Hazem19792019_2267,أخرى,7cfc8cfce4e5c5c1,
1366,Hazem19792019_2268.jpg,منتج Hazem19792019_2268,أخرى,9c98c9d9d9939393,
1367,Hazem19792019_2269.jpg,منتج Hazem19792019_2269,أخرى,fff3c28690f1f1fb,
1368,Hazem19792019_227.jpg,منتج Hazem19792019_227,أخرى,fffff8f8f0f10000,
1369,Hazem19792019_2271.jpg,منتج Hazem19792019_2271,أخرى,ff8783070705d9fb,
1370,Hazem19792019_2272.jpg,منتج Hazem19792019_2272,أخرى,07e0a0fce3b6ffff,
1371,Hazem19792019_2273.jpg,منتج Hazem19792019_2273,أخرى,f191919991999bff,
1372,Hazem19792019_2274.jpg,منتج Hazem19792019_2274,أخرى,001058f8fbfbc300,
1373,Hazem19792019_2275.jpg,منتج Hazem19792019_2275,أخرى,cfc7e3c3ff19193d,
1374,Hazem19792019_2276.jpg,منتج Hazem19792019_2276,أخرى,1e7fe1ffff0d0100,
1375,Hazem19792019_2277.jpg,منتج Hazem19792019_2277,أخرى,ffff8888c98087ff,
1376,Hazem19792019_2278.jpg,منتج Hazem19792019_2278,أخرى,187c7e1f4e7460e0,
1377,Hazem19792019_2279.jpg,منتج Hazem19792019_2279,أخرى,f8ffffd7d3020000,
1378,Hazem19792019_228.jpg,منتج Hazem19792019_228,أخرى,327e3e323333ff0f,
1379,Hazem19792019_2280.jpg,منتج Hazem19792019_2280,أخرى,ffdbf3a707cf97f7,
1380,Hazem19792019_2281.jpg,منتج Hazem19792019_2281,أخرى,ffff0703010183ff,
1381,Hazem19792019_2282.jpg,منتج Hazem19792019_2282,أخرى,ff00181841cbc3ff,
1382,Hazem19792019_2283.jpg,منتج Hazem19792019_2283,أخرى,efcfdfdbd1100203,
1383,Hazem19792019_2284.jpg,منتج Hazem19792019_2284,أخرى,3f3c3417051711ff,يوجد صور متطابقة/متشابهة بصرياً
1384,Hazem19792019_2285.jpg,منتج Hazem19792019_2285,أخرى,fedee080e0e0f284,
1385,Hazem19792019_2286.jpg,منتج Hazem19792019_2286,أخرى,004a7e0025797d7d,يوجد صور متطابقة/متشابهة بصرياً
1386,Hazem19792019_2287.jpg,منتج Hazem19792019_2287,أخرى,7effdf3f3e133310,يوجد صور متطابقة/متشابهة بصرياً
1387,Hazem19792019_2288.jpg,منتج Hazem19792019_2288,أخرى,707e3e3e3e7e3c18,يوجد صور متطابقة/متشابهة بصرياً
1388,Hazem19792019_2289.jpg,منتج Hazem19792019_2289,أخرى,30385c4c1484c0ff,يوجد صور متطابقة/متشابهة بصرياً
1389,Hazem19792019_229.jpg,منتج Hazem19792019_229,أخرى,0c3c3c3c3c3c7e04,
1390,Hazem19792019_2290.jpg,منتج Hazem19792019_2290,أخرى,72707c7d1f0f0323,يوجد صور متطابقة/متشابهة بصرياً
1391,Hazem19792019_2291.jpg,منتج Hazem19792019_2291,أخرى,00470201c5ffffff,
1392,Hazem19792019_2292.jpg,منتج Hazem19792019_2292,أخرى,3f3c3417051711ff,يوجد صور متطابقة/متشابهة بصرياً
1393,Hazem19792019_2294.jpg,منتج Hazem19792019_2294,أخرى,fffffbff80000000,يوجد صور متطابقة/متشابهة بصرياً
1394,Hazem19792019_2295.jpg,منتج Hazem19792019_2295,أخرى,37e73339e0c7e707,يوجد صور متطابقة/متشابهة بصرياً
1395,Hazem19792019_2296.jpg,منتج Hazem19792019_2296,أخرى,990199fd81a12181,
1396,Hazem19792019_2297.jpg,منتج Hazem19792019_2297,أخرى,9d80f9fb2d2901e1,
1397,Hazem19792019_2298.jpg,منتج Hazem19792019_2298,أخرى,001ce7c7cfe7ff00,
1398,Hazem19792019_2299.jpg,منتج Hazem19792019_2299,أخرى,f7e70600000400ff,
1399,Hazem19792019_230.jpg,منتج Hazem19792019_230,أخرى,82fe7f3f7e1e1200,
1400,Hazem19792019_2300.jpg,منتج Hazem19792019_2300,أخرى,c313139983d3c3c3,
1401,Hazem19792019_2301.jpg,منتج Hazem19792019_2301,أخرى,3eff8787fb0ac07d,يوجد صور متطابقة/متشابهة بصرياً
1402,Hazem19792019_2302.jpg,منتج Hazem19792019_2302,أخرى,fffd007fff000000,يوجد صور متطابقة/متشابهة بصرياً
1403,Hazem19792019_2303.jpg,منتج Hazem19792019_2303,أخرى,03030347477f7fff,يوجد صور متطابقة/متشابهة بصرياً
1404,Hazem19792019_2304.jpg,منتج Hazem19792019_2304,أخرى,3f33e3fbebffff00,يوجد صور متطابقة/متشابهة بصرياً
1405,Hazem19792019_2305.jpg,منتج Hazem19792019_2305,أخرى,009ffbe90f01e3ff,يوجد صور متطابقة/متشابهة بصرياً
1406,Hazem19792019_2306.jpg,منتج Hazem19792019_2306,أخرى,011d6fdb4bc3c3ff,
1407,Hazem19792019_2307.jpg,منتج Hazem19792019_2307,أخرى,ffffe7e7ff3f0000,يوجد صور متطابقة/متشابهة بصرياً
1408,Hazem19792019_2308.jpg,منتج Hazem19792019_2308,أخرى,f8f8c8c2f6efdff8,
1409,Hazem19792019_2309.jpg,منتج Hazem19792019_2309,أخرى,263edefec69efe00,
1410,Hazem19792019_231.jpg,منتج Hazem19792019_231,أخرى,00000600ffffff00,
1411,Hazem19792019_2310.jpg,منتج Hazem19792019_2310,أخرى,ffffff870105fff0,
1412,Hazem19792019_2311.jpg,منتج Hazem19792019_2311,أخرى,d0f2f2fe27736020,
1413,Hazem19792019_2312.jpg,منتج Hazem19792019_2312,أخرى,fc3e3f3e327e4a04,
1414,Hazem19792019_2313.jpg,منتج Hazem19792019_2313,أخرى,ffffffc381c30f00,
1415,Hazem19792019_2314.jpg,منتج Hazem19792019_2314,أخرى,fc18003e7f7e3f00,يوجد صور متطابقة/متشابهة بصرياً
1416,Hazem19792019_2315.jpg,منتج Hazem19792019_2315,أخرى,f7e3c3870f1fffff,
1417,Hazem19792019_2316.jpg,منتج Hazem19792019_2316,أخرى,000018382c7c3c30,
1418,Hazem19792019_2317.jpg,منتج Hazem19792019_2317,أخرى,ffe3e1f30100ffff,
1419,Hazem19792019_2318.jpg,منتج Hazem19792019_2318,أخرى,9f09fffbf3ff0090,يوجد صور متطابقة/متشابهة بصرياً
1420,Hazem19792019_2319.jpg,منتج Hazem19792019_2319,أخرى,9f09fffbf3ff0090,يوجد صور متطابقة/متشابهة بصرياً
1421,Hazem19792019_232.jpg,منتج Hazem19792019_232,أخرى,ffffdc547f8d0000,
1422,Hazem19792019_2320.jpg,منتج Hazem19792019_2320,أخرى,01706606363c3e05,يوجد صور متطابقة/متشابهة بصرياً
1423,Hazem19792019_2321.jpg,منتج Hazem19792019_2321,أخرى,f898f8f8f0b8f4e0,
1424,Hazem19792019_2322.jpg,منتج Hazem19792019_2322,أخرى,f8f0f8d8d8fff8f8,
1425,Hazem19792019_2323.jpg,منتج Hazem19792019_2323,أخرى,ff9f8ffe9c989c8c,
1426,Hazem19792019_2324.jpg,منتج Hazem19792019_2324,أخرى,ffffffb1d08080f9,
1427,Hazem19792019_2325.jpg,منتج Hazem19792019_2325,أخرى,0808dc9edef3b3b6,
1428,Hazem19792019_2326.jpg,منتج Hazem19792019_2326,أخرى,3afa6242c4c2f0e0,
1429,Hazem19792019_2327.jpg,منتج Hazem19792019_2327,أخرى,1cccdcfcf4e0c0c0,
1430,Hazem19792019_2328.jpg,منتج Hazem19792019_2328,أخرى,bf379785a6f21901,
1431,Hazem19792019_2329.jpg,منتج Hazem19792019_2329,أخرى,fff980000127cfff,يوجد صور متطابقة/متشابهة بصرياً
1432,Hazem19792019_233.jpg,منتج Hazem19792019_233,أخرى,c0c086f8f8f8f0b0,
1433,Hazem19792019_2330.jpg,منتج Hazem19792019_2330,أخرى,f1f1f0f0f0f0f0ff,يوجد صور متطابقة/متشابهة بصرياً
1434,Hazem19792019_2331.jpg,منتج Hazem19792019_2331,أخرى,fdc9c1c1c1c1e1ff,يوجد صور متطابقة/متشابهة بصرياً
1435,Hazem19792019_2332.jpg,منتج Hazem19792019_2332,أخرى,7f7f7f7f3f1e1e00,يوجد صور متطابقة/متشابهة بصرياً
1436,Hazem19792019_2333.jpg,منتج Hazem19792019_2333,أخرى,d703ffff00008000,يوجد صور متطابقة/متشابهة بصرياً
1437,Hazem19792019_2334.jpg,منتج Hazem19792019_2334,أخرى,9f0f0f0f0f0f0f0f,يوجد صور متطابقة/متشابهة بصرياً
1438,Hazem19792019_2335.jpg,منتج Hazem19792019_2335,أخرى,006676feff8191c1,
1439,Hazem19792019_2336.jpg,منتج Hazem19792019_2336,أخرى,007f777ffc80c300,يوجد صور متطابقة/متشابهة بصرياً
1440,Hazem19792019_2337.jpg,منتج Hazem19792019_2337,أخرى,1e3c6fe3c7c3737f,يوجد صور متطابقة/متشابهة بصرياً
1441,Hazem19792019_2338.jpg,منتج Hazem19792019_2338,أخرى,008e97efcf9fff00,
1442,Hazem19792019_2339.jpg,منتج Hazem19792019_2339,أخرى,ffd9c985d9301043,
1443,Hazem19792019_234.jpg,منتج Hazem19792019_234,أخرى,fd3d7d7f03010000,
1444,Hazem19792019_2340.jpg,منتج Hazem19792019_2340,أخرى,ffffefef032f0000,يوجد صور متطابقة/متشابهة بصرياً
1445,Hazem19792019_2341.jpg,منتج Hazem19792019_2341,أخرى,9030d9fffd1d1900,
1446,Hazem19792019_2342.jpg,منتج Hazem19792019_2342,أخرى,ffe7c3c3eeff4100,يوجد صور متطابقة/متشابهة بصرياً
1447,Hazem19792019_2343.jpg,منتج Hazem19792019_2343,أخرى,1e1e7e7ec2c0fffe,
1448,Hazem19792019_2344.jpg,منتج Hazem19792019_2344,أخرى,78eee2c2c2e7fff8,
1449,Hazem19792019_2345.jpg,منتج Hazem19792019_2345,أخرى,f87c7f7b73474c00,يوجد صور متطابقة/متشابهة بصرياً
1450,Hazem19792019_2346.jpg,منتج Hazem19792019_2346,أخرى,ffffbf9fbf1c00e3,يوجد صور متطابقة/متشابهة بصرياً
1451,Hazem19792019_2347.jpg,منتج Hazem19792019_2347,أخرى,ff000000ff0100ff,يوجد صور متطابقة/متشابهة بصرياً
1452,Hazem19792019_2348.jpg,منتج Hazem19792019_2348,أخرى,ffffefef032f0000,يوجد صور متطابقة/متشابهة بصرياً
1453,Hazem19792019_2349.jpg,منتج Hazem19792019_2349,أخرى,ffbd81818181c3ff,
1454,Hazem19792019_235.jpg,منتج Hazem19792019_235,أخرى,3e3ee0fefef0f200,
1455,Hazem19792019_2350.jpg,منتج Hazem19792019_2350,أخرى,003c7e7efefc3efc,
1456,Hazem19792019_2351.jpg,منتج Hazem19792019_2351,أخرى,0c24203f3f3b4747,
1457,Hazem19792019_2352.jpg,منتج Hazem19792019_2352,أخرى,ffffff7f11000180,
1458,Hazem19792019_2353.jpg,منتج Hazem19792019_2353,أخرى,00bef6c6e6febe80,
1459,Hazem19792019_2354.jpg,منتج Hazem19792019_2354,أخرى,000002fffefefe00,يوجد صور متطابقة/متشابهة بصرياً
1460,Hazem19792019_2355.jpg,منتج Hazem19792019_2355,أخرى,c0e4fc4edefc0010,
1461,Hazem19792019_2356.jpg,منتج Hazem19792019_2356,أخرى,ffffceee26080002,
1462,Hazem19792019_2357.jpg,منتج Hazem19792019_2357,أخرى,00fefee6e6fae00c,
1463,Hazem19792019_2358.jpg,منتج Hazem19792019_2358,أخرى,00f2fbcf0b83dfe3,يوجد صور متطابقة/متشابهة بصرياً
1464,Hazem19792019_2359.jpg,منتج Hazem19792019_2359,أخرى,fff1d0c9ef1f0009,يوجد صور متطابقة/متشابهة بصرياً
1465,Hazem19792019_236.jpg,منتج Hazem19792019_236,أخرى,010dffffff370000,
1466,Hazem19792019_2360.jpg,منتج Hazem19792019_2360,أخرى,ff000fe4e0e8f9ff,يوجد صور متطابقة/متشابهة بصرياً
1467,Hazem19792019_2361.jpg,منتج Hazem19792019_2361,أخرى,f0f0b090d0f0e060,
1468,Hazem19792019_2362.jpg,منتج Hazem19792019_2362,أخرى,0f1f2f271f1f673f,
1469,Hazem19792019_2363.jpg,منتج Hazem19792019_2363,أخرى,fef3d1ffff0a0010,
1470,Hazem19792019_2364.jpg,منتج Hazem19792019_2364,أخرى,1afef0f0be30607c,
1471,Hazem19792019_2365.jpg,منتج Hazem19792019_2365,أخرى,fc809dc501bd8dff,
1472,Hazem19792019_2366.jpg,منتج Hazem19792019_2366,أخرى,ffe6a00060c038ff,
1473,Hazem19792019_2367.jpg,منتج Hazem19792019_2367,أخرى,3fc009a5c10efef7,
1474,Hazem19792019_2368.jpg,منتج Hazem19792019_2368,أخرى,077301276303e723,
1475,Hazem19792019_2369.jpg,منتج Hazem19792019_2369,أخرى,ffffc0808081e17e,
1476,Hazem19792019_237.jpg,منتج Hazem19792019_237,أخرى,003e3fbf3bbbfe00,
1477,Hazem19792019_2370.jpg,منتج Hazem19792019_2370,أخرى,7fffc000ff7f3e22,
1478,Hazem19792019_2371.jpg,منتج Hazem19792019_2371,أخرى,0086ffa783fe6c00,
1479,Hazem19792019_2372.jpg,منتج Hazem19792019_2372,أخرى,9cbcbcf0f87c7c18,
1480,Hazem19792019_2373.jpg,منتج Hazem19792019_2373,أخرى,fc7df9c2427f0c18,
1481,Hazem19792019_2374.jpg,منتج Hazem19792019_2374,أخرى,1f00846c7efcf9fd,
1482,Hazem19792019_2375.jpg,منتج Hazem19792019_2375,أخرى,9c80c440007fffff,
1483,Hazem19792019_2376.jpg,منتج Hazem19792019_2376,أخرى,000002fffefefe00,يوجد صور متطابقة/متشابهة بصرياً
1484,Hazem19792019_2377.jpg,منتج Hazem19792019_2377,أخرى,00ff8780a0bfffff,يوجد صور متطابقة/متشابهة بصرياً
1485,Hazem19792019_2378.jpg,منتج Hazem19792019_2378,أخرى,0ee0f0f7cffee000,يوجد صور متطابقة/متشابهة بصرياً
1486,Hazem19792019_2379.jpg,منتج Hazem19792019_2379,أخرى,fcd88091f6de9315,
1487,Hazem19792019_238.jpg,منتج Hazem19792019_238,أخرى,7c74fcfcfc7c7c3c,
1488,Hazem19792019_2380.jpg,منتج Hazem19792019_2380,أخرى,000023c3ff5f4f7f,يوجد صور متطابقة/متشابهة بصرياً
1489,Hazem19792019_2381.jpg,منتج Hazem19792019_2381,أخرى,007074f6f02f0f1c,
1490,Hazem19792019_2382.jpg,منتج Hazem19792019_2382,أخرى,fffbc3070f0f0100,يوجد صور متطابقة/متشابهة بصرياً
1491,Hazem19792019_2383.jpg,منتج Hazem19792019_2383,أخرى,000023c3ff5f4f7f,يوجد صور متطابقة/متشابهة بصرياً
1492,Hazem19792019_2384.jpg,منتج Hazem19792019_2384,أخرى,ffff89c991b0c1ff,يوجد صور متطابقة/متشابهة بصرياً
1493,Hazem19792019_2385.jpg,منتج Hazem19792019_2385,أخرى,72707c7d1f0f0323,يوجد صور متطابقة/متشابهة بصرياً
1494,Hazem19792019_2386.jpg,منتج Hazem19792019_2386,أخرى,00787818fcfcf800,يوجد صور متطابقة/متشابهة بصرياً
1495,Hazem19792019_2387.jpg,منتج Hazem19792019_2387,أخرى,ffbf03311044fbff,يوجد صور متطابقة/متشابهة بصرياً
1496,Hazem19792019_2388.jpg,منتج Hazem19792019_2388,أخرى,06f6e6cecefc0c04,
1497,Hazem19792019_2389.jpg,منتج Hazem19792019_2389,أخرى,1c1c1c5e1e1e1e1c,يوجد صور متطابقة/متشابهة بصرياً
1498,Hazem19792019_239.jpg,منتج Hazem19792019_239,أخرى,fd001cdddcfe9c00,يوجد صور متطابقة/متشابهة بصرياً
1499,Hazem19792019_2390.jpg,منتج Hazem19792019_2390,أخرى,df818008189881ff,
1500,Hazem19792019_2391.jpg,منتج Hazem19792019_2391,أخرى,be7c5d5808f7d100,يوجد صور متطابقة/متشابهة بصرياً
1501,Hazem19792019_2392.jpg,منتج Hazem19792019_2392,أخرى,9f8f8f8fcc888880,يوجد صور متطابقة/متشابهة بصرياً
1502,Hazem19792019_2393.jpg,منتج Hazem19792019_2393,أخرى,ffdfa3c3c38383ef,يوجد صور متطابقة/متشابهة بصرياً
1503,Hazem19792019_2394.jpg,منتج Hazem19792019_2394,أخرى,fefffefee2c04000,يوجد صور متطابقة/متشابهة بصرياً
1504,Hazem19792019_2395.jpg,منتج Hazem19792019_2395,أخرى,4e767e7d72171300,يوجد صور متطابقة/متشابهة بصرياً
1505,Hazem19792019_2396.jpg,منتج Hazem19792019_2396,أخرى,e1e0e0f0f0f0f043,
1506,Hazem19792019_2397.jpg,منتج Hazem19792019_2397,أخرى,ffff000808be89ff,
1507,Hazem19792019_2398.jpg,منتج Hazem19792019_2398,أخرى,3c3c0046fcee8f3f,يوجد صور متطابقة/متشابهة بصرياً
1508,Hazem19792019_2399.jpg,منتج Hazem19792019_2399,أخرى,ff013d014101017f,
1509,Hazem19792019_240.jpg,منتج Hazem19792019_240,أخرى,3c00307f7f7f3a00,
1510,Hazem19792019_2400.jpg,منتج Hazem19792019_2400,أخرى,ff1b13b1350565ad,يوجد صور متطابقة/متشابهة بصرياً
1511,Hazem19792019_2401.jpg,منتج Hazem19792019_2401,أخرى,c380818189afef8f,
1512,Hazem19792019_2402.jpg,منتج Hazem19792019_2402,أخرى,fefcc01e1e007874,
1513,Hazem19792019_2403.jpg,منتج Hazem19792019_2403,أخرى,c303e7e79fff0110,
1514,Hazem19792019_2404.jpg,منتج Hazem19792019_2404,أخرى,ff007e7f727f7e00,
1515,Hazem19792019_2405.jpg,منتج Hazem19792019_2405,أخرى,00007f7747577d37,
1516,Hazem19792019_2406.jpg,منتج Hazem19792019_2406,أخرى,7a78f6f6f6fe3e0a,
1517,Hazem19792019_2407.jpg,منتج Hazem19792019_2407,أخرى,c3f9f0d0d6dec689,
1518,Hazem19792019_2408.jpg,منتج Hazem19792019_2408,أخرى,efc7c3cf8381c5c1,
1519,Hazem19792019_2409.jpg,منتج Hazem19792019_2409,أخرى,ffefc7c5c1a3e3ff,يوجد صور متطابقة/متشابهة بصرياً
1520,Hazem19792019_241.jpg,منتج Hazem19792019_241,أخرى,fefe002070006f7f,
1521,Hazem19792019_2410.jpg,منتج Hazem19792019_2410,أخرى,fffd007fff000000,يوجد صور متطابقة/متشابهة بصرياً
1522,Hazem19792019_2411.jpg,منتج Hazem19792019_2411,أخرى,ffb0bcb0b8b6809d,يوجد صور متطابقة/متشابهة بصرياً
1523,Hazem19792019_2412.jpg,منتج Hazem19792019_2412,أخرى,3f003c1c1e747c18,
1524,Hazem19792019_2413.jpg,منتج Hazem19792019_2413,أخرى,f87c7f7b73474c00,يوجد صور متطابقة/متشابهة بصرياً
1525,Hazem19792019_2414.jpg,منتج Hazem19792019_2414,أخرى,ef8381810181c3ff,يوجد صور متطابقة/متشابهة بصرياً
1526,Hazem19792019_2415.jpg,منتج Hazem19792019_2415,أخرى,f7f784060121f1f1,يوجد صور متطابقة/متشابهة بصرياً
1527,Hazem19792019_2416.jpg,منتج Hazem19792019_2416,أخرى,6d60e0c14343e3ef,يوجد صور متطابقة/متشابهة بصرياً
1528,Hazem19792019_2417.jpg,منتج Hazem19792019_2417,أخرى,fff1d0c9ef1f0009,يوجد صور متطابقة/متشابهة بصرياً
1529,Hazem19792019_2418.jpg,منتج Hazem19792019_2418,أخرى,5e0e7e7e3c3c3c00,يوجد صور متطابقة/متشابهة بصرياً
1530,Hazem19792019_2419.jpg,منتج Hazem19792019_2419,أخرى,fffffbff80000000,يوجد صور متطابقة/متشابهة بصرياً
1531,Hazem19792019_242.jpg,منتج Hazem19792019_242,أخرى,8981919399818181,
1532,Hazem19792019_2420.jpg,منتج Hazem19792019_2420,أخرى,f3c0c1939191b1ff,يوجد صور متطابقة/متشابهة بصرياً
1533,Hazem19792019_2421.jpg,منتج Hazem19792019_2421,أخرى,fdcdc9818ccc8cff,يوجد صور متطابقة/متشابهة بصرياً
1534,Hazem19792019_2422.jpg,منتج Hazem19792019_2422,أخرى,ff7f3f3ffec0c0fc,يوجد صور متطابقة/متشابهة بصرياً
1535,Hazem19792019_2423.jpg,منتج Hazem19792019_2423,أخرى,c070737979730707,
1536,Hazem19792019_2424.jpg,منتج Hazem19792019_2424,أخرى,9f998889898d8b99,يوجد صور متطابقة/متشابهة بصرياً
1537,Hazem19792019_2425.jpg,منتج Hazem19792019_2425,أخرى,1b5ff39b93930b2a,
1538,Hazem19792019_2426.jpg,منتج Hazem19792019_2426,أخرى,fff9e8c0880818bb,يوجد صور متطابقة/متشابهة بصرياً
1539,Hazem19792019_2427.jpg,منتج Hazem19792019_2427,أخرى,7f43613b005f7fff,يوجد صور متطابقة/متشابهة بصرياً
1540,Hazem19792019_2428.jpg,منتج Hazem19792019_2428,أخرى,ff5c2860ff0e003e,
1541,Hazem19792019_2429.jpg,منتج Hazem19792019_2429,أخرى,000707ffffff02e0,
1542,Hazem19792019_243.jpg,منتج Hazem19792019_243,أخرى,386ce6754905c100,يوجد صور متطابقة/متشابهة بصرياً
1543,Hazem19792019_2430.jpg,منتج Hazem19792019_2430,أخرى,fffcfbc10e7f9400,
1544,Hazem19792019_2431.jpg,منتج Hazem19792019_2431,أخرى,00001e1ef8ffdf3f,
1545,Hazem19792019_2432.jpg,منتج Hazem19792019_2432,أخرى,f878fefefcff4000,
1546,Hazem19792019_2433.jpg,منتج Hazem19792019_2433,أخرى,bf9fdfcecc4400ec,
1547,Hazem19792019_2434.jpg,منتج Hazem19792019_2434,أخرى,00d27ef8e0c07efc,
1548,Hazem19792019_2435.jpg,منتج Hazem19792019_2435,أخرى,0e0f8c3c1cf0f0f0,
1549,Hazem19792019_2436.jpg,منتج Hazem19792019_2436,أخرى,f800f8fdf1f3fc00,
1550,Hazem19792019_2437.jpg,منتج Hazem19792019_2437,أخرى,0e7f3c006d0e01ff,
1551,Hazem19792019_2438.jpg,منتج Hazem19792019_2438,أخرى,7c743c2c06467e7e,
1552,Hazem19792019_2439.jpg,منتج Hazem19792019_2439,أخرى,00003e10000fffff,
1553,Hazem19792019_244.jpg,منتج Hazem19792019_244,أخرى,383f0f47067ffe00,يوجد صور متطابقة/متشابهة بصرياً
1554,Hazem19792019_2440.jpg,منتج Hazem19792019_2440,أخرى,0101fff7e787ff1f,
1555,Hazem19792019_2441.jpg,منتج Hazem19792019_2441,أخرى,f8e004fdf9f9fb00,
1556,Hazem19792019_2442.jpg,منتج Hazem19792019_2442,أخرى,fff9380000487c04,
1557,Hazem19792019_2443.jpg,منتج Hazem19792019_2443,أخرى,ff860446227a7e7e,
1558,Hazem19792019_2444.jpg,منتج Hazem19792019_2444,أخرى,001c7c7e7e6ee602,
1559,Hazem19792019_2445.jpg,منتج Hazem19792019_2445,أخرى,ffffff7d11760000,
1560,Hazem19792019_2446.jpg,منتج Hazem19792019_2446,أخرى,fdcdc9818ccc8cff,يوجد صور متطابقة/متشابهة بصرياً
1561,Hazem19792019_2447.jpg,منتج Hazem19792019_2447,أخرى,3e36220000ae3e3e,يوجد صور متطابقة/متشابهة بصرياً
1562,Hazem19792019_2448.jpg,منتج Hazem19792019_2448,أخرى,004a7e0025797d7d,يوجد صور متطابقة/متشابهة بصرياً
1563,Hazem19792019_2449.jpg,منتج Hazem19792019_2449,أخرى,4e767e7d72171300,يوجد صور متطابقة/متشابهة بصرياً
1564,Hazem19792019_245.jpg,منتج Hazem19792019_245,أخرى,ffff00061e7e043e,يوجد صور متطابقة/متشابهة بصرياً
1565,Hazem19792019_2450.jpg,منتج Hazem19792019_2450,أخرى,7f477f013f3f0500,يوجد صور متطابقة/متشابهة بصرياً
1566,Hazem19792019_2451.jpg,منتج Hazem19792019_2451,أخرى,fefefcf4e08c0e0c,
1567,Hazem19792019_2452.jpg,منتج Hazem19792019_2452,أخرى,bfecfcdf81c09999,
1568,Hazem19792019_2453.jpg,منتج Hazem19792019_2453,أخرى,ffdfa3c3c38383ef,يوجد صور متطابقة/متشابهة بصرياً
1569,Hazem19792019_2454.jpg,منتج Hazem19792019_2454,أخرى,ffb0bcb0b8b6809d,يوجد صور متطابقة/متشابهة بصرياً
1570,Hazem19792019_2455.jpg,منتج Hazem19792019_2455,أخرى,9f8f8f8fcc888880,يوجد صور متطابقة/متشابهة بصرياً
1571,Hazem19792019_2456.jpg,منتج Hazem19792019_2456,أخرى,ffffef00000383ff,يوجد صور متطابقة/متشابهة بصرياً
1572,Hazem19792019_2457.jpg,منتج Hazem19792019_2457,أخرى,803c7e6a783f3fbf,
1573,Hazem19792019_2458.jpg,منتج Hazem19792019_2458,أخرى,fe008cbe0000ffff,
1574,Hazem19792019_2459.jpg,منتج Hazem19792019_2459,أخرى,ffffef00000383ff,يوجد صور متطابقة/متشابهة بصرياً
1575,Hazem19792019_246.jpg,منتج Hazem19792019_246,أخرى,00100e0690d0ffff,يوجد صور متطابقة/متشابهة بصرياً
1576,Hazem19792019_2460.jpg,منتج Hazem19792019_2460,أخرى,000000f0fde1fdfe,
1577,Hazem19792019_2461.jpg,منتج Hazem19792019_2461,أخرى,01018bc1007fff3f,يوجد صور متطابقة/متشابهة بصرياً
1578,Hazem19792019_2462.jpg,منتج Hazem19792019_2462,أخرى,a900e0f4e0e0fd7e,
1579,Hazem19792019_2463.jpg,منتج Hazem19792019_2463,أخرى,baff7f79003f1080,يوجد صور متطابقة/متشابهة بصرياً
1580,Hazem19792019_2464.jpg,منتج Hazem19792019_2464,أخرى,62837f46000583ff,يوجد صور متطابقة/متشابهة بصرياً
1581,Hazem19792019_2465.jpg,منتج Hazem19792019_2465,أخرى,091b020100efff3f,يوجد صور متطابقة/متشابهة بصرياً
1582,Hazem19792019_2466.jpg,منتج Hazem19792019_2466,أخرى,330323ff3b81a37f,يوجد صور متطابقة/متشابهة بصرياً
1583,Hazem19792019_2467.jpg,منتج Hazem19792019_2467,أخرى,ff7f7f7d0101242c,يوجد صور متطابقة/متشابهة بصرياً
1584,Hazem19792019_2468.jpg,منتج Hazem19792019_2468,أخرى,8fc3818bcfc181cf,يوجد صور متطابقة/متشابهة بصرياً
1585,Hazem19792019_2469.jpg,منتج Hazem19792019_2469,أخرى,1c7a2a308090fefd,
1586,Hazem19792019_247.jpg,منتج Hazem19792019_247,أخرى,0002023f3f83efcd,يوجد صور متطابقة/متشابهة بصرياً
1587,Hazem19792019_2470.jpg,منتج Hazem19792019_2470,أخرى,3d233323311000e0,يوجد صور متطابقة/متشابهة بصرياً
1588,Hazem19792019_2471.jpg,منتج Hazem19792019_2471,أخرى,fc8080e1c0f8fdff,يوجد صور متطابقة/متشابهة بصرياً
1589,Hazem19792019_2472.jpg,منتج Hazem19792019_2472,أخرى,1e1e3c0066262622,يوجد صور متطابقة/متشابهة بصرياً
1590,Hazem19792019_2473.jpg,منتج Hazem19792019_2473,أخرى,f3a1a1bfffff8000,يوجد صور متطابقة/متشابهة بصرياً
1591,Hazem19792019_2474.jpg,منتج Hazem19792019_2474,أخرى,fff3f2fa42008149,يوجد صور متطابقة/متشابهة بصرياً
1592,Hazem19792019_2475.jpg,منتج Hazem19792019_2475,أخرى,1301078383efef7f,يوجد صور متطابقة/متشابهة بصرياً
1593,Hazem19792019_2476.jpg,منتج Hazem19792019_2476,أخرى,83838381bbbfdfff,يوجد صور متطابقة/متشابهة بصرياً
1594,Hazem19792019_2477.jpg,منتج Hazem19792019_2477,أخرى,003efeff07060000,يوجد صور متطابقة/متشابهة بصرياً
1595,Hazem19792019_2478.jpg,منتج Hazem19792019_2478,أخرى,f8f8c1838980e1f9,يوجد صور متطابقة/متشابهة بصرياً
1596,Hazem19792019_2479.jpg,منتج Hazem19792019_2479,أخرى,c3c383c3c3c39fef,يوجد صور متطابقة/متشابهة بصرياً
1597,Hazem19792019_248.jpg,منتج Hazem19792019_248,أخرى,7e7e1d4a4e469a82,يوجد صور متطابقة/متشابهة بصرياً
1598,Hazem19792019_2480.jpg,منتج Hazem19792019_2480,أخرى,fff7bf3b1f070000,يوجد صور متطابقة/متشابهة بصرياً
1599,Hazem19792019_2481.jpg,منتج Hazem19792019_2481,أخرى,01000001e1e0ffff,يوجد صور متطابقة/متشابهة بصرياً
1600,Hazem19792019_2482.jpg,منتج Hazem19792019_2482,أخرى,19999b9f0913118f,يوجد صور متطابقة/متشابهة بصرياً
1601,Hazem19792019_2483.jpg,منتج Hazem19792019_2483,أخرى,783e3b3333333176,يوجد صور متطابقة/متشابهة بصرياً
1602,Hazem19792019_2484.jpg,منتج Hazem19792019_2484,أخرى,fe3a3f3f38183f38,يوجد صور متطابقة/متشابهة بصرياً
1603,Hazem19792019_2485.jpg,منتج Hazem19792019_2485,أخرى,000073e7e7e7c600,يوجد صور متطابقة/متشابهة بصرياً
1604,Hazem19792019_2486.jpg,منتج Hazem19792019_2486,أخرى,3e36220000ae3e3e,يوجد صور متطابقة/متشابهة بصرياً
1605,Hazem19792019_2487.jpg,منتج Hazem19792019_2487,أخرى,ff036ffff3e30100,يوجد صور متطابقة/متشابهة بصرياً
1606,Hazem19792019_2488.jpg,منتج Hazem19792019_2488,أخرى,3f3e72065edefe00,يوجد صور متطابقة/متشابهة بصرياً
1607,Hazem19792019_2489.jpg,منتج Hazem19792019_2489,أخرى,9f0f0f0f0f0f0f0f,يوجد صور متطابقة/متشابهة بصرياً
1608,Hazem19792019_2490.jpg,منتج Hazem19792019_2490,أخرى,f1f1f0f0f0f0f0ff,يوجد صور متطابقة/متشابهة بصرياً
1609,Hazem19792019_2491.jpg,منتج Hazem19792019_2491,أخرى,fdc9c1c1c1c1e1ff,يوجد صور متطابقة/متشابهة بصرياً
1610,Hazem19792019_2492.jpg,منتج Hazem19792019_2492,أخرى,fff980000127cfff,يوجد صور متطابقة/متشابهة بصرياً
1611,Hazem19792019_2493.jpg,منتج Hazem19792019_2493,أخرى,fe62971f0787cf6d,يوجد صور متطابقة/متشابهة بصرياً
1612,Hazem19792019_2494.jpg,منتج Hazem19792019_2494,أخرى,0000ffffccffffff,
1613,Hazem19792019_2495.jpg,منتج Hazem19792019_2495,أخرى,333fffffc30b0000,
1614,Hazem19792019_2496.jpg,منتج Hazem19792019_2496,أخرى,0c0000feededffff,
1615,Hazem19792019_2497.jpg,منتج Hazem19792019_2497,أخرى,207eff9d8404ff00,
1616,Hazem19792019_2498.jpg,منتج Hazem19792019_2498,أخرى,110149d9fffcfd70,
1617,Hazem19792019_2499.jpg,منتج Hazem19792019_2499,أخرى,fcff7f003f373f00,يوجد صور متطابقة/متشابهة بصرياً
1618,Hazem19792019_25.jpg,منتج Hazem19792019_25,أخرى,fcfcf9d9d9c9c000,
1619,Hazem19792019_2500.jpg,منتج Hazem19792019_2500,أخرى,c0f8ff3f031b1f00,
1620,Hazem19792019_2501.jpg,منتج Hazem19792019_2501,أخرى,3ff8fffffff90000,
1621,Hazem19792019_2502.jpg,منتج Hazem19792019_2502,أخرى,7f091f7f61671e00,يوجد صور متطابقة/متشابهة بصرياً
1622,Hazem19792019_2503.jpg,منتج Hazem19792019_2503,أخرى,0f3f666f66060000,يوجد صور متطابقة/متشابهة بصرياً
1623,Hazem19792019_2504.jpg,منتج Hazem19792019_2504,أخرى,ff9fa2d3431792ff,
1624,Hazem19792019_2505.jpg,منتج Hazem19792019_2505,أخرى,e0e0e4e0e0c0c0c0,
1625,Hazem19792019_2506.jpg,منتج Hazem19792019_2506,أخرى,e0e0e0e0e0c0c0c0,
1626,Hazem19792019_2507.jpg,منتج Hazem19792019_2507,أخرى,ffc38a0d1717bfff,يوجد صور متطابقة/متشابهة بصرياً
1627,Hazem19792019_2508.jpg,منتج Hazem19792019_2508,أخرى,ffffff0006444402,
1628,Hazem19792019_2509.jpg,منتج Hazem19792019_2509,أخرى,f7f784060121f1f1,يوجد صور متطابقة/متشابهة بصرياً
1629,Hazem19792019_2510.jpg,منتج Hazem19792019_2510,أخرى,ff000000ff0100ff,يوجد صور متطابقة/متشابهة بصرياً
1630,Hazem19792019_2511.jpg,منتج Hazem19792019_2511,أخرى,6d60e0c14343e3ef,يوجد صور متطابقة/متشابهة بصرياً
1631,Hazem19792019_2512.jpg,منتج Hazem19792019_2512,أخرى,08c8fa7e7eecee00,يوجد صور متطابقة/متشابهة بصرياً
1632,Hazem19792019_2513.jpg,منتج Hazem19792019_2513,أخرى,f3030cc4f1e6dfff,
1633,Hazem19792019_2514.jpg,منتج Hazem19792019_2514,أخرى,1ffffddcc0a02101,
1634,Hazem19792019_2515.jpg,منتج Hazem19792019_2515,أخرى,ffffc0cf3f000020,
1635,Hazem19792019_2516.jpg,منتج Hazem19792019_2516,أخرى,a0f9f9ffff7e7201,يوجد صور متطابقة/متشابهة بصرياً
1636,Hazem19792019_2517.jpg,منتج Hazem19792019_2517,أخرى,067efe000078fe1f,
1637,Hazem19792019_2518.jpg,منتج Hazem19792019_2518,أخرى,37e3e3e3f7e20000,
1638,Hazem19792019_2519.jpg,منتج Hazem19792019_2519,أخرى,1e3c6fe3c7c3737f,يوجد صور متطابقة/متشابهة بصرياً
1639,Hazem19792019_2520.jpg,منتج Hazem19792019_2520,أخرى,19999b9f0913118f,يوجد صور متطابقة/متشابهة بصرياً
1640,Hazem19792019_2521.jpg,منتج Hazem19792019_2521,أخرى,0106036f9f838f1f,يوجد صور متطابقة/متشابهة بصرياً
1641,Hazem19792019_2522.jpg,منتج Hazem19792019_2522,أخرى,fc18003e7f7e3f00,يوجد صور متطابقة/متشابهة بصرياً
1642,Hazem19792019_2523.jpg,منتج Hazem19792019_2523,أخرى,ffefc7c5c1a3e3ff,يوجد صور متطابقة/متشابهة بصرياً
1643,Hazem19792019_2524.jpg,منتج Hazem19792019_2524,أخرى,7b010d201a7ff7f5,يوجد صور متطابقة/متشابهة بصرياً
1644,Hazem19792019_2525.jpg,منتج Hazem19792019_2525,أخرى,fffff9f7e0e0c0c0,يوجد صور متطابقة/متشابهة بصرياً
1645,Hazem19792019_2526.jpg,منتج Hazem19792019_2526,أخرى,879f7af0ce870764,يوجد صور متطابقة/متشابهة بصرياً
1646,Hazem19792019_2527.jpg,منتج Hazem19792019_2527,أخرى,f0f89c8cbc8c8cfc,يوجد صور متطابقة/متشابهة بصرياً
1647,Hazem19792019_2528.jpg,منتج Hazem19792019_2528,أخرى,ffffc7858181e3ff,يوجد صور متطابقة/متشابهة بصرياً
1648,Hazem19792019_2529.jpg,منتج Hazem19792019_2529,أخرى,e4e270705c1c9040,
1649,Hazem19792019_2530.jpg,منتج Hazem19792019_2530,أخرى,ffffee800000ffff,
1650,Hazem19792019_2531.jpg,منتج Hazem19792019_2531,أخرى,fefc7c7c3c3c7c0c,
1651,Hazem19792019_2532.jpg,منتج Hazem19792019_2532,أخرى,f7f81f4363f30004,
1652,Hazem19792019_2533.jpg,منتج Hazem19792019_2533,أخرى,f1f91c0c3c7c0f4f,
1653,Hazem19792019_2534.jpg,منتج Hazem19792019_2534,أخرى,ff1b13b1350565ad,يوجد صور متطابقة/متشابهة بصرياً
1654,Hazem19792019_2535.jpg,منتج Hazem19792019_2535,أخرى,ffbf03311044fbff,يوجد صور متطابقة/متشابهة بصرياً
1655,Hazem19792019_2536.jpg,منتج Hazem19792019_2536,أخرى,004a7e0025797d7d,يوجد صور متطابقة/متشابهة بصرياً
1656,Hazem19792019_2537.jpg,منتج Hazem19792019_2537,أخرى,000073e7e7e7c600,يوجد صور متطابقة/متشابهة بصرياً
1657,Hazem19792019_2538.jpg,منتج Hazem19792019_2538,أخرى,fe3a3f3f38183f38,يوجد صور متطابقة/متشابهة بصرياً
1658,Hazem19792019_2539.jpg,منتج Hazem19792019_2539,أخرى,08c8fa7e7eecee00,يوجد صور متطابقة/متشابهة بصرياً
1659,Hazem19792019_2540.jpg,منتج Hazem19792019_2540,أخرى,2008e7c3e1e3e700,يوجد صور متطابقة/متشابهة بصرياً
1660,Hazem19792019_2541.jpg,منتج Hazem19792019_2541,أخرى,01fce7e2e1e098fe,
1661,Hazem19792019_2542.jpg,منتج Hazem19792019_2542,أخرى,fff1d0c9ef1f0009,يوجد صور متطابقة/متشابهة بصرياً
1662,Hazem19792019_2543.jpg,منتج Hazem19792019_2543,أخرى,fefffefee2c04000,يوجد صور متطابقة/متشابهة بصرياً
1663,Hazem19792019_2544.jpg,منتج Hazem19792019_2544,أخرى,fffbc3070f0f0100,يوجد صور متطابقة/متشابهة بصرياً
1664,Hazem19792019_2545.jpg,منتج Hazem19792019_2545,أخرى,fecececefe406600,
1665,Hazem19792019_2546.jpg,منتج Hazem19792019_2546,أخرى,007e73717f7fff00,
1666,Hazem19792019_2547.jpg,منتج Hazem19792019_2547,أخرى,c11d17070f0d0fbb,يوجد صور متطابقة/متشابهة بصرياً
1667,Hazem19792019_2548.jpg,منتج Hazem19792019_2548,أخرى,c07c7efeeefe4c80,
1668,Hazem19792019_2549.jpg,منتج Hazem19792019_2549,أخرى,ffffffff7e1c0000,يوجد صور متطابقة/متشابهة بصرياً
1669,Hazem19792019_2550.jpg,منتج Hazem19792019_2550,أخرى,7f7f7f7f3f1e1e00,يوجد صور متطابقة/متشابهة بصرياً
1670,Hazem19792019_2551.jpg,منتج Hazem19792019_2551,أخرى,60f68e0ececece00,
1671,Hazem19792019_2552.jpg,منتج Hazem19792019_2552,أخرى,e0e0e0ece7ef0c00,يوجد صور متطابقة/متشابهة بصرياً
1672,Hazem19792019_2553.jpg,منتج Hazem19792019_2553,أخرى,f7e78e8680909bff,
1673,Hazem19792019_2554.jpg,منتج Hazem19792019_2554,أخرى,f3c0c1939191b1ff,يوجد صور متطابقة/متشابهة بصرياً
1674,Hazem19792019_2555.jpg,منتج Hazem19792019_2555,أخرى,7f43613b005f7fff,يوجد صور متطابقة/متشابهة بصرياً
1675,Hazem19792019_2556.jpg,منتج Hazem19792019_2556,أخرى,fc18003e7f7e3f00,يوجد صور متطابقة/متشابهة بصرياً
1676,Hazem19792019_2557.jpg,منتج Hazem19792019_2557,أخرى,879f7af0ce870764,يوجد صور متطابقة/متشابهة بصرياً
1677,Hazem19792019_2558.jpg,منتج Hazem19792019_2558,أخرى,00025b7a023e3e38,يوجد صور متطابقة/متشابهة بصرياً
1678,Hazem19792019_2559.jpg,منتج Hazem19792019_2559,أخرى,7f477f013f3f0500,يوجد صور متطابقة/متشابهة بصرياً
1679,Hazem19792019_2560.jpg,منتج Hazem19792019_2560,أخرى,f9f8f8707030717f,يوجد صور متطابقة/متشابهة بصرياً
1680,Hazem19792019_2561.jpg,منتج Hazem19792019_2561,أخرى,01706606363c3e05,يوجد صور متطابقة/متشابهة بصرياً
1681,Hazem19792019_2562.jpg,منتج Hazem19792019_2562,أخرى,ffff3f1317070606,يوجد صور متطابقة/متشابهة بصرياً
1682,Hazem19792019_2563.jpg,منتج Hazem19792019_2563,أخرى,0000f8fec7c7effb,يوجد صور متطابقة/متشابهة بصرياً
1683,Hazem19792019_2564.jpg,منتج Hazem19792019_2564,أخرى,8180c3c3ad7d0c81,يوجد صور متطابقة/متشابهة بصرياً
1684,Hazem19792019_2565.jpg,منتج Hazem19792019_2565,أخرى,ffc3c3c7c7efc7c7,
1685,Hazem19792019_2566.jpg,منتج Hazem19792019_2566,أخرى,7b010d201a7ff7f5,يوجد صور متطابقة/متشابهة بصرياً
1686,Hazem19792019_2567.jpg,منتج Hazem19792019_2567,أخرى,0f0f0f0f0f0f0ffe,
1687,Hazem19792019_2568.jpg,منتج Hazem19792019_2568,أخرى,fcffc7d7f6fe0400,
1688,Hazem19792019_2569.jpg,منتج Hazem19792019_2569,أخرى,7cf8f8fefcc0c0e0,يوجد صور متطابقة/متشابهة بصرياً
1689,Hazem19792019_2570.jpg,منتج Hazem19792019_2570,أخرى,fedede9edec080c0,
1690,Hazem19792019_2571.jpg,منتج Hazem19792019_2571,أخرى,ffc7878381c3c5fd,يوجد صور متطابقة/متشابهة بصرياً
1691,Hazem19792019_2572.jpg,منتج Hazem19792019_2572,أخرى,fffff9f7e0e0c0c0,يوجد صور متطابقة/متشابهة بصرياً
1692,Hazem19792019_2573.jpg,منتج Hazem19792019_2573,أخرى,00000206ffffffff,يوجد صور متطابقة/متشابهة بصرياً
1693,Hazem19792019_2574.jpg,منتج Hazem19792019_2574,أخرى,ff7f3f3ffec0c0fc,يوجد صور متطابقة/متشابهة بصرياً
1694,Hazem19792019_2575.jpg,منتج Hazem19792019_2575,أخرى,72707c7d1f0f0323,يوجد صور متطابقة/متشابهة بصرياً
1695,Hazem19792019_2576.jpg,منتج Hazem19792019_2576,أخرى,ec4c7c2cc080fffb,يوجد صور متطابقة/متشابهة بصرياً
1696,Hazem19792019_2577.jpg,منتج Hazem19792019_2577,أخرى,1fffdcd8c0a121ff,
1697,Hazem19792019_2578.jpg,منتج Hazem19792019_2578,أخرى,19999b9f0913118f,يوجد صور متطابقة/متشابهة بصرياً
1698,Hazem19792019_2579.jpg,منتج Hazem19792019_2579,أخرى,ffc7878381c3c5fd,يوجد صور متطابقة/متشابهة بصرياً
1699,Hazem19792019_2580.jpg,منتج Hazem19792019_2580,أخرى,dd9fe7e787879101,يوجد صور متطابقة/متشابهة بصرياً
1700,Hazem19792019_2581.jpg,منتج Hazem19792019_2581,أخرى,fe7c7ecaf8ff0000,
1701,Hazem19792019_2582.jpg,منتج Hazem19792019_2582,أخرى,baff7f79003f1080,يوجد صور متطابقة/متشابهة بصرياً
1702,Hazem19792019_2583.jpg,منتج Hazem19792019_2583,أخرى,01018bc1007fff3f,يوجد صور متطابقة/متشابهة بصرياً
1703,Hazem19792019_2584.jpg,منتج Hazem19792019_2584,أخرى,62837f46000583ff,يوجد صور متطابقة/متشابهة بصرياً
1704,Hazem19792019_2585.jpg,منتج Hazem19792019_2585,أخرى,091b020100efff3f,يوجد صور متطابقة/متشابهة بصرياً
1705,Hazem19792019_2586.jpg,منتج Hazem19792019_2586,أخرى,330323ff3b81a37f,يوجد صور متطابقة/متشابهة بصرياً
1706,Hazem19792019_2587.jpg,منتج Hazem19792019_2587,أخرى,8fc3818bcfc181cf,يوجد صور متطابقة/متشابهة بصرياً
1707,Hazem19792019_2588.jpg,منتج Hazem19792019_2588,أخرى,ff7f7f7d0101242c,يوجد صور متطابقة/متشابهة بصرياً
1708,Hazem19792019_2589.jpg,منتج Hazem19792019_2589,أخرى,0106036f9f838f1f,يوجد صور متطابقة/متشابهة بصرياً
1709,Hazem19792019_259.jpg,منتج Hazem19792019_259,أخرى,001e7fff7f7f0000,يوجد صور متطابقة/متشابهة بصرياً
1710,Hazem19792019_2590.jpg,منتج Hazem19792019_2590,أخرى,3d233323311000e0,يوجد صور متطابقة/متشابهة بصرياً
1711,Hazem19792019_2591.jpg,منتج Hazem19792019_2591,أخرى,fc8080e1c0f8fdff,يوجد صور متطابقة/متشابهة بصرياً
1712,Hazem19792019_2592.jpg,منتج Hazem19792019_2592,أخرى,f3a1a1bfffff8000,يوجد صور متطابقة/متشابهة بصرياً
1713,Hazem19792019_2593.jpg,منتج Hazem19792019_2593,أخرى,7efcffff672604c0,يوجد صور متطابقة/متشابهة بصرياً
1714,Hazem19792019_2594.jpg,منتج Hazem19792019_2594,أخرى,1e1e3c0066262622,يوجد صور متطابقة/متشابهة بصرياً
1715,Hazem19792019_2595.jpg,منتج Hazem19792019_2595,أخرى,cbc3c3c7838383e3,
1716,Hazem19792019_2596.jpg,منتج Hazem19792019_2596,أخرى,83838381bbbfdfff,يوجد صور متطابقة/متشابهة بصرياً
1717,Hazem19792019_2597.jpg,منتج Hazem19792019_2597,أخرى,1301078383efef7f,يوجد صور متطابقة/متشابهة بصرياً
1718,Hazem19792019_2598.jpg,منتج Hazem19792019_2598,أخرى,fff3f2fa42008149,يوجد صور متطابقة/متشابهة بصرياً
1719,Hazem19792019_2599.jpg,منتج Hazem19792019_2599,أخرى,f8f8c1838980e1f9,يوجد صور متطابقة/متشابهة بصرياً
1720,Hazem19792019_260.jpg,منتج Hazem19792019_260,أخرى,34fff7c7c77e3000,يوجد صور متطابقة/متشابهة بصرياً
1721,Hazem19792019_2600.jpg,منتج Hazem19792019_2600,أخرى,003efeff07060000,يوجد صور متطابقة/متشابهة بصرياً
1722,Hazem19792019_2601.jpg,منتج Hazem19792019_2601,أخرى,01000001e1e0ffff,يوجد صور متطابقة/متشابهة بصرياً
1723,Hazem19792019_2602.jpg,منتج Hazem19792019_2602,أخرى,c3c383c3c3c39fef,يوجد صور متطابقة/متشابهة بصرياً
1724,Hazem19792019_2603.jpg,منتج Hazem19792019_2603,أخرى,783e3b3333333176,يوجد صور متطابقة/متشابهة بصرياً
1725,Hazem19792019_2604.jpg,منتج Hazem19792019_2604,أخرى,fff7bf3b1f070000,يوجد صور متطابقة/متشابهة بصرياً
1726,Hazem19792019_2605.jpg,منتج Hazem19792019_2605,أخرى,fff980000127cfff,يوجد صور متطابقة/متشابهة بصرياً
1727,Hazem19792019_2606.jpg,منتج Hazem19792019_2606,أخرى,f1f1f0f0f0f0f0ff,يوجد صور متطابقة/متشابهة بصرياً
1728,Hazem19792019_2607.jpg,منتج Hazem19792019_2607,أخرى,9f0f0f0f0f0f0f0f,يوجد صور متطابقة/متشابهة بصرياً
1729,Hazem19792019_2608.jpg,منتج Hazem19792019_2608,أخرى,fdc9c1c1c1c1e1ff,يوجد صور متطابقة/متشابهة بصرياً
1730,Hazem19792019_2609.jpg,منتج Hazem19792019_2609,أخرى,ff036ffff3e30100,يوجد صور متطابقة/متشابهة بصرياً
1731,Hazem19792019_261.jpg,منتج Hazem19792019_261,أخرى,007cffffff7f0600,يوجد صور متطابقة/متشابهة بصرياً
1732,Hazem19792019_2610.jpg,منتج Hazem19792019_2610,أخرى,fe62971f0787cf6d,يوجد صور متطابقة/متشابهة بصرياً
1733,Hazem19792019_2611.jpg,منتج Hazem19792019_2611,أخرى,004a7e0025797d7d,يوجد صور متطابقة/متشابهة بصرياً
1734,Hazem19792019_2612.jpg,منتج Hazem19792019_2612,أخرى,000073e7e7e7c600,يوجد صور متطابقة/متشابهة بصرياً
1735,Hazem19792019_2613.jpg,منتج Hazem19792019_2613,أخرى,7e7efeeeeee61e06,
1736,Hazem19792019_2614.jpg,منتج Hazem19792019_2614,أخرى,ffb0202026be9199,
1737,Hazem19792019_2615.jpg,منتج Hazem19792019_2615,أخرى,7c7e7e7e7e3d0100,
1738,Hazem19792019_2616.jpg,منتج Hazem19792019_2616,أخرى,7f091f7f61671e00,يوجد صور متطابقة/متشابهة بصرياً
1739,Hazem19792019_2617.jpg,منتج Hazem19792019_2617,أخرى,41fffe7e5fff0000,
1740,Hazem19792019_2618.jpg,منتج Hazem19792019_2618,أخرى,fcff7f003f373f00,يوجد صور متطابقة/متشابهة بصرياً
1741,Hazem19792019_2619.jpg,منتج Hazem19792019_2619,أخرى,0676767676767706,
1742,Hazem19792019_262.jpg,منتج Hazem19792019_262,أخرى,0ffcc0b898ff3e00,يوجد صور متطابقة/متشابهة بصرياً
1743,Hazem19792019_2620.jpg,منتج Hazem19792019_2620,أخرى,bff7f7070000a348,يوجد صور متطابقة/متشابهة بصرياً
1744,Hazem19792019_2621.jpg,منتج Hazem19792019_2621,أخرى,3e7e7e371d7f1f00,
1745,Hazem19792019_2622.jpg,منتج Hazem19792019_2622,أخرى,805e9684b0f8feff,يوجد صور متطابقة/متشابهة بصرياً
1746,Hazem19792019_2623.jpg,منتج Hazem19792019_2623,أخرى,327e7f7e5e434f00,
1747,Hazem19792019_2624.jpg,منتج Hazem19792019_2624,أخرى,00ede199e4e0fbef,
1748,Hazem19792019_2625.jpg,منتج Hazem19792019_2625,أخرى,b080beb2f8beb8b0,
1749,Hazem19792019_2626.jpg,منتج Hazem19792019_2626,أخرى,1fff006862ef0200,
1750,Hazem19792019_2627.jpg,منتج Hazem19792019_2627,أخرى,007f5b206fdbff20,
1751,Hazem19792019_2628.jpg,منتج Hazem19792019_2628,أخرى,03030347477f7fff,يوجد صور متطابقة/متشابهة بصرياً
1752,Hazem19792019_2629.jpg,منتج Hazem19792019_2629,أخرى,fb7f7f3f3b3a0a00,
1753,Hazem19792019_263.jpg,منتج Hazem19792019_263,أخرى,ffd9918899f07f38,يوجد صور متطابقة/متشابهة بصرياً
1754,Hazem19792019_2630.jpg,منتج Hazem19792019_2630,أخرى,07031f1f83f37f1f,
1755,Hazem19792019_2631.jpg,منتج Hazem19792019_2631,أخرى,ff87878f850189c1,يوجد صور متطابقة/متشابهة بصرياً
1756,Hazem19792019_2632.jpg,منتج Hazem19792019_2632,أخرى,1f3d37e7c7c7c7e7,يوجد صور متطابقة/متشابهة بصرياً
1757,Hazem19792019_2633.jpg,منتج Hazem19792019_2633,أخرى,fbc38399b3e3bdef,
1758,Hazem19792019_2634.jpg,منتج Hazem19792019_2634,أخرى,ff93830fb3b1b1ff,يوجد صور متطابقة/متشابهة بصرياً
1759,Hazem19792019_2635.jpg,منتج Hazem19792019_2635,أخرى,7cfd7b1e007e7e7e,
1760,Hazem19792019_2636.jpg,منتج Hazem19792019_2636,أخرى,0de5c7c19797f1fd,
1761,Hazem19792019_2637.jpg,منتج Hazem19792019_2637,أخرى,fc18003e7f7e3f00,يوجد صور متطابقة/متشابهة بصرياً
1762,Hazem19792019_2638.jpg,منتج Hazem19792019_2638,أخرى,79ff9fff00000000,
1763,Hazem19792019_2639.jpg,منتج Hazem19792019_2639,أخرى,1f77f71fff000103,يوجد صور متطابقة/متشابهة بصرياً
1764,Hazem19792019_264.jpg,منتج Hazem19792019_264,أخرى,00c2dcfbf3c17e00,يوجد صور متطابقة/متشابهة بصرياً
1765,Hazem19792019_2640.jpg,منتج Hazem19792019_2640,أخرى,fee3c3c3c3c3fc60,
1766,Hazem19792019_2641.jpg,منتج Hazem19792019_2641,أخرى,fffffbff80000000,يوجد صور متطابقة/متشابهة بصرياً
1767,Hazem19792019_2642.jpg,منتج Hazem19792019_2642,أخرى,003e763e7dffd180,
1768,Hazem19792019_2643.jpg,منتج Hazem19792019_2643,أخرى,00fcfefafc1efe0f,
1769,Hazem19792019_2644.jpg,منتج Hazem19792019_2644,أخرى,01c0fefefe7e6c00,
1770,Hazem19792019_2645.jpg,منتج Hazem19792019_2645,أخرى,00f2fbcf0b83dff3,يوجد صور متطابقة/متشابهة بصرياً
1771,Hazem19792019_2646.jpg,منتج Hazem19792019_2646,أخرى,000e0e063e7e7f7f,
1772,Hazem19792019_2647.jpg,منتج Hazem19792019_2647,أخرى,fcf0003affeaf290,يوجد صور متطابقة/متشابهة بصرياً
1773,Hazem19792019_2648.jpg,منتج Hazem19792019_2648,أخرى,ffc6007bf3f3f1a0,
1774,Hazem19792019_2649.jpg,منتج Hazem19792019_2649,أخرى,ffffcb87879081f3,يوجد صور متطابقة/متشابهة بصرياً
1775,Hazem19792019_265.jpg,منتج Hazem19792019_265,أخرى,60ffe38bcdfd7900,يوجد صور متطابقة/متشابهة بصرياً
1776,Hazem19792019_2650.jpg,منتج Hazem19792019_2650,أخرى,fff9d9e1c1c1c1f3,يوجد صور متطابقة/متشابهة بصرياً
1777,Hazem19792019_2651.jpg,منتج Hazem19792019_2651,أخرى,fefefaa8e0a0a0e9,
1778,Hazem19792019_2652.jpg,منتج Hazem19792019_2652,أخرى,ff83c3c3c3c3c183,
1779,Hazem19792019_2654.jpg,منتج Hazem19792019_2654,أخرى,e7e3fbc9c1f1e3ff,يوجد صور متطابقة/متشابهة بصرياً
1780,Hazem19792019_2655.jpg,منتج Hazem19792019_2655,أخرى,3eff8f8181e7ffff,
1781,Hazem19792019_2656.jpg,منتج Hazem19792019_2656,أخرى,3f0000030f3f3c30,
1782,Hazem19792019_2657.jpg,منتج Hazem19792019_2657,أخرى,fffffbfbf7c30000,
1783,Hazem19792019_2658.jpg,منتج Hazem19792019_2658,أخرى,ffffd78387838f1c,
1784,Hazem19792019_2659.jpg,منتج Hazem19792019_2659,أخرى,ffc7870381c1f1ff,يوجد صور متطابقة/متشابهة بصرياً
1785,Hazem19792019_2660.jpg,منتج Hazem19792019_2660,أخرى,123f2e267f7f7300,
1786,Hazem19792019_2661.jpg,منتج Hazem19792019_2661,أخرى,f0040c0e3f1d1f1e,
1787,Hazem19792019_2662.jpg,منتج Hazem19792019_2662,أخرى,fc8080e1c0f8fdff,يوجد صور متطابقة/متشابهة بصرياً
1788,Hazem19792019_2663.jpg,منتج Hazem19792019_2663,أخرى,007f2f0f0f01ebfc,
1789,Hazem19792019_2664.jpg,منتج Hazem19792019_2664,أخرى,ec4c7c2cc080fffb,يوجد صور متطابقة/متشابهة بصرياً
1790,Hazem19792019_2665.jpg,منتج Hazem19792019_2665,أخرى,39f0b8a9aeee27ff,يوجد صور متطابقة/متشابهة بصرياً
1791,Hazem19792019_2666.jpg,منتج Hazem19792019_2666,أخرى,9b9f8501009d8fe3,يوجد صور متطابقة/متشابهة بصرياً
1792,Hazem19792019_2667.jpg,منتج Hazem19792019_2667,أخرى,7ef9f1c1e9fdfdfe,
1793,Hazem19792019_2668.jpg,منتج Hazem19792019_2668,أخرى,7ff1c1c1f9fdfdff,
1794,Hazem19792019_2669.jpg,منتج Hazem19792019_2669,أخرى,ffffcb87879081f3,يوجد صور متطابقة/متشابهة بصرياً
1795,Hazem19792019_2670.jpg,منتج Hazem19792019_2670,أخرى,ff0107390f07dfff,
1796,Hazem19792019_2671.jpg,منتج Hazem19792019_2671,أخرى,0440f2f2838387f7,
1797,Hazem19792019_2672.jpg,منتج Hazem19792019_2672,أخرى,0000c0e1e3eccfff,يوجد صور متطابقة/متشابهة بصرياً
1798,Hazem19792019_2673.jpg,منتج Hazem19792019_2673,أخرى,ffff910d0901038f,يوجد صور متطابقة/متشابهة بصرياً
1799,Hazem19792019_2674.jpg,منتج Hazem19792019_2674,أخرى,7f43613b005f7fff,يوجد صور متطابقة/متشابهة بصرياً
1800,Hazem19792019_2675.jpg,منتج Hazem19792019_2675,أخرى,fcfe6660787a7c7e,
1801,Hazem19792019_2676.jpg,منتج Hazem19792019_2676,أخرى,00ffff9f01878f00,
1802,Hazem19792019_2677.jpg,منتج Hazem19792019_2677,أخرى,e781011189f7fbff,يوجد صور متطابقة/متشابهة بصرياً
1803,Hazem19792019_2678.jpg,منتج Hazem19792019_2678,أخرى,7c403c6f7c407f1f,
1804,Hazem19792019_2679.jpg,منتج Hazem19792019_2679,أخرى,ffcde18181013f9f,
1805,Hazem19792019_2680.jpg,منتج Hazem19792019_2680,أخرى,0515110fffe1e1ef,يوجد صور متطابقة/متشابهة بصرياً
1806,Hazem19792019_2683.jpg,منتج Hazem19792019_2683,أخرى,67fff60607fc8000,يوجد صور متطابقة/متشابهة بصرياً
1807,Hazem19792019_2684.jpg,منتج Hazem19792019_2684,أخرى,ff0f00f097e7c8f8,
1808,Hazem19792019_2685.jpg,منتج Hazem19792019_2685,أخرى,00000f1f1f4e46ce,يوجد صور متطابقة/متشابهة بصرياً
1809,Hazem19792019_2686.jpg,منتج Hazem19792019_2686,أخرى,0606362676760000,يوجد صور متطابقة/متشابهة بصرياً
1810,Hazem19792019_2687.jpg,منتج Hazem19792019_2687,أخرى,cfc1a5a7a7a7c7f7,يوجد صور متطابقة/متشابهة بصرياً
1811,Hazem19792019_2688.jpg,منتج Hazem19792019_2688,أخرى,f0f070def4c00300,
1812,Hazem19792019_2689.jpg,منتج Hazem19792019_2689,أخرى,6f7ddffb8013c080,يوجد صور متطابقة/متشابهة بصرياً
1813,Hazem19792019_2690.jpg,منتج Hazem19792019_2690,أخرى,ffe8007ffff2b8d0,يوجد صور متطابقة/متشابهة بصرياً
1814,Hazem19792019_2691.jpg,منتج Hazem19792019_2691,أخرى,001018387e7e0000,
1815,Hazem19792019_2694.jpg,منتج Hazem19792019_2694,أخرى,0002fffb87e7ffff,يوجد صور متطابقة/متشابهة بصرياً
1816,Hazem19792019_2695.jpg,منتج Hazem19792019_2695,أخرى,3f14767e3e2e989f,يوجد صور متطابقة/متشابهة بصرياً
1817,Hazem19792019_2696.jpg,منتج Hazem19792019_2696,أخرى,fe04fefb05113000,
1818,Hazem19792019_2697.jpg,منتج Hazem19792019_2697,أخرى,f0808280decbef3f,يوجد صور متطابقة/متشابهة بصرياً
1819,Hazem19792019_2698.jpg,منتج Hazem19792019_2698,أخرى,00000800ffffff01,يوجد صور متطابقة/متشابهة بصرياً
1820,Hazem19792019_2699.jpg,منتج Hazem19792019_2699,أخرى,1f00703f13017ff1,
1821,Hazem19792019_27.jpg,منتج Hazem19792019_27,أخرى,ffffb080808083ef,
1822,Hazem19792019_2700.jpg,منتج Hazem19792019_2700,أخرى,4040fff3ffcf0c00,
1823,Hazem19792019_2701.jpg,منتج Hazem19792019_2701,أخرى,004dfdf9f1f7fff8,يوجد صور متطابقة/متشابهة بصرياً
1824,Hazem19792019_2702.jpg,منتج Hazem19792019_2702,أخرى,ffffffff0000c008,يوجد صور متطابقة/متشابهة بصرياً
1825,Hazem19792019_2703.jpg,منتج Hazem19792019_2703,أخرى,7e6efefce0c08038,يوجد صور متطابقة/متشابهة بصرياً
1826,Hazem19792019_2704.jpg,منتج Hazem19792019_2704,أخرى,00057d7d3e7eff2f,يوجد صور متطابقة/متشابهة بصرياً
1827,Hazem19792019_2705.jpg,منتج Hazem19792019_2705,أخرى,00ec7c7f68777f01,
1828,Hazem19792019_2706.jpg,منتج Hazem19792019_2706,أخرى,046c7cfcec0013f3,يوجد صور متطابقة/متشابهة بصرياً
1829,Hazem19792019_2707.jpg,منتج Hazem19792019_2707,أخرى,0c38003c7c7cfffc,يوجد صور متطابقة/متشابهة بصرياً
1830,Hazem19792019_2708.jpg,منتج Hazem19792019_2708,أخرى,83771f3f67000f0f,
1831,Hazem19792019_2709.jpg,منتج Hazem19792019_2709,أخرى,3e30f0fefaf8ba3f,
1832,Hazem19792019_2710.jpg,منتج Hazem19792019_2710,أخرى,f1008f9f3f010707,
1833,Hazem19792019_2711.jpg,منتج Hazem19792019_2711,أخرى,ffbf004ffb2b0000,
1834,Hazem19792019_2712.jpg,منتج Hazem19792019_2712,أخرى,00007c3c7e7eefe6,يوجد صور متطابقة/متشابهة بصرياً
1835,Hazem19792019_2713.jpg,منتج Hazem19792019_2713,أخرى,b8808080e8feff73,يوجد صور متطابقة/متشابهة بصرياً
1836,Hazem19792019_2714.jpg,منتج Hazem19792019_2714,أخرى,0007f77237b3ffcf,يوجد صور متطابقة/متشابهة بصرياً
1837,Hazem19792019_2715.jpg,منتج Hazem19792019_2715,أخرى,0080969f9fb7f7f3,
1838,Hazem19792019_2716.jpg,منتج Hazem19792019_2716,أخرى,38084e4cdeefedbc,
1839,Hazem19792019_2717.jpg,منتج Hazem19792019_2717,أخرى,7800010d30fdffe3,
1840,Hazem19792019_2718.jpg,منتج Hazem19792019_2718,أخرى,10323b2072f6fbf9,
1841,Hazem19792019_2719.jpg,منتج Hazem19792019_2719,أخرى,0000790c3cfdf7f7,
1842,Hazem19792019_2720.jpg,منتج Hazem19792019_2720,أخرى,0000d1f0c0fdfdbd,
1843,Hazem19792019_2721.jpg,منتج Hazem19792019_2721,أخرى,00249781898bef86,
1844,Hazem19792019_2722.jpg,منتج Hazem19792019_2722,أخرى,03ecc0e6fc8707ff,
1845,Hazem19792019_2723.jpg,منتج Hazem19792019_2723,أخرى,e09282f0f280f8e0,
1846,Hazem19792019_2724.jpg,منتج Hazem19792019_2724,أخرى,0303ffcfc100fff8,
1847,Hazem19792019_2725.jpg,منتج Hazem19792019_2725,أخرى,00777fbfffe11260,
1848,Hazem19792019_2726.jpg,منتج Hazem19792019_2726,أخرى,1fe060000000ff7f,
1849,Hazem19792019_2727.jpg,منتج Hazem19792019_2727,أخرى,00426644a480ffff,
1850,Hazem19792019_2728.jpg,منتج Hazem19792019_2728,أخرى,0000e0fdffff7fff,
1851,Hazem19792019_2729.jpg,منتج Hazem19792019_2729,أخرى,7ef4e7ee6e62ee00,
1852,Hazem19792019_2730.jpg,منتج Hazem19792019_2730,أخرى,0000123c3c3cffff,
1853,Hazem19792019_2731.jpg,منتج Hazem19792019_2731,أخرى,0000fec2f7ffe723,يوجد صور متطابقة/متشابهة بصرياً
1854,Hazem19792019_2732.jpg,منتج Hazem19792019_2732,أخرى,c0c07860f87e7fff,
1855,Hazem19792019_2733.jpg,منتج Hazem19792019_2733,أخرى,fffcfcec2cc4ff00,
1856,Hazem19792019_2734.jpg,منتج Hazem19792019_2734,أخرى,0000746cc1c391ff,
1857,Hazem19792019_2735.jpg,منتج Hazem19792019_2735,أخرى,0000fd9cccdd01ff,يوجد صور متطابقة/متشابهة بصرياً
1858,Hazem19792019_2736.jpg,منتج Hazem19792019_2736,أخرى,00003030c0fdfd7f,
1859,Hazem19792019_2737.jpg,منتج Hazem19792019_2737,أخرى,0101039bc73fdbc3,
1860,Hazem19792019_2738.jpg,منتج Hazem19792019_2738,أخرى,003e3ea42cbeffff,
1861,Hazem19792019_2739.jpg,منتج Hazem19792019_2739,أخرى,187e7fdf7fdf6f00,
1862,Hazem19792019_2740.jpg,منتج Hazem19792019_2740,أخرى,feff08eece8a0070,
1863,Hazem19792019_2741.jpg,منتج Hazem19792019_2741,أخرى,3e1c7e3e3d9f811d,
1864,Hazem19792019_2742.jpg,منتج Hazem19792019_2742,أخرى,003078bcff3f2101,
1865,Hazem19792019_2743.jpg,منتج Hazem19792019_2743,أخرى,007e7f6361617f04,
1866,Hazem19792019_2744.jpg,منتج Hazem19792019_2744,أخرى,2694f871697170c0,
1867,Hazem19792019_2745.jpg,منتج Hazem19792019_2745,أخرى,1000814222ff81ff,يوجد صور متطابقة/متشابهة بصرياً
1868,Hazem19792019_2746.jpg,منتج Hazem19792019_2746,أخرى,08aba9a9c86a7a7f,يوجد صور متطابقة/متشابهة بصرياً
1869,Hazem19792019_2747.jpg,منتج Hazem19792019_2747,أخرى,c0fcec6646787a79,
1870,Hazem19792019_2748.jpg,منتج Hazem19792019_2748,أخرى,e7e3fbc9c1f1e3ff,يوجد صور متطابقة/متشابهة بصرياً
1871,Hazem19792019_2749.jpg,منتج Hazem19792019_2749,أخرى,fc40008080d9fcff,يوجد صور متطابقة/متشابهة بصرياً
1872,Hazem19792019_275.jpg,منتج Hazem19792019_275,أخرى,6c3e7e7f3e6c6f00,
1873,Hazem19792019_2750.jpg,منتج Hazem19792019_2750,أخرى,0000000c1c1dfcff,يوجد صور متطابقة/متشابهة بصرياً
1874,Hazem19792019_2751.jpg,منتج Hazem19792019_2751,أخرى,00891d988fffcfc6,
1875,Hazem19792019_2752.jpg,منتج Hazem19792019_2752,أخرى,00fcfcfefa7c7e7f,
1876,Hazem19792019_2753.jpg,منتج Hazem19792019_2753,أخرى,ffff983c3c3c007c,
1877,Hazem19792019_2754.jpg,منتج Hazem19792019_2754,أخرى,fff9e18311f0fdff,يوجد صور متطابقة/متشابهة بصرياً
1878,Hazem19792019_2755.jpg,منتج Hazem19792019_2755,أخرى,ff1b13b1350565ad,يوجد صور متطابقة/متشابهة بصرياً
1879,Hazem19792019_2756.jpg,منتج Hazem19792019_2756,أخرى,9f8f8f8fcc888880,يوجد صور متطابقة/متشابهة بصرياً
1880,Hazem19792019_2757.jpg,منتج Hazem19792019_2757,أخرى,bf03c1e1f08211fa,
1881,Hazem19792019_2758.jpg,منتج Hazem19792019_2758,أخرى,3f773737b103137b,يوجد صور متطابقة/متشابهة بصرياً
1882,Hazem19792019_2759.jpg,منتج Hazem19792019_2759,أخرى,3f773737b103137b,يوجد صور متطابقة/متشابهة بصرياً
1883,Hazem19792019_276.jpg,منتج Hazem19792019_276,أخرى,3f3f3e7e1e1c1c0c,
1884,Hazem19792019_2760.jpg,منتج Hazem19792019_2760,أخرى,ffbfbf8f90f0f8ff,يوجد صور متطابقة/متشابهة بصرياً
1885,Hazem19792019_2761.jpg,منتج Hazem19792019_2761,أخرى,7cf87e0e2d09419d,
1886,Hazem19792019_2762.jpg,منتج Hazem19792019_2762,أخرى,bff7f7070000a348,يوجد صور متطابقة/متشابهة بصرياً
1887,Hazem19792019_2763.jpg,منتج Hazem19792019_2763,أخرى,ff1f1cffffc3c27e,يوجد صور متطابقة/متشابهة بصرياً
1888,Hazem19792019_2764.jpg,منتج Hazem19792019_2764,أخرى,ffffefffcf8581e1,يوجد صور متطابقة/متشابهة بصرياً
1889,Hazem19792019_2765.jpg,منتج Hazem19792019_2765,أخرى,ffe8007ffff2b8d0,يوجد صور متطابقة/متشابهة بصرياً
1890,Hazem19792019_2766.jpg,منتج Hazem19792019_2766,أخرى,fc40008080d9fcff,يوجد صور متطابقة/متشابهة بصرياً
1891,Hazem19792019_2767.jpg,منتج Hazem19792019_2767,أخرى,0000000c1c1dfcff,يوجد صور متطابقة/متشابهة بصرياً
1892,Hazem19792019_2768.jpg,منتج Hazem19792019_2768,أخرى,1000814222ff81ff,يوجد صور متطابقة/متشابهة بصرياً
1893,Hazem19792019_2769.jpg,منتج Hazem19792019_2769,أخرى,08aba9a9c86a7a7f,يوجد صور متطابقة/متشابهة بصرياً
1894,Hazem19792019_277.jpg,منتج Hazem19792019_277,أخرى,08383c3e3e3c3c00,
1895,Hazem19792019_2770.jpg,منتج Hazem19792019_2770,أخرى,3f3f3f2c35371fbf,
1896,Hazem19792019_2771.jpg,منتج Hazem19792019_2771,أخرى,000066a6b7f7b0ff,
1897,Hazem19792019_2772.jpg,منتج Hazem19792019_2772,أخرى,3f1d01201879ffc0,
1898,Hazem19792019_2773.jpg,منتج Hazem19792019_2773,أخرى,ff7000c0c2c1fffe,
1899,Hazem19792019_2774.jpg,منتج Hazem19792019_2774,أخرى,ff20000280fffefe,
1900,Hazem19792019_2775.jpg,منتج Hazem19792019_2775,أخرى,3f773737b103137b,يوجد صور متطابقة/متشابهة بصرياً
1901,Hazem19792019_2776.jpg,منتج Hazem19792019_2776,أخرى,3f773737b103137b,يوجد صور متطابقة/متشابهة بصرياً
1902,Hazem19792019_2777.jpg,منتج Hazem19792019_2777,أخرى,f8e2c2c3c38390f0,يوجد صور متطابقة/متشابهة بصرياً
1903,Hazem19792019_2778.jpg,منتج Hazem19792019_2778,أخرى,e6831f9f0f0f070f,
1904,Hazem19792019_2779.jpg,منتج Hazem19792019_2779,أخرى,00028686eefeff7f,
1905,Hazem19792019_278.jpg,منتج Hazem19792019_278,أخرى,fff8587f7d583000,يوجد صور متطابقة/متشابهة بصرياً
1906,Hazem19792019_2780.jpg,منتج Hazem19792019_2780,أخرى,8cc0002193efef83,
1907,Hazem19792019_2781.jpg,منتج Hazem19792019_2781,أخرى,c0c3feffff87878c,
1908,Hazem19792019_2782.jpg,منتج Hazem19792019_2782,أخرى,b8b0f0f0b0f8f0e0,
1909,Hazem19792019_2783.jpg,منتج Hazem19792019_2783,أخرى,d0fb80ecf4f48082,
1910,Hazem19792019_2784.jpg,منتج Hazem19792019_2784,أخرى,7f7e7e62383c7e00,
1911,Hazem19792019_2785.jpg,منتج Hazem19792019_2785,أخرى,7200808090c0ffff,
1912,Hazem19792019_2786.jpg,منتج Hazem19792019_2786,أخرى,2010ff783931307f,
1913,Hazem19792019_2787.jpg,منتج Hazem19792019_2787,أخرى,ffc808283c80b9c1,
1914,Hazem19792019_2788.jpg,منتج Hazem19792019_2788,أخرى,87850c080c5a1eff,
1915,Hazem19792019_2789.jpg,منتج Hazem19792019_2789,أخرى,fffff9f9800080f1,
1916,Hazem19792019_279.jpg,منتج Hazem19792019_279,أخرى,dc391f3e1d000140,
1917,Hazem19792019_2790.jpg,منتج Hazem19792019_2790,أخرى,fffe8011b9ec40b4,
1918,Hazem19792019_2791.jpg,منتج Hazem19792019_2791,أخرى,fffcf0003000f2c7,
1919,Hazem19792019_2792.jpg,منتج Hazem19792019_2792,أخرى,f8f0e0e0ffbf1018,
1920,Hazem19792019_2793.jpg,منتج Hazem19792019_2793,أخرى,37ffa70660f0e801,
1921,Hazem19792019_2794.jpg,منتج Hazem19792019_2794,أخرى,034f1c1c2d091dff,
1922,Hazem19792019_2795.jpg,منتج Hazem19792019_2795,أخرى,87e6f0e0f0f0f0f0,
1923,Hazem19792019_2796.jpg,منتج Hazem19792019_2796,أخرى,feecf0f00010b0f8,
1924,Hazem19792019_2797.jpg,منتج Hazem19792019_2797,أخرى,233f3f8c0c1c9ebe,
1925,Hazem19792019_2798.jpg,منتج Hazem19792019_2798,أخرى,04009a3cfcfc7f79,
1926,Hazem19792019_2799.jpg,منتج Hazem19792019_2799,أخرى,80071efcfcfa02f0,
1927,Hazem19792019_28.jpg,منتج Hazem19792019_28,أخرى,00cdc8c04d4944ff,
1928,Hazem19792019_280.jpg,منتج Hazem19792019_280,أخرى,ffffffbf7f400000,
1929,Hazem19792019_2800.jpg,منتج Hazem19792019_2800,أخرى,01000000ffffc77f,يوجد صور متطابقة/متشابهة بصرياً
1930,Hazem19792019_2801.jpg,منتج Hazem19792019_2801,أخرى,00003ffffffcf808,يوجد صور متطابقة/متشابهة بصرياً
1931,Hazem19792019_2802.jpg,منتج Hazem19792019_2802,أخرى,74007630ec03fefe,
1932,Hazem19792019_2803.jpg,منتج Hazem19792019_2803,أخرى,000061f9f9f9fcf8,يوجد صور متطابقة/متشابهة بصرياً
1933,Hazem19792019_2804.jpg,منتج Hazem19792019_2804,أخرى,fc7c7e7e7e00c0e0,
1934,Hazem19792019_2805.jpg,منتج Hazem19792019_2805,أخرى,f4f4c0e0f0e3f098,
1935,Hazem19792019_2806.jpg,منتج Hazem19792019_2806,أخرى,ffc38a0d1717bfff,يوجد صور متطابقة/متشابهة بصرياً
1936,Hazem19792019_2807.jpg,منتج Hazem19792019_2807,أخرى,cfc1a5a7a7a7c7f7,يوجد صور متطابقة/متشابهة بصرياً
1937,Hazem19792019_2808.jpg,منتج Hazem19792019_2808,أخرى,0606362676760000,يوجد صور متطابقة/متشابهة بصرياً
1938,Hazem19792019_2809.jpg,منتج Hazem19792019_2809,أخرى,efcf473fff7e0c04,
1939,Hazem19792019_281.jpg,منتج Hazem19792019_281,أخرى,003e7e60407fffcf,
1940,Hazem19792019_2810.jpg,منتج Hazem19792019_2810,أخرى,00ffffff00007e90,
1941,Hazem19792019_2811.jpg,منتج Hazem19792019_2811,أخرى,03f1e13787070706,
1942,Hazem19792019_2812.jpg,منتج Hazem19792019_2812,أخرى,c0f8e08681f1ffff,
1943,Hazem19792019_2813.jpg,منتج Hazem19792019_2813,أخرى,010123e7e78180ff,
1944,Hazem19792019_2814.jpg,منتج Hazem19792019_2814,أخرى,f0e019760003ff3f,
1945,Hazem19792019_2815.jpg,منتج Hazem19792019_2815,أخرى,defcfcf038787040,
1946,Hazem19792019_2816.jpg,منتج Hazem19792019_2816,أخرى,0f0f1f1f03e3f7ff,
1947,Hazem19792019_2817.jpg,منتج Hazem19792019_2817,أخرى,000003ffffffff00,
1948,Hazem19792019_2818.jpg,منتج Hazem19792019_2818,أخرى,07009c7000f8feff,
1949,Hazem19792019_2819.jpg,منتج Hazem19792019_2819,أخرى,017f7e7e7eff7f18,
1950,Hazem19792019_282.jpg,منتج Hazem19792019_282,أخرى,00e3e1f3f7ff0c00,يوجد صور متطابقة/متشابهة بصرياً
1951,Hazem19792019_2820.jpg,منتج Hazem19792019_2820,أخرى,00003f4f6f7fffff,
1952,Hazem19792019_2821.jpg,منتج Hazem19792019_2821,أخرى,00feffff800100fe,
1953,Hazem19792019_2822.jpg,منتج Hazem19792019_2822,أخرى,000000ffff6f7fff,
1954,Hazem19792019_2823.jpg,منتج Hazem19792019_2823,أخرى,0000e67f80fcfeff,
1955,Hazem19792019_2824.jpg,منتج Hazem19792019_2824,أخرى,03717307694d811b,
1956,Hazem19792019_2825.jpg,منتج Hazem19792019_2825,أخرى,00fbfffc73011f00,
1957,Hazem19792019_2826.jpg,منتج Hazem19792019_2826,أخرى,fcfcfe5e5c7cbc20,
1958,Hazem19792019_2827.jpg,منتج Hazem19792019_2827,أخرى,003e7e6e6e7e7700,
1959,Hazem19792019_2828.jpg,منتج Hazem19792019_2828,أخرى,007e7e5e5e7e7e00,
1960,Hazem19792019_2829.jpg,منتج Hazem19792019_2829,أخرى,f8003f3e606c3c1c,
1961,Hazem19792019_283.jpg,منتج Hazem19792019_283,أخرى,0040fefedfdc2c00,
1962,Hazem19792019_2830.jpg,منتج Hazem19792019_2830,أخرى,fff3f3cfe0cc8180,
1963,Hazem19792019_2831.jpg,منتج Hazem19792019_2831,أخرى,7cfefc7c2c7e4e00,
1964,Hazem19792019_2832.jpg,منتج Hazem19792019_2832,أخرى,000a3fefebebcfcf,
1965,Hazem19792019_2833.jpg,منتج Hazem19792019_2833,أخرى,10323e381d8fffe7,
1966,Hazem19792019_2834.jpg,منتج Hazem19792019_2834,أخرى,ffbc9fdc3c380000,يوجد صور متطابقة/متشابهة بصرياً
1967,Hazem19792019_2835.jpg,منتج Hazem19792019_2835,أخرى,7164eee0041c3fff,يوجد صور متطابقة/متشابهة بصرياً
1968,Hazem19792019_2836.jpg,منتج Hazem19792019_2836,أخرى,3e3e3c4c707060ff,
1969,Hazem19792019_2837.jpg,منتج Hazem19792019_2837,أخرى,0c7b117fdfcfe000,
1970,Hazem19792019_2838.jpg,منتج Hazem19792019_2838,أخرى,ffff8303030103ff,
1971,Hazem19792019_2839.jpg,منتج Hazem19792019_2839,أخرى,ff0040c0858f9ff9,
1972,Hazem19792019_284.jpg,منتج Hazem19792019_284,أخرى,747e1e8eeefc3000,
1973,Hazem19792019_2840.jpg,منتج Hazem19792019_2840,أخرى,ffff8f870180c3ff,يوجد صور متطابقة/متشابهة بصرياً
1974,Hazem19792019_2841.jpg,منتج Hazem19792019_2841,أخرى,ffefc7c5c1a3e3ff,يوجد صور متطابقة/متشابهة بصرياً
1975,Hazem19792019_2842.jpg,منتج Hazem19792019_2842,أخرى,e1f3d18180e0ffff,يوجد صور متطابقة/متشابهة بصرياً
1976,Hazem19792019_2843.jpg,منتج Hazem19792019_2843,أخرى,03030347477f7fff,يوجد صور متطابقة/متشابهة بصرياً
1977,Hazem19792019_2844.jpg,منتج Hazem19792019_2844,أخرى,ffffc7858181e3ff,يوجد صور متطابقة/متشابهة بصرياً
1978,Hazem19792019_2845.jpg,منتج Hazem19792019_2845,أخرى,003c38707e7e7eff,يوجد صور متطابقة/متشابهة بصرياً
1979,Hazem19792019_2846.jpg,منتج Hazem19792019_2846,أخرى,ff87010181e3efff,يوجد صور متطابقة/متشابهة بصرياً
1980,Hazem19792019_2847.jpg,منتج Hazem19792019_2847,أخرى,ffffe1818181ffff,يوجد صور متطابقة/متشابهة بصرياً
1981,Hazem19792019_2848.jpg,منتج Hazem19792019_2848,أخرى,f8f8c888870307ff,يوجد صور متطابقة/متشابهة بصرياً
1982,Hazem19792019_2849.jpg,منتج Hazem19792019_2849,أخرى,a0f9f9ffff7e7201,يوجد صور متطابقة/متشابهة بصرياً
1983,Hazem19792019_285.jpg,منتج Hazem19792019_285,أخرى,063e6e7f7f300f1f,
1984,Hazem19792019_2850.jpg,منتج Hazem19792019_2850,أخرى,3f3f3c1001336f0f,يوجد صور متطابقة/متشابهة بصرياً
1985,Hazem19792019_2851.jpg,منتج Hazem19792019_2851,أخرى,77173f6b4141e6ff,يوجد صور متطابقة/متشابهة بصرياً
1986,Hazem19792019_2852.jpg,منتج Hazem19792019_2852,أخرى,02c27afafafa0e8f,يوجد صور متطابقة/متشابهة بصرياً
1987,Hazem19792019_2853.jpg,منتج Hazem19792019_2853,أخرى,6c40c0e0070f2faf,
1988,Hazem19792019_2854.jpg,منتج Hazem19792019_2854,أخرى,ff87878f850189c1,يوجد صور متطابقة/متشابهة بصرياً
1989,Hazem19792019_2855.jpg,منتج Hazem19792019_2855,أخرى,19999b9f0913118f,يوجد صور متطابقة/متشابهة بصرياً
1990,Hazem19792019_2856.jpg,منتج Hazem19792019_2856,أخرى,fffff9dee6600087,
1991,Hazem19792019_2857.jpg,منتج Hazem19792019_2857,أخرى,003e3f3a3f1f4f00,
1992,Hazem19792019_2858.jpg,منتج Hazem19792019_2858,أخرى,e3c3dcc0c0c0c8e1,
1993,Hazem19792019_2859.jpg,منتج Hazem19792019_2859,أخرى,c81c5cdc7ce38383,يوجد صور متطابقة/متشابهة بصرياً
1994,Hazem19792019_286.jpg,منتج Hazem19792019_286,أخرى,0c7f7f5f7e98004c,
1995,Hazem19792019_2860.jpg,منتج Hazem19792019_2860,أخرى,e10f0e0e0e0efff7,يوجد صور متطابقة/متشابهة بصرياً
1996,Hazem19792019_2861.jpg,منتج Hazem19792019_2861,أخرى,7fff8f85c587c7c1,يوجد صور متطابقة/متشابهة بصرياً
1997,Hazem19792019_2862.jpg,منتج Hazem19792019_2862,أخرى,c2fef6f0f0203100,يوجد صور متطابقة/متشابهة بصرياً
1998,Hazem19792019_2863.jpg,منتج Hazem19792019_2863,أخرى,013d3e3e1e1f1909,
1999,Hazem19792019_2864.jpg,منتج Hazem19792019_2864,أخرى,7f3131717131fbfd,يوجد صور متطابقة/متشابهة بصرياً
2000,Hazem19792019_2865.jpg,منتج Hazem19792019_2865,أخرى,01899d1f171f1fe4,يوجد صور متطابقة/متشابهة بصرياً
2001,Hazem19792019_2866.jpg,منتج Hazem19792019_2866,أخرى,40fffd1f1f1f00c0,
2002,Hazem19792019_2867.jpg,منتج Hazem19792019_2867,أخرى,ffff8109dfe2c0c0,
2003,Hazem19792019_2868.jpg,منتج Hazem19792019_2868,أخرى,007e7f7e7e7f0000,يوجد صور متطابقة/متشابهة بصرياً
2004,Hazem19792019_2869.jpg,منتج Hazem19792019_2869,أخرى,0080bcfc8687ffbf,
2005,Hazem19792019_287.jpg,منتج Hazem19792019_287,أخرى,fefefe7c3c340800,
2006,Hazem19792019_2870.jpg,منتج Hazem19792019_2870,أخرى,004cfec7fff98001,
2007,Hazem19792019_2871.jpg,منتج Hazem19792019_2871,أخرى,000107dfc3f3ffbf,يوجد صور متطابقة/متشابهة بصرياً
2008,Hazem19792019_2872.jpg,منتج Hazem19792019_2872,أخرى,ffcf83818183bfff,يوجد صور متطابقة/متشابهة بصرياً
2009,Hazem19792019_2873.jpg,منتج Hazem19792019_2873,أخرى,3eff8787fb0ac07d,يوجد صور متطابقة/متشابهة بصرياً
2010,Hazem19792019_2874.jpg,منتج Hazem19792019_2874,أخرى,3f3e72065edefe00,يوجد صور متطابقة/متشابهة بصرياً
2011,Hazem19792019_2875.jpg,منتج Hazem19792019_2875,أخرى,3e00000008feffff,
2012,Hazem19792019_2876.jpg,منتج Hazem19792019_2876,أخرى,0082fee2effffffc,
2013,Hazem19792019_2877.jpg,منتج Hazem19792019_2877,أخرى,00fefef6f6fefe64,
2014,Hazem19792019_2878.jpg,منتج Hazem19792019_2878,أخرى,00f0fcececf4f1fe,
2015,Hazem19792019_2879.jpg,منتج Hazem19792019_2879,أخرى,0cc2c3cfc3c1c1ff,يوجد صور متطابقة/متشابهة بصرياً
2016,Hazem19792019_288.jpg,منتج Hazem19792019_288,أخرى,000fffff3c0c7c00,
2017,Hazem19792019_2880.jpg,منتج Hazem19792019_2880,أخرى,3f3f3f371f1f1de0,
2018,Hazem19792019_2881.jpg,منتج Hazem19792019_2881,أخرى,ffffffff7e3c0000,يوجد صور متطابقة/متشابهة بصرياً
2019,Hazem19792019_2882.jpg,منتج Hazem19792019_2882,أخرى,37e73339e0c6e707,
2020,Hazem19792019_2883.jpg,منتج Hazem19792019_2883,أخرى,f1818080888c80ff,
2021,Hazem19792019_2884.jpg,منتج Hazem19792019_2884,أخرى,c783c1e7fdc7bfff,يوجد صور متطابقة/متشابهة بصرياً
2022,Hazem19792019_2885.jpg,منتج Hazem19792019_2885,أخرى,009ffbe90f01e3ff,يوجد صور متطابقة/متشابهة بصرياً
2023,Hazem19792019_2886.jpg,منتج Hazem19792019_2886,أخرى,80ffcbc306037f7f,
2024,Hazem19792019_2887.jpg,منتج Hazem19792019_2887,أخرى,ffffc7858181e3ff,يوجد صور متطابقة/متشابهة بصرياً
2025,Hazem19792019_2888.jpg,منتج Hazem19792019_2888,أخرى,00003fb9bcfdfc90,
2026,Hazem19792019_2889.jpg,منتج Hazem19792019_2889,أخرى,ffb0bcb0b8b6809d,يوجد صور متطابقة/متشابهة بصرياً
2027,Hazem19792019_289.jpg,منتج Hazem19792019_289,أخرى,08077f7bfa1f0000,يوجد صور متطابقة/متشابهة بصرياً
2028,Hazem19792019_2890.jpg,منتج Hazem19792019_2890,أخرى,2ce6c539c3c4ecbb,يوجد صور متطابقة/متشابهة بصرياً
2029,Hazem19792019_2891.jpg,منتج Hazem19792019_2891,أخرى,0000303f39466fff,
2030,Hazem19792019_2892.jpg,منتج Hazem19792019_2892,أخرى,4fe7e785e4c4c084,
2031,Hazem19792019_2893.jpg,منتج Hazem19792019_2893,أخرى,ef81f1b0d0e0c0f3,يوجد صور متطابقة/متشابهة بصرياً
2032,Hazem19792019_2894.jpg,منتج Hazem19792019_2894,أخرى,ffdfa3c3c38383ef,يوجد صور متطابقة/متشابهة بصرياً
2033,Hazem19792019_2895.jpg,منتج Hazem19792019_2895,أخرى,3033393d0f81f11f,
2034,Hazem19792019_2896.jpg,منتج Hazem19792019_2896,أخرى,7ef8f0f0fcfefffc,
2035,Hazem19792019_2897.jpg,منتج Hazem19792019_2897,أخرى,ffffbf9fbf1c00e3,يوجد صور متطابقة/متشابهة بصرياً
2036,Hazem19792019_2898.jpg,منتج Hazem19792019_2898,أخرى,70ffe7c7ff076000,
2037,Hazem19792019_2899.jpg,منتج Hazem19792019_2899,أخرى,bff7f7070000e349,
2038,Hazem19792019_290.jpg,منتج Hazem19792019_290,أخرى,38ff6e00ffff7c00,يوجد صور متطابقة/متشابهة بصرياً
2039,Hazem19792019_2900.jpg,منتج Hazem19792019_2900,أخرى,1f0f014f333f0f1f,
2040,Hazem19792019_2901.jpg,منتج Hazem19792019_2901,أخرى,6d810038dcdcfcfc,
2041,Hazem19792019_2902.jpg,منتج Hazem19792019_2902,أخرى,0000ffffff5f023c,
2042,Hazem19792019_2903.jpg,منتج Hazem19792019_2903,أخرى,8f01000eefffff00,
2043,Hazem19792019_2904.jpg,منتج Hazem19792019_2904,أخرى,003e7e7e7e7e0040,
2044,Hazem19792019_2905.jpg,منتج Hazem19792019_2905,أخرى,001ffef8989cfc20,
2045,Hazem19792019_2906.jpg,منتج Hazem19792019_2906,أخرى,0077ff7f6f2f1700,
2046,Hazem19792019_2907.jpg,منتج Hazem19792019_2907,أخرى,007ffb59496f1002,
2047,Hazem19792019_2908.jpg,منتج Hazem19792019_2908,أخرى,00ffff795b3f01d0,
2048,Hazem19792019_2909.jpg,منتج Hazem19792019_2909,أخرى,00fffe98ba7e0040,
2049,Hazem19792019_291.jpg,منتج Hazem19792019_291,أخرى,1e3eb8fcbcb99080,
2050,Hazem19792019_2910.jpg,منتج Hazem19792019_2910,أخرى,3e3e3e3e36149cdc,
2051,Hazem19792019_2911.jpg,منتج Hazem19792019_2911,أخرى,7f1f9f3000010fff,
2052,Hazem19792019_2912.jpg,منتج Hazem19792019_2912,أخرى,e161014301c1e3fb,
2053,Hazem19792019_2914.jpg,منتج Hazem19792019_2914,أخرى,ffe7b1d9efe10f0e,
2054,Hazem19792019_2915.jpg,منتج Hazem19792019_2915,أخرى,ffe7c69c09c9abee,
2055,Hazem19792019_2916.jpg,منتج Hazem19792019_2916,أخرى,e7c3dbbd89cacefb,
2056,Hazem19792019_2917.jpg,منتج Hazem19792019_2917,أخرى,9fffe2f1b9e1db00,يوجد صور متطابقة/متشابهة بصرياً
2057,Hazem19792019_2918.jpg,منتج Hazem19792019_2918,أخرى,00c0d0c0d7dfd7c2,
2058,Hazem19792019_2919.jpg,منتج Hazem19792019_2919,أخرى,7f7f7e7e3e1e1e00,يوجد صور متطابقة/متشابهة بصرياً
2059,Hazem19792019_292.jpg,منتج Hazem19792019_292,أخرى,0098b03c3a38b0fd,
2060,Hazem19792019_2920.jpg,منتج Hazem19792019_2920,أخرى,ffffffff7e1c0000,يوجد صور متطابقة/متشابهة بصرياً
2061,Hazem19792019_2921.jpg,منتج Hazem19792019_2921,أخرى,000707072387a0ff,
2062,Hazem19792019_2922.jpg,منتج Hazem19792019_2922,أخرى,ff000fe4e0e8f9ff,يوجد صور متطابقة/متشابهة بصرياً
2063,Hazem19792019_2923.jpg,منتج Hazem19792019_2923,أخرى,ffdfa3c3c38383ef,يوجد صور متطابقة/متشابهة بصرياً
2064,Hazem19792019_2924.jpg,منتج Hazem19792019_2924,أخرى,ffe7830924379f9f,
2065,Hazem19792019_2925.jpg,منتج Hazem19792019_2925,أخرى,9c9c9cfedf4d040c,يوجد صور متطابقة/متشابهة بصرياً
2066,Hazem19792019_2926.jpg,منتج Hazem19792019_2926,أخرى,ffffefef032f0000,يوجد صور متطابقة/متشابهة بصرياً
2067,Hazem19792019_2927.jpg,منتج Hazem19792019_2927,أخرى,c101045c7d7fffff,
2068,Hazem19792019_2928.jpg,منتج Hazem19792019_2928,أخرى,dc1e3c797a720000,
2069,Hazem19792019_2929.jpg,منتج Hazem19792019_2929,أخرى,ffffefffcf8581e1,يوجد صور متطابقة/متشابهة بصرياً
2070,Hazem19792019_293.jpg,منتج Hazem19792019_293,أخرى,006fffc3ffe2c000,يوجد صور متطابقة/متشابهة بصرياً
2071,Hazem19792019_2930.jpg,منتج Hazem19792019_2930,أخرى,ffbfbf8f90f0f8ff,يوجد صور متطابقة/متشابهة بصرياً
2072,Hazem19792019_2931.jpg,منتج Hazem19792019_2931,أخرى,3e9f8f999b9f9d00,
2073,Hazem19792019_2932.jpg,منتج Hazem19792019_2932,أخرى,3f3e72065edefe00,يوجد صور متطابقة/متشابهة بصرياً
2074,Hazem19792019_2933.jpg,منتج Hazem19792019_2933,أخرى,fff3c1810f0101f7,يوجد صور متطابقة/متشابهة بصرياً
2075,Hazem19792019_2934.jpg,منتج Hazem19792019_2934,أخرى,7f7f7f7f01390000,
2076,Hazem19792019_2935.jpg,منتج Hazem19792019_2935,أخرى,000107dfc3f3ffbf,يوجد صور متطابقة/متشابهة بصرياً
2077,Hazem19792019_2936.jpg,منتج Hazem19792019_2936,أخرى,ffdbdbdbdbc3c3db,
2078,Hazem19792019_2937.jpg,منتج Hazem19792019_2937,أخرى,fbf1c18484818787,
2079,Hazem19792019_2938.jpg,منتج Hazem19792019_2938,أخرى,7f477f013f3f0500,يوجد صور متطابقة/متشابهة بصرياً
2080,Hazem19792019_2939.jpg,منتج Hazem19792019_2939,أخرى,fffbf30f00333300,يوجد صور متطابقة/متشابهة بصرياً
2081,Hazem19792019_294.jpg,منتج Hazem19792019_294,أخرى,3f037b7f43037f1c,
2082,Hazem19792019_2940.jpg,منتج Hazem19792019_2940,أخرى,e0a00626c0e2f7ff,
2083,Hazem19792019_2941.jpg,منتج Hazem19792019_2941,أخرى,77173f6b4141e6ff,يوجد صور متطابقة/متشابهة بصرياً
2084,Hazem19792019_2942.jpg,منتج Hazem19792019_2942,أخرى,0000fe00063fffff,
2085,Hazem19792019_2943.jpg,منتج Hazem19792019_2943,أخرى,1c780cecc686c3ff,
2086,Hazem19792019_2944.jpg,منتج Hazem19792019_2944,أخرى,ffc7830381c1f1ff,يوجد صور متطابقة/متشابهة بصرياً
2087,Hazem19792019_2945.jpg,منتج Hazem19792019_2945,أخرى,1bffffef0e0c0418,
2088,Hazem19792019_2946.jpg,منتج Hazem19792019_2946,أخرى,ffa1bbfb87c7c301,
2089,Hazem19792019_2947.jpg,منتج Hazem19792019_2947,أخرى,ff9cfcd900d1f3e2,
2090,Hazem19792019_2948.jpg,منتج Hazem19792019_2948,أخرى,ef81f1b0d0e0c0f3,يوجد صور متطابقة/متشابهة بصرياً
2091,Hazem19792019_2949.jpg,منتج Hazem19792019_2949,أخرى,c7c7e3e3e7e7e7e7,
2092,Hazem19792019_295.jpg,منتج Hazem19792019_295,أخرى,e400000ffdff0f81,
2093,Hazem19792019_2950.jpg,منتج Hazem19792019_2950,أخرى,fefe820286c6fefe,
2094,Hazem19792019_2951.jpg,منتج Hazem19792019_2951,أخرى,7f097f7f310180b0,
2095,Hazem19792019_2952.jpg,منتج Hazem19792019_2952,أخرى,8496f797b3d34008,
2096,Hazem19792019_2953.jpg,منتج Hazem19792019_2953,أخرى,007e7f7b31232131,
2097,Hazem19792019_2954.jpg,منتج Hazem19792019_2954,أخرى,1d36280307000077,
2098,Hazem19792019_2955.jpg,منتج Hazem19792019_2955,أخرى,f0733033110011fe,
2099,Hazem19792019_2956.jpg,منتج Hazem19792019_2956,أخرى,202828306aeaffff,
2100,Hazem19792019_2957.jpg,منتج Hazem19792019_2957,أخرى,febeff6000a0f000,
2101,Hazem19792019_2958.jpg,منتج Hazem19792019_2958,أخرى,f883b39980819399,
2102,Hazem19792019_2959.jpg,منتج Hazem19792019_2959,أخرى,0d6b2103036307c3,
2103,Hazem19792019_296.jpg,منتج Hazem19792019_296,أخرى,0000487e7e7f0f0e,يوجد صور متطابقة/متشابهة بصرياً
2104,Hazem19792019_2960.jpg,منتج Hazem19792019_2960,أخرى,40df891b9b999fb9,
2105,Hazem19792019_2961.jpg,منتج Hazem19792019_2961,أخرى,8f0d0f0fe7a323e7,يوجد صور متطابقة/متشابهة بصرياً
2106,Hazem19792019_2962.jpg,منتج Hazem19792019_2962,أخرى,fff1d0c9ef1f0009,يوجد صور متطابقة/متشابهة بصرياً
2107,Hazem19792019_2963.jpg,منتج Hazem19792019_2963,أخرى,fff9ecc04f47c79f,
2108,Hazem19792019_2964.jpg,منتج Hazem19792019_2964,أخرى,3033397d0f81f11f,يوجد صور متطابقة/متشابهة بصرياً
2109,Hazem19792019_2965.jpg,منتج Hazem19792019_2965,أخرى,ff87878f850189c1,يوجد صور متطابقة/متشابهة بصرياً
2110,Hazem19792019_2966.jpg,منتج Hazem19792019_2966,أخرى,ff8fbfdfc3484e72,
2111,Hazem19792019_2967.jpg,منتج Hazem19792019_2967,أخرى,fffbc3070f0f0100,يوجد صور متطابقة/متشابهة بصرياً
2112,Hazem19792019_2968.jpg,منتج Hazem19792019_2968,أخرى,191fb7f6ff88c8c0,
2113,Hazem19792019_2969.jpg,منتج Hazem19792019_2969,أخرى,ffe7e7e7e7070301,
2114,Hazem19792019_297.jpg,منتج Hazem19792019_297,أخرى,00dfffffde068000,يوجد صور متطابقة/متشابهة بصرياً
2115,Hazem19792019_2970.jpg,منتج Hazem19792019_2970,أخرى,f5fddc908080808b,
2116,Hazem19792019_2971.jpg,منتج Hazem19792019_2971,أخرى,00082464e0107e7e,يوجد صور متطابقة/متشابهة بصرياً
2117,Hazem19792019_2972.jpg,منتج Hazem19792019_2972,أخرى,fff9f9691c080000,يوجد صور متطابقة/متشابهة بصرياً
2118,Hazem19792019_2973.jpg,منتج Hazem19792019_2973,أخرى,ffff910d0901038f,يوجد صور متطابقة/متشابهة بصرياً
2119,Hazem19792019_2974.jpg,منتج Hazem19792019_2974,أخرى,c0e0e0e0f0e0e0f8,
2120,Hazem19792019_2975.jpg,منتج Hazem19792019_2975,أخرى,0000001fe7ffff07,
2121,Hazem19792019_2976.jpg,منتج Hazem19792019_2976,أخرى,007ffee2ffeebf02,
2122,Hazem19792019_2977.jpg,منتج Hazem19792019_2977,أخرى,1e1e067e7810be8e,
2123,Hazem19792019_2978.jpg,منتج Hazem19792019_2978,أخرى,00c3f7fffff60010,
2124,Hazem19792019_2979.jpg,منتج Hazem19792019_2979,أخرى,1c3e3e10101c13ff,
2125,Hazem19792019_298.jpg,منتج Hazem19792019_298,أخرى,88fcfcc7f0fe2000,يوجد صور متطابقة/متشابهة بصرياً
2126,Hazem19792019_2980.jpg,منتج Hazem19792019_2980,أخرى,e4ff004000d8ffdf,
2127,Hazem19792019_2981.jpg,منتج Hazem19792019_2981,أخرى,01fbf200fa93fff3,
2128,Hazem19792019_2982.jpg,منتج Hazem19792019_2982,أخرى,c00e3e26c60e0e8e,
2129,Hazem19792019_2983.jpg,منتج Hazem19792019_2983,أخرى,fff3c1810f0101f7,يوجد صور متطابقة/متشابهة بصرياً
2130,Hazem19792019_2984.jpg,منتج Hazem19792019_2984,أخرى,df9f9f7f7f701000,
2131,Hazem19792019_2985.jpg,منتج Hazem19792019_2985,أخرى,f7d899fdff8000e0,
2132,Hazem19792019_2986.jpg,منتج Hazem19792019_2986,أخرى,7d7d6d2d2939391c,
2133,Hazem19792019_2987.jpg,منتج Hazem19792019_2987,أخرى,807f7f76400300f8,
2134,Hazem19792019_2988.jpg,منتج Hazem19792019_2988,أخرى,ff83838381f1f1ff,يوجد صور متطابقة/متشابهة بصرياً
2135,Hazem19792019_2989.jpg,منتج Hazem19792019_2989,أخرى,fbf384008087dfff,
2136,Hazem19792019_299.jpg,منتج Hazem19792019_299,أخرى,cf8f3f3fbfff0000,
2137,Hazem19792019_2990.jpg,منتج Hazem19792019_2990,أخرى,1e1e3c0066262622,يوجد صور متطابقة/متشابهة بصرياً
2138,Hazem19792019_2991.jpg,منتج Hazem19792019_2991,أخرى,073763030b0f1f1f,
2139,Hazem19792019_2992.jpg,منتج Hazem19792019_2992,أخرى,000fcff3c3e7e100,
2140,Hazem19792019_2993.jpg,منتج Hazem19792019_2993,أخرى,ff000000ff0100ff,يوجد صور متطابقة/متشابهة بصرياً
2141,Hazem19792019_2994.jpg,منتج Hazem19792019_2994,أخرى,3f037ffffe0018be,
2142,Hazem19792019_2995.jpg,منتج Hazem19792019_2995,أخرى,bff7f7070000a348,يوجد صور متطابقة/متشابهة بصرياً
2143,Hazem19792019_2996.jpg,منتج Hazem19792019_2996,أخرى,39f0b8a9aeee27ff,يوجد صور متطابقة/متشابهة بصرياً
2144,Hazem19792019_2997.jpg,منتج Hazem19792019_2997,أخرى,fbd999c1c1938343,يوجد صور متطابقة/متشابهة بصرياً
2145,Hazem19792019_2998.jpg,منتج Hazem19792019_2998,أخرى,819d7dfd7d050000,
2146,Hazem19792019_2999.jpg,منتج Hazem19792019_2999,أخرى,fe3a3f3f38183f38,يوجد صور متطابقة/متشابهة بصرياً
2147,Hazem19792019_3.jpg,منتج Hazem19792019_3,أخرى,107f7f77071f0307,
2148,Hazem19792019_30.jpg,منتج Hazem19792019_30,أخرى,218115bf600001ff,
2149,Hazem19792019_300.jpg,منتج Hazem19792019_300,أخرى,043c017f7f7f7c38,يوجد صور متطابقة/متشابهة بصرياً
2150,Hazem19792019_3000.jpg,منتج Hazem19792019_3000,أخرى,999fffff19810101,
2151,Hazem19792019_3001.jpg,منتج Hazem19792019_3001,أخرى,3f773737b113137b,
2152,Hazem19792019_3002.jpg,منتج Hazem19792019_3002,أخرى,7cf87e0e0d09019d,يوجد صور متطابقة/متشابهة بصرياً
2153,Hazem19792019_3003.jpg,منتج Hazem19792019_3003,أخرى,ffb901b9ffbdffbd,يوجد صور متطابقة/متشابهة بصرياً
2154,Hazem19792019_3004.jpg,منتج Hazem19792019_3004,أخرى,1f7f3f1f02085808,
2155,Hazem19792019_3005.jpg,منتج Hazem19792019_3005,أخرى,fff9e18311f0fdff,يوجد صور متطابقة/متشابهة بصرياً
2156,Hazem19792019_3006.jpg,منتج Hazem19792019_3006,أخرى,fefe38bc8c808003,
2157,Hazem19792019_3007.jpg,منتج Hazem19792019_3007,أخرى,f000007efffc0407,
2158,Hazem19792019_3008.jpg,منتج Hazem19792019_3008,أخرى,001c7b7f7d4f3e7e,
2159,Hazem19792019_3009.jpg,منتج Hazem19792019_3009,أخرى,020f0f0c2c7f270f,يوجد صور متطابقة/متشابهة بصرياً
2160,Hazem19792019_301.jpg,منتج Hazem19792019_301,أخرى,387e7e7e7e7e3e3c,يوجد صور متطابقة/متشابهة بصرياً
2161,Hazem19792019_3010.jpg,منتج Hazem19792019_3010,أخرى,23fbf3f3c3c400ff,
2162,Hazem19792019_3011.jpg,منتج Hazem19792019_3011,أخرى,00fefefef799031b,
2163,Hazem19792019_3012.jpg,منتج Hazem19792019_3012,أخرى,002240362c6efefc,
2164,Hazem19792019_3013.jpg,منتج Hazem19792019_3013,أخرى,3f3f3c1001336f0f,يوجد صور متطابقة/متشابهة بصرياً
2165,Hazem19792019_3014.jpg,منتج Hazem19792019_3014,أخرى,f8f8c888870307ff,يوجد صور متطابقة/متشابهة بصرياً
2166,Hazem19792019_3015.jpg,منتج Hazem19792019_3015,أخرى,77173f6b4141e6ff,يوجد صور متطابقة/متشابهة بصرياً
2167,Hazem19792019_3016.jpg,منتج Hazem19792019_3016,أخرى,c2fef6f0f0203100,يوجد صور متطابقة/متشابهة بصرياً
2168,Hazem19792019_3017.jpg,منتج Hazem19792019_3017,أخرى,7fff8f85c587c7c1,يوجد صور متطابقة/متشابهة بصرياً
2169,Hazem19792019_3018.jpg,منتج Hazem19792019_3018,أخرى,e10f0e0e0e0efff7,يوجد صور متطابقة/متشابهة بصرياً
2170,Hazem19792019_3019.jpg,منتج Hazem19792019_3019,أخرى,01899d1f171f1fe4,يوجد صور متطابقة/متشابهة بصرياً
2171,Hazem19792019_302.jpg,منتج Hazem19792019_302,أخرى,001c1c3e1fbf3f1f,
2172,Hazem19792019_3020.jpg,منتج Hazem19792019_3020,أخرى,7f7f1f0303030303,يوجد صور متطابقة/متشابهة بصرياً
2173,Hazem19792019_3021.jpg,منتج Hazem19792019_3021,أخرى,00003f7f5f7e0701,
2174,Hazem19792019_3022.jpg,منتج Hazem19792019_3022,أخرى,3e3c3f0707772761,
2175,Hazem19792019_3023.jpg,منتج Hazem19792019_3023,أخرى,ffcf83818183bfff,يوجد صور متطابقة/متشابهة بصرياً
2176,Hazem19792019_3024.jpg,منتج Hazem19792019_3024,أخرى,0cc2c3cfc3c1c1ff,يوجد صور متطابقة/متشابهة بصرياً
2177,Hazem19792019_3025.jpg,منتج Hazem19792019_3025,أخرى,ff89809c09c80808,يوجد صور متطابقة/متشابهة بصرياً
2178,Hazem19792019_3026.jpg,منتج Hazem19792019_3026,أخرى,00fcb8f9fff0a0b1,
2179,Hazem19792019_3027.jpg,منتج Hazem19792019_3027,أخرى,ffe7e3e311f999ff,يوجد صور متطابقة/متشابهة بصرياً
2180,Hazem19792019_3028.jpg,منتج Hazem19792019_3028,أخرى,ffffcb87879081f3,يوجد صور متطابقة/متشابهة بصرياً
2181,Hazem19792019_3029.jpg,منتج Hazem19792019_3029,أخرى,ffffd8808a888aff,
2182,Hazem19792019_303.jpg,منتج Hazem19792019_303,أخرى,043e7efefe787e7e,
2183,Hazem19792019_3030.jpg,منتج Hazem19792019_3030,أخرى,00000f0f0f1fb6d4,
2184,Hazem19792019_3031.jpg,منتج Hazem19792019_3031,أخرى,1fb818dfcfdffb8b,يوجد صور متطابقة/متشابهة بصرياً
2185,Hazem19792019_3032.jpg,منتج Hazem19792019_3032,أخرى,e7f68181f3f3fb1b,يوجد صور متطابقة/متشابهة بصرياً
2186,Hazem19792019_3033.jpg,منتج Hazem19792019_3033,أخرى,ff0307ef7f0f0081,
2187,Hazem19792019_3034.jpg,منتج Hazem19792019_3034,أخرى,7f1f8b01090901ff,يوجد صور متطابقة/متشابهة بصرياً
2188,Hazem19792019_3035.jpg,منتج Hazem19792019_3035,أخرى,00060f1b1f4f4c44,يوجد صور متطابقة/متشابهة بصرياً
2189,Hazem19792019_3036.jpg,منتج Hazem19792019_3036,أخرى,010007278187c5ff,
2190,Hazem19792019_3037.jpg,منتج Hazem19792019_3037,أخرى,000026ff0fcec6f6,
2191,Hazem19792019_3038.jpg,منتج Hazem19792019_3038,أخرى,00000e0f5f4e4e46,
2192,Hazem19792019_3039.jpg,منتج Hazem19792019_3039,أخرى,03233b3b29383c7f,
2193,Hazem19792019_304.jpg,منتج Hazem19792019_304,أخرى,343e18d070363f3c,يوجد صور متطابقة/متشابهة بصرياً
2194,Hazem19792019_3040.jpg,منتج Hazem19792019_3040,أخرى,14c6cec68656cf4f,
2195,Hazem19792019_3041.jpg,منتج Hazem19792019_3041,أخرى,00fe3c7e0000ffff,
2196,Hazem19792019_3042.jpg,منتج Hazem19792019_3042,أخرى,00fc00fcf4fcfc84,
2197,Hazem19792019_3043.jpg,منتج Hazem19792019_3043,أخرى,010080c0c3fffe7f,
2198,Hazem19792019_3044.jpg,منتج Hazem19792019_3044,أخرى,0002f362a6b7ffe4,
2199,Hazem19792019_3045.jpg,منتج Hazem19792019_3045,أخرى,0c38003c7c7cfffc,يوجد صور متطابقة/متشابهة بصرياً
2200,Hazem19792019_3046.jpg,منتج Hazem19792019_3046,أخرى,046c7cfcec0013f3,يوجد صور متطابقة/متشابهة بصرياً
2201,Hazem19792019_3047.jpg,منتج Hazem19792019_3047,أخرى,00057d7d3e7eff2f,يوجد صور متطابقة/متشابهة بصرياً
2202,Hazem19792019_3048.jpg,منتج Hazem19792019_3048,أخرى,7e6efefce0c08038,يوجد صور متطابقة/متشابهة بصرياً
2203,Hazem19792019_3049.jpg,منتج Hazem19792019_3049,أخرى,ffffffff0000c008,يوجد صور متطابقة/متشابهة بصرياً
2204,Hazem19792019_305.jpg,منتج Hazem19792019_305,أخرى,7e1c183a7e7e7c38,
2205,Hazem19792019_3050.jpg,منتج Hazem19792019_3050,أخرى,004dfdf9f1f7fff8,يوجد صور متطابقة/متشابهة بصرياً
2206,Hazem19792019_3051.jpg,منتج Hazem19792019_3051,أخرى,00000800ffffff01,يوجد صور متطابقة/متشابهة بصرياً
2207,Hazem19792019_3052.jpg,منتج Hazem19792019_3052,أخرى,3f14767e3e2e989f,يوجد صور متطابقة/متشابهة بصرياً
2208,Hazem19792019_3053.jpg,منتج Hazem19792019_3053,أخرى,0002fffb87e7ffff,يوجد صور متطابقة/متشابهة بصرياً
2209,Hazem19792019_3054.jpg,منتج Hazem19792019_3054,أخرى,0007f77237b3ffcf,يوجد صور متطابقة/متشابهة بصرياً
2210,Hazem19792019_3055.jpg,منتج Hazem19792019_3055,أخرى,f0808280decbef3f,يوجد صور متطابقة/متشابهة بصرياً
2211,Hazem19792019_3056.jpg,منتج Hazem19792019_3056,أخرى,00007c3c7e7eefe6,يوجد صور متطابقة/متشابهة بصرياً
2212,Hazem19792019_3057.jpg,منتج Hazem19792019_3057,أخرى,0c00083cf8fffc3c,
2213,Hazem19792019_3058.jpg,منتج Hazem19792019_3058,أخرى,b8808080e8feff73,يوجد صور متطابقة/متشابهة بصرياً
2214,Hazem19792019_3059.jpg,منتج Hazem19792019_3059,أخرى,0000fec2f7ffe723,يوجد صور متطابقة/متشابهة بصرياً
2215,Hazem19792019_306.jpg,منتج Hazem19792019_306,أخرى,df9d95959d879d9d,
2216,Hazem19792019_3060.jpg,منتج Hazem19792019_3060,أخرى,0000fd9cccdd01ff,يوجد صور متطابقة/متشابهة بصرياً
2217,Hazem19792019_3061.jpg,منتج Hazem19792019_3061,أخرى,80007f4f57ff3901,
2218,Hazem19792019_3062.jpg,منتج Hazem19792019_3062,أخرى,c3181cfee2ff7f01,
2219,Hazem19792019_3063.jpg,منتج Hazem19792019_3063,أخرى,d7e5e1c9999dfbff,يوجد صور متطابقة/متشابهة بصرياً
2220,Hazem19792019_3064.jpg,منتج Hazem19792019_3064,أخرى,0064f319f8fd7c1e,
2221,Hazem19792019_3065.jpg,منتج Hazem19792019_3065,أخرى,01000000ffffc77f,يوجد صور متطابقة/متشابهة بصرياً
2222,Hazem19792019_3066.jpg,منتج Hazem19792019_3066,أخرى,00003ffffffcf808,يوجد صور متطابقة/متشابهة بصرياً
2223,Hazem19792019_3067.jpg,منتج Hazem19792019_3067,أخرى,000061f9f9f9fcf8,يوجد صور متطابقة/متشابهة بصرياً
2224,Hazem19792019_3068.jpg,منتج Hazem19792019_3068,أخرى,9f0d090f9f9f9fff,
2225,Hazem19792019_3069.jpg,منتج Hazem19792019_3069,أخرى,017ffffffefe0000,
2226,Hazem19792019_307.jpg,منتج Hazem19792019_307,أخرى,ff8191951f1f3bd9,
2227,Hazem19792019_3070.jpg,منتج Hazem19792019_3070,أخرى,fefef89cecfc0001,
2228,Hazem19792019_3071.jpg,منتج Hazem19792019_3071,أخرى,befefeee2efe0000,
2229,Hazem19792019_3073.jpg,منتج Hazem19792019_3073,أخرى,00082464e0107e7e,يوجد صور متطابقة/متشابهة بصرياً
2230,Hazem19792019_3074.jpg,منتج Hazem19792019_3074,أخرى,fff9f9691c080000,يوجد صور متطابقة/متشابهة بصرياً
2231,Hazem19792019_3075.jpg,منتج Hazem19792019_3075,أخرى,ff1b13b1350565ad,يوجد صور متطابقة/متشابهة بصرياً
2232,Hazem19792019_3076.jpg,منتج Hazem19792019_3076,أخرى,004a7e0025797d7d,يوجد صور متطابقة/متشابهة بصرياً
2233,Hazem19792019_3077.jpg,منتج Hazem19792019_3077,أخرى,00d383c3c7ffffff,
2234,Hazem19792019_3078.jpg,منتج Hazem19792019_3078,أخرى,ff7f1c001fff0703,
2235,Hazem19792019_3079.jpg,منتج Hazem19792019_3079,أخرى,ffff83818180c1ff,
2236,Hazem19792019_308.jpg,منتج Hazem19792019_308,أخرى,00fffffc3c0e0000,
2237,Hazem19792019_3080.jpg,منتج Hazem19792019_3080,أخرى,001efc480d1f1f7f,
2238,Hazem19792019_3081.jpg,منتج Hazem19792019_3081,أخرى,0000fe000fffff3f,
2239,Hazem19792019_3082.jpg,منتج Hazem19792019_3082,أخرى,ffe7c4400076b2c0,يوجد صور متطابقة/متشابهة بصرياً
2240,Hazem19792019_3083.jpg,منتج Hazem19792019_3083,أخرى,ffe3c183a70d8183,يوجد صور متطابقة/متشابهة بصرياً
2241,Hazem19792019_3084.jpg,منتج Hazem19792019_3084,أخرى,000010feffd0d1f9,
2242,Hazem19792019_3085.jpg,منتج Hazem19792019_3085,أخرى,ee6e88ee6c6c6e2c,يوجد صور متطابقة/متشابهة بصرياً
2243,Hazem19792019_3086.jpg,منتج Hazem19792019_3086,أخرى,ff1b13b1350565ad,يوجد صور متطابقة/متشابهة بصرياً
2244,Hazem19792019_3087.jpg,منتج Hazem19792019_3087,أخرى,0f00f3f33bfbf8ff,يوجد صور متطابقة/متشابهة بصرياً
2245,Hazem19792019_3088.jpg,منتج Hazem19792019_3088,أخرى,207e7effffbfff00,يوجد صور متطابقة/متشابهة بصرياً
2246,Hazem19792019_3089.jpg,منتج Hazem19792019_3089,أخرى,2e33170e78fcdfff,يوجد صور متطابقة/متشابهة بصرياً
2247,Hazem19792019_309.jpg,منتج Hazem19792019_309,أخرى,507e7e7e7e1e1010,
2248,Hazem19792019_3090.jpg,منتج Hazem19792019_3090,أخرى,ffffefef032f0000,يوجد صور متطابقة/متشابهة بصرياً
2249,Hazem19792019_3091.jpg,منتج Hazem19792019_3091,أخرى,9c9c9cfedf4d040c,يوجد صور متطابقة/متشابهة بصرياً
2250,Hazem19792019_3092.jpg,منتج Hazem19792019_3092,أخرى,6323f37f3e1e0c04,يوجد صور متطابقة/متشابهة بصرياً
2251,Hazem19792019_3093.jpg,منتج Hazem19792019_3093,أخرى,38f8f8fcf60000ff,يوجد صور متطابقة/متشابهة بصرياً
2252,Hazem19792019_3094.jpg,منتج Hazem19792019_3094,أخرى,e4fcfafafe7e1640,يوجد صور متطابقة/متشابهة بصرياً
2253,Hazem19792019_3095.jpg,منتج Hazem19792019_3095,أخرى,00015f7f477e7b09,يوجد صور متطابقة/متشابهة بصرياً
2254,Hazem19792019_3096.jpg,منتج Hazem19792019_3096,أخرى,00000206ffffffff,يوجد صور متطابقة/متشابهة بصرياً
2255,Hazem19792019_3097.jpg,منتج Hazem19792019_3097,أخرى,3033397d0f81f11f,يوجد صور متطابقة/متشابهة بصرياً
2256,Hazem19792019_3098.jpg,منتج Hazem19792019_3098,أخرى,01037d0d0f1f3fff,
2257,Hazem19792019_3099.jpg,منتج Hazem19792019_3099,أخرى,ff000fe4e0e8f9ff,يوجد صور متطابقة/متشابهة بصرياً
2258,Hazem19792019_310.jpg,منتج Hazem19792019_310,أخرى,fefe7e7e3c1c1c1c,
2259,Hazem19792019_3100.jpg,منتج Hazem19792019_3100,أخرى,00e7007ffbe37e08,
2260,Hazem19792019_3101.jpg,منتج Hazem19792019_3101,أخرى,f3bb3ed9b19c1f00,
2261,Hazem19792019_3102.jpg,منتج Hazem19792019_3102,أخرى,ffff89c991b0c1ff,يوجد صور متطابقة/متشابهة بصرياً
2262,Hazem19792019_3103.jpg,منتج Hazem19792019_3103,أخرى,9fffe2f1b9e1db00,يوجد صور متطابقة/متشابهة بصرياً
2263,Hazem19792019_3104.jpg,منتج Hazem19792019_3104,أخرى,bff7f7070000a348,يوجد صور متطابقة/متشابهة بصرياً
2264,Hazem19792019_3105.jpg,منتج Hazem19792019_3105,أخرى,0cfe02362400c0ff,
2265,Hazem19792019_3106.jpg,منتج Hazem19792019_3106,أخرى,e1ffff86808680c0,
2266,Hazem19792019_3107.jpg,منتج Hazem19792019_3107,أخرى,ff7f791d2f0d83c0,
2267,Hazem19792019_3108.jpg,منتج Hazem19792019_3108,أخرى,1e4e023e6440f0ff,
2268,Hazem19792019_3109.jpg,منتج Hazem19792019_3109,أخرى,ceee6626008007ff,
2269,Hazem19792019_311.jpg,منتج Hazem19792019_311,أخرى,fd001cdddcfe9c00,يوجد صور متطابقة/متشابهة بصرياً
2270,Hazem19792019_3110.jpg,منتج Hazem19792019_3110,أخرى,fefffff2f4707608,
2271,Hazem19792019_3111.jpg,منتج Hazem19792019_3111,أخرى,1fbfc38081bd73fe,
2272,Hazem19792019_3112.jpg,منتج Hazem19792019_3112,أخرى,ffffe1818181ffff,يوجد صور متطابقة/متشابهة بصرياً
2273,Hazem19792019_3113.jpg,منتج Hazem19792019_3113,أخرى,ffffff0900000001,
2274,Hazem19792019_3114.jpg,منتج Hazem19792019_3114,أخرى,66ffc280c6faffff,
2275,Hazem19792019_3115.jpg,منتج Hazem19792019_3115,أخرى,003afac6c676ff31,
2276,Hazem19792019_3116.jpg,منتج Hazem19792019_3116,أخرى,fcfcfcec80a4a083,
2277,Hazem19792019_3117.jpg,منتج Hazem19792019_3117,أخرى,f436e7e7f7e10018,
2278,Hazem19792019_3118.jpg,منتج Hazem19792019_3118,أخرى,e1f3d18180e0ffff,يوجد صور متطابقة/متشابهة بصرياً
2279,Hazem19792019_3119.jpg,منتج Hazem19792019_3119,أخرى,e0f8f6f6f6f6bee6,
2280,Hazem19792019_312.jpg,منتج Hazem19792019_312,أخرى,ffff7ffe2e2c0000,
2281,Hazem19792019_3120.jpg,منتج Hazem19792019_3120,أخرى,00000206ffffffff,يوجد صور متطابقة/متشابهة بصرياً
2282,Hazem19792019_3121.jpg,منتج Hazem19792019_3121,أخرى,0f00f3f33bfbf8ff,يوجد صور متطابقة/متشابهة بصرياً
2283,Hazem19792019_3122.jpg,منتج Hazem19792019_3122,أخرى,ffebe7830305079f,
2284,Hazem19792019_3123.jpg,منتج Hazem19792019_3123,أخرى,fefede0e18fef000,
2285,Hazem19792019_3124.jpg,منتج Hazem19792019_3124,أخرى,000107ffffffff7f,يوجد صور متطابقة/متشابهة بصرياً
2286,Hazem19792019_3125.jpg,منتج Hazem19792019_3125,أخرى,ff050f0ff3f9b0ff,يوجد صور متطابقة/متشابهة بصرياً
2287,Hazem19792019_3126.jpg,منتج Hazem19792019_3126,أخرى,e7df9fa3c3c3efff,يوجد صور متطابقة/متشابهة بصرياً
2288,Hazem19792019_3127.jpg,منتج Hazem19792019_3127,أخرى,efc787061183c6ff,
2289,Hazem19792019_3128.jpg,منتج Hazem19792019_3128,أخرى,ff1f1cffffc3c27e,يوجد صور متطابقة/متشابهة بصرياً
2290,Hazem19792019_3129.jpg,منتج Hazem19792019_3129,أخرى,ebc3c3c3c3c3c3f3,يوجد صور متطابقة/متشابهة بصرياً
2291,Hazem19792019_313.jpg,منتج Hazem19792019_313,أخرى,0181070f27fbff58,
2292,Hazem19792019_3130.jpg,منتج Hazem19792019_3130,أخرى,ff07070301ffc1ff,
2293,Hazem19792019_3131.jpg,منتج Hazem19792019_3131,أخرى,fdf9fa0af88200b0,يوجد صور متطابقة/متشابهة بصرياً
2294,Hazem19792019_3132.jpg,منتج Hazem19792019_3132,أخرى,ffffc1c0808f83f9,يوجد صور متطابقة/متشابهة بصرياً
2295,Hazem19792019_3133.jpg,منتج Hazem19792019_3133,أخرى,1f1f131313331b3f,
2296,Hazem19792019_3134.jpg,منتج Hazem19792019_3134,أخرى,0fbfff226262257f,يوجد صور متطابقة/متشابهة بصرياً
2297,Hazem19792019_3135.jpg,منتج Hazem19792019_3135,أخرى,bffcfc7060283cfd,
2298,Hazem19792019_3136.jpg,منتج Hazem19792019_3136,أخرى,ff07fff8f0e16103,
2299,Hazem19792019_3137.jpg,منتج Hazem19792019_3137,أخرى,000107ffffffff7f,يوجد صور متطابقة/متشابهة بصرياً
2300,Hazem19792019_3138.jpg,منتج Hazem19792019_3138,أخرى,207e7effffbfff00,يوجد صور متطابقة/متشابهة بصرياً
2301,Hazem19792019_3139.jpg,منتج Hazem19792019_3139,أخرى,ffc7830381c1f1ff,يوجد صور متطابقة/متشابهة بصرياً
2302,Hazem19792019_314.jpg,منتج Hazem19792019_314,أخرى,ffff01200101002f,يوجد صور متطابقة/متشابهة بصرياً
2303,Hazem19792019_3140.jpg,منتج Hazem19792019_3140,أخرى,0cfefe828fffff00,
2304,Hazem19792019_3141.jpg,منتج Hazem19792019_3141,أخرى,fe1e3fffef9f0000,
2305,Hazem19792019_3142.jpg,منتج Hazem19792019_3142,أخرى,40e23ef3e3f7ff02,
2306,Hazem19792019_3143.jpg,منتج Hazem19792019_3143,أخرى,7e7c7f43677f7100,
2307,Hazem19792019_3144.jpg,منتج Hazem19792019_3144,أخرى,ffbfffffdfa80000,
2308,Hazem19792019_3145.jpg,منتج Hazem19792019_3145,أخرى,7cb31f7f63370303,
2309,Hazem19792019_3146.jpg,منتج Hazem19792019_3146,أخرى,83c7fce3c181df1f,
2310,Hazem19792019_3147.jpg,منتج Hazem19792019_3147,أخرى,c6fe7e7cc7c73f0f,
2311,Hazem19792019_3148.jpg,منتج Hazem19792019_3148,أخرى,00ffbfebc3773f00,
2312,Hazem19792019_3149.jpg,منتج Hazem19792019_3149,أخرى,ff7ff7e3e3ff0000,
2313,Hazem19792019_315.jpg,منتج Hazem19792019_315,أخرى,ffff878787873f07,يوجد صور متطابقة/متشابهة بصرياً
2314,Hazem19792019_3150.jpg,منتج Hazem19792019_3150,أخرى,207e7effffbfff00,يوجد صور متطابقة/متشابهة بصرياً
2315,Hazem19792019_3151.jpg,منتج Hazem19792019_3151,أخرى,3c040407c7cfc7ff,يوجد صور متطابقة/متشابهة بصرياً
2316,Hazem19792019_3152.jpg,منتج Hazem19792019_3152,أخرى,805e9684b0f8feff,يوجد صور متطابقة/متشابهة بصرياً
2317,Hazem19792019_3153.jpg,منتج Hazem19792019_3153,أخرى,fbd999c1c1938343,يوجد صور متطابقة/متشابهة بصرياً
2318,Hazem19792019_3154.jpg,منتج Hazem19792019_3154,أخرى,40c40f0e0e0e2cfe,يوجد صور متطابقة/متشابهة بصرياً
2319,Hazem19792019_3155.jpg,منتج Hazem19792019_3155,أخرى,808080c0fefef6e0,
2320,Hazem19792019_3156.jpg,منتج Hazem19792019_3156,أخرى,bf0707078793f3ff,يوجد صور متطابقة/متشابهة بصرياً
2321,Hazem19792019_3157.jpg,منتج Hazem19792019_3157,أخرى,787c7e674c6e4600,يوجد صور متطابقة/متشابهة بصرياً
2322,Hazem19792019_3158.jpg,منتج Hazem19792019_3158,أخرى,3f3e72065edefe00,يوجد صور متطابقة/متشابهة بصرياً
2323,Hazem19792019_3159.jpg,منتج Hazem19792019_3159,أخرى,fe62971f0787cf4d,
2324,Hazem19792019_316.jpg,منتج Hazem19792019_316,أخرى,40003e7e7f777e00,يوجد صور متطابقة/متشابهة بصرياً
2325,Hazem19792019_3160.jpg,منتج Hazem19792019_3160,أخرى,f80000ec8480c0ff,
2326,Hazem19792019_3161.jpg,منتج Hazem19792019_3161,أخرى,78001f7ef0103cff,
2327,Hazem19792019_3162.jpg,منتج Hazem19792019_3162,أخرى,000000ded8e8c0c4,يوجد صور متطابقة/متشابهة بصرياً
2328,Hazem19792019_3163.jpg,منتج Hazem19792019_3163,أخرى,ffa085858585a19f,
2329,Hazem19792019_3164.jpg,منتج Hazem19792019_3164,أخرى,ff8181c3c3c3c3ff,يوجد صور متطابقة/متشابهة بصرياً
2330,Hazem19792019_3165.jpg,منتج Hazem19792019_3165,أخرى,20befef0fe7ef080,
2331,Hazem19792019_3166.jpg,منتج Hazem19792019_3166,أخرى,1f32f7ffff7f0700,
2332,Hazem19792019_3167.jpg,منتج Hazem19792019_3167,أخرى,2e33170e78fcdfff,يوجد صور متطابقة/متشابهة بصرياً
2333,Hazem19792019_3168.jpg,منتج Hazem19792019_3168,أخرى,000080bede9f8380,
2334,Hazem19792019_3169.jpg,منتج Hazem19792019_3169,أخرى,00007e7f3f3f7f02,
2335,Hazem19792019_317.jpg,منتج Hazem19792019_317,أخرى,00363e2c7e7e7e74,يوجد صور متطابقة/متشابهة بصرياً
2336,Hazem19792019_3170.jpg,منتج Hazem19792019_3170,أخرى,7cfd0000f6fe60fe,
2337,Hazem19792019_3171.jpg,منتج Hazem19792019_3171,أخرى,00fefef2e2e20000,يوجد صور متطابقة/متشابهة بصرياً
2338,Hazem19792019_3172.jpg,منتج Hazem19792019_3172,أخرى,00ffffcfe7ff8080,
2339,Hazem19792019_3173.jpg,منتج Hazem19792019_3173,أخرى,f6d7013727036766,
2340,Hazem19792019_3174.jpg,منتج Hazem19792019_3174,أخرى,0f00f3f33bfbf8ff,يوجد صور متطابقة/متشابهة بصرياً
2341,Hazem19792019_3175.jpg,منتج Hazem19792019_3175,أخرى,060ebcecc0c0e1ff,يوجد صور متطابقة/متشابهة بصرياً
2342,Hazem19792019_3176.jpg,منتج Hazem19792019_3176,أخرى,010f7f7f777d01c0,
2343,Hazem19792019_3177.jpg,منتج Hazem19792019_3177,أخرى,ffffc3c3c3431f07,
2344,Hazem19792019_3178.jpg,منتج Hazem19792019_3178,أخرى,00fefbdbdf7f0880,
2345,Hazem19792019_3179.jpg,منتج Hazem19792019_3179,أخرى,fcfcf0f090e4e0c0,
2346,Hazem19792019_318.jpg,منتج Hazem19792019_318,أخرى,093f7f7d3c3c2c3c,
2347,Hazem19792019_3180.jpg,منتج Hazem19792019_3180,أخرى,f1e7cf3ffef88600,
2348,Hazem19792019_3181.jpg,منتج Hazem19792019_3181,أخرى,180081bdbd2d3cfe,
2349,Hazem19792019_3182.jpg,منتج Hazem19792019_3182,أخرى,000000ded8e8c0c4,يوجد صور متطابقة/متشابهة بصرياً
2350,Hazem19792019_3183.jpg,منتج Hazem19792019_3183,أخرى,003c3ff1051fd9c1,
2351,Hazem19792019_3184.jpg,منتج Hazem19792019_3184,أخرى,d8ef27222620e799,
2352,Hazem19792019_3185.jpg,منتج Hazem19792019_3185,أخرى,9f89999d999d8899,يوجد صور متطابقة/متشابهة بصرياً
2353,Hazem19792019_3186.jpg,منتج Hazem19792019_3186,أخرى,ff0d8781818fc3ff,يوجد صور متطابقة/متشابهة بصرياً
2354,Hazem19792019_3187.jpg,منتج Hazem19792019_3187,أخرى,ffffbd180081ffff,
2355,Hazem19792019_3188.jpg,منتج Hazem19792019_3188,أخرى,c7c7c7e3e7e7e7e7,يوجد صور متطابقة/متشابهة بصرياً
2356,Hazem19792019_3189.jpg,منتج Hazem19792019_3189,أخرى,989f0ff8f0fcf9a8,يوجد صور متطابقة/متشابهة بصرياً
2357,Hazem19792019_319.jpg,منتج Hazem19792019_319,أخرى,dfdfdfd7cf4f0e00,
2358,Hazem19792019_3190.jpg,منتج Hazem19792019_3190,أخرى,fe849fb4b49fa4e5,يوجد صور متطابقة/متشابهة بصرياً
2359,Hazem19792019_3191.jpg,منتج Hazem19792019_3191,أخرى,f8c0c1318d84e0f0,
2360,Hazem19792019_3192.jpg,منتج Hazem19792019_3192,أخرى,c3c3c3c3c3c3c3c7,
2361,Hazem19792019_3193.jpg,منتج Hazem19792019_3193,أخرى,ffc7c7c7c7e7e7e7,
2362,Hazem19792019_3194.jpg,منتج Hazem19792019_3194,أخرى,3f3f3f333b2b2b2d,
2363,Hazem19792019_3195.jpg,منتج Hazem19792019_3195,أخرى,ffe3c183a70d8183,يوجد صور متطابقة/متشابهة بصرياً
2364,Hazem19792019_3196.jpg,منتج Hazem19792019_3196,أخرى,ffe7c4400076b2c0,يوجد صور متطابقة/متشابهة بصرياً
2365,Hazem19792019_3197.jpg,منتج Hazem19792019_3197,أخرى,ee6e88ee6c6c6e2c,يوجد صور متطابقة/متشابهة بصرياً
2366,Hazem19792019_3198.jpg,منتج Hazem19792019_3198,أخرى,020f0f0c2c7f270f,يوجد صور متطابقة/متشابهة بصرياً
2367,Hazem19792019_3199.jpg,منتج Hazem19792019_3199,أخرى,fdf9fa0af88200b0,يوجد صور متطابقة/متشابهة بصرياً
2368,Hazem19792019_320.jpg,منتج Hazem19792019_320,أخرى,7c7cbcfcfc7c7c7c,
2369,Hazem19792019_3200.jpg,منتج Hazem19792019_3200,أخرى,ffffc1c0808f83f9,يوجد صور متطابقة/متشابهة بصرياً
2370,Hazem19792019_3201.jpg,منتج Hazem19792019_3201,أخرى,3f3f3c1001336f0f,يوجد صور متطابقة/متشابهة بصرياً
2371,Hazem19792019_3202.jpg,منتج Hazem19792019_3202,أخرى,ff1b13b1350565ad,يوجد صور متطابقة/متشابهة بصرياً
2372,Hazem19792019_3203.jpg,منتج Hazem19792019_3203,أخرى,ffff1fe7e7180819,
2373,Hazem19792019_3204.jpg,منتج Hazem19792019_3204,أخرى,fffff7ffff000181,
2374,Hazem19792019_3205.jpg,منتج Hazem19792019_3205,أخرى,fd712021efed19bf,
2375,Hazem19792019_3206.jpg,منتج Hazem19792019_3206,أخرى,e7e3fbc9c1f1e3ff,يوجد صور متطابقة/متشابهة بصرياً
2376,Hazem19792019_3207.jpg,منتج Hazem19792019_3207,أخرى,ef4f1f1f092f9723,
2377,Hazem19792019_3208.jpg,منتج Hazem19792019_3208,أخرى,fe849fb4b49fa4e5,يوجد صور متطابقة/متشابهة بصرياً
2378,Hazem19792019_3209.jpg,منتج Hazem19792019_3209,أخرى,c7c7c7e3e7e7e7e7,يوجد صور متطابقة/متشابهة بصرياً
2379,Hazem19792019_321.jpg,منتج Hazem19792019_321,أخرى,7f7f1f1f1f1c0030,
2380,Hazem19792019_3210.jpg,منتج Hazem19792019_3210,أخرى,989f0ff8f0fcf9a8,يوجد صور متطابقة/متشابهة بصرياً
2381,Hazem19792019_3211.jpg,منتج Hazem19792019_3211,أخرى,9f89999d999d8899,يوجد صور متطابقة/متشابهة بصرياً
2382,Hazem19792019_3212.jpg,منتج Hazem19792019_3212,أخرى,ff0d8781818fc3ff,يوجد صور متطابقة/متشابهة بصرياً
2383,Hazem19792019_3213.jpg,منتج Hazem19792019_3213,أخرى,ff8181c3c3c3c3ff,يوجد صور متطابقة/متشابهة بصرياً
2384,Hazem19792019_3214.jpg,منتج Hazem19792019_3214,أخرى,00fefef2e2e20000,يوجد صور متطابقة/متشابهة بصرياً
2385,Hazem19792019_3215.jpg,منتج Hazem19792019_3215,أخرى,00ff0d1c3981071f,
2386,Hazem19792019_3216.jpg,منتج Hazem19792019_3216,أخرى,3c040407c7cfc7ff,يوجد صور متطابقة/متشابهة بصرياً
2387,Hazem19792019_3217.jpg,منتج Hazem19792019_3217,أخرى,0000347e3e7e7f4f,
2388,Hazem19792019_3218.jpg,منتج Hazem19792019_3218,أخرى,003c3cfebefe8c00,
2389,Hazem19792019_3219.jpg,منتج Hazem19792019_3219,أخرى,bff7f7070000a348,يوجد صور متطابقة/متشابهة بصرياً
2390,Hazem19792019_322.jpg,منتج Hazem19792019_322,أخرى,000cffff7fff8100,
2391,Hazem19792019_3220.jpg,منتج Hazem19792019_3220,أخرى,0740601880fcfff7,
2392,Hazem19792019_3221.jpg,منتج Hazem19792019_3221,أخرى,07c33d01013d01cb,يوجد صور متطابقة/متشابهة بصرياً
2393,Hazem19792019_3222.jpg,منتج Hazem19792019_3222,أخرى,40c0e0072f8fabaf,يوجد صور متطابقة/متشابهة بصرياً
2394,Hazem19792019_3223.jpg,منتج Hazem19792019_3223,أخرى,b3b3b1a3a7a7a1f1,يوجد صور متطابقة/متشابهة بصرياً
2395,Hazem19792019_3224.jpg,منتج Hazem19792019_3224,أخرى,e1f3d18180e0ffff,يوجد صور متطابقة/متشابهة بصرياً
2396,Hazem19792019_3225.jpg,منتج Hazem19792019_3225,أخرى,ff0b83838da901ff,يوجد صور متطابقة/متشابهة بصرياً
2397,Hazem19792019_3226.jpg,منتج Hazem19792019_3226,أخرى,ffbc9fdc3c380000,يوجد صور متطابقة/متشابهة بصرياً
2398,Hazem19792019_3227.jpg,منتج Hazem19792019_3227,أخرى,7164eee0041c3fff,يوجد صور متطابقة/متشابهة بصرياً
2399,Hazem19792019_3228.jpg,منتج Hazem19792019_3228,أخرى,ffffc7858181e3ff,يوجد صور متطابقة/متشابهة بصرياً
2400,Hazem19792019_3229.jpg,منتج Hazem19792019_3229,أخرى,ff87010181e3efff,يوجد صور متطابقة/متشابهة بصرياً
2401,Hazem19792019_323.jpg,منتج Hazem19792019_323,أخرى,001e7fff7f7f0000,يوجد صور متطابقة/متشابهة بصرياً
2402,Hazem19792019_3230.jpg,منتج Hazem19792019_3230,أخرى,003c38707e7e7eff,يوجد صور متطابقة/متشابهة بصرياً
2403,Hazem19792019_3231.jpg,منتج Hazem19792019_3231,أخرى,f8f8c888870307ff,يوجد صور متطابقة/متشابهة بصرياً
2404,Hazem19792019_3232.jpg,منتج Hazem19792019_3232,أخرى,a0f9f9ffff7e7201,يوجد صور متطابقة/متشابهة بصرياً
2405,Hazem19792019_3233.jpg,منتج Hazem19792019_3233,أخرى,77173f6b4141e6ff,يوجد صور متطابقة/متشابهة بصرياً
2406,Hazem19792019_3234.jpg,منتج Hazem19792019_3234,أخرى,02c27afafafa0e8f,يوجد صور متطابقة/متشابهة بصرياً
2407,Hazem19792019_3235.jpg,منتج Hazem19792019_3235,أخرى,c81c5cdc7ce38383,يوجد صور متطابقة/متشابهة بصرياً
2408,Hazem19792019_3236.jpg,منتج Hazem19792019_3236,أخرى,e10f0e0e0e0efff7,يوجد صور متطابقة/متشابهة بصرياً
2409,Hazem19792019_3237.jpg,منتج Hazem19792019_3237,أخرى,7fff8f85c587c7c1,يوجد صور متطابقة/متشابهة بصرياً
2410,Hazem19792019_3238.jpg,منتج Hazem19792019_3238,أخرى,7f3131717131fbfd,يوجد صور متطابقة/متشابهة بصرياً
2411,Hazem19792019_3239.jpg,منتج Hazem19792019_3239,أخرى,01899d1f171f1fe4,يوجد صور متطابقة/متشابهة بصرياً
2412,Hazem19792019_324.jpg,منتج Hazem19792019_324,أخرى,34fff7c7c77e3000,يوجد صور متطابقة/متشابهة بصرياً
2413,Hazem19792019_3240.jpg,منتج Hazem19792019_3240,أخرى,c2fef6f0f0203100,يوجد صور متطابقة/متشابهة بصرياً
2414,Hazem19792019_3241.jpg,منتج Hazem19792019_3241,أخرى,7f7f1f0303030303,يوجد صور متطابقة/متشابهة بصرياً
2415,Hazem19792019_3242.jpg,منتج Hazem19792019_3242,أخرى,007e7f7e7e7f0000,يوجد صور متطابقة/متشابهة بصرياً
2416,Hazem19792019_3243.jpg,منتج Hazem19792019_3243,أخرى,ff93830fb3b1b1ff,يوجد صور متطابقة/متشابهة بصرياً
2417,Hazem19792019_3244.jpg,منتج Hazem19792019_3244,أخرى,ffffd91199ffe38c,يوجد صور متطابقة/متشابهة بصرياً
2418,Hazem19792019_3245.jpg,منتج Hazem19792019_3245,أخرى,203c7e3e3e3c9cc4,يوجد صور متطابقة/متشابهة بصرياً
2419,Hazem19792019_3246.jpg,منتج Hazem19792019_3246,أخرى,1fb818dfcfdffb8b,يوجد صور متطابقة/متشابهة بصرياً
2420,Hazem19792019_3247.jpg,منتج Hazem19792019_3247,أخرى,e7f68181f3f3fb1b,يوجد صور متطابقة/متشابهة بصرياً
2421,Hazem19792019_3248.jpg,منتج Hazem19792019_3248,أخرى,7f1f8b01090901ff,يوجد صور متطابقة/متشابهة بصرياً
2422,Hazem19792019_3249.jpg,منتج Hazem19792019_3249,أخرى,00060f1b1f4f4c44,يوجد صور متطابقة/متشابهة بصرياً
2423,Hazem19792019_325.jpg,منتج Hazem19792019_325,أخرى,007cffffff7f0600,يوجد صور متطابقة/متشابهة بصرياً
2424,Hazem19792019_3250.jpg,منتج Hazem19792019_3250,أخرى,0000fd9cccdd01ff,يوجد صور متطابقة/متشابهة بصرياً
2425,Hazem19792019_3251.jpg,منتج Hazem19792019_3251,أخرى,0000fec2f7ffe723,يوجد صور متطابقة/متشابهة بصرياً
2426,Hazem19792019_3252.jpg,منتج Hazem19792019_3252,أخرى,ffff8f870180c3ff,يوجد صور متطابقة/متشابهة بصرياً
2427,Hazem19792019_3253.jpg,منتج Hazem19792019_3253,أخرى,d7e5e1c9999dfbff,يوجد صور متطابقة/متشابهة بصرياً
2428,Hazem19792019_3254.jpg,منتج Hazem19792019_3254,أخرى,ffe7e7e5c08183c7,
2429,Hazem19792019_3255.jpg,منتج Hazem19792019_3255,أخرى,ffffefffcf8581e1,يوجد صور متطابقة/متشابهة بصرياً
2430,Hazem19792019_3256.jpg,منتج Hazem19792019_3256,أخرى,ffbfbf8f90f0f8ff,يوجد صور متطابقة/متشابهة بصرياً
2431,Hazem19792019_3257.jpg,منتج Hazem19792019_3257,أخرى,67fff60607fc8000,يوجد صور متطابقة/متشابهة بصرياً
2432,Hazem19792019_3258.jpg,منتج Hazem19792019_3258,أخرى,ff3e3e7e003001ff,
2433,Hazem19792019_3259.jpg,منتج Hazem19792019_3259,أخرى,cfc1a5a7a7a7c7f7,يوجد صور متطابقة/متشابهة بصرياً
2434,Hazem19792019_326.jpg,منتج Hazem19792019_326,أخرى,0ffcc0b898ff3e00,يوجد صور متطابقة/متشابهة بصرياً
2435,Hazem19792019_3260.jpg,منتج Hazem19792019_3260,أخرى,6fe5cd87b4f89cdc,يوجد صور متطابقة/متشابهة بصرياً
2436,Hazem19792019_3263.jpg,منتج Hazem19792019_3263,أخرى,0100072f0f6fff7f,
2437,Hazem19792019_3264.jpg,منتج Hazem19792019_3264,أخرى,00cfcf054f7f3f3f,
2438,Hazem19792019_3265.jpg,منتج Hazem19792019_3265,أخرى,fbc3c3c3c3c3c3c3,
2439,Hazem19792019_3266.jpg,منتج Hazem19792019_3266,أخرى,427e4ea66eefef60,
2440,Hazem19792019_3267.jpg,منتج Hazem19792019_3267,أخرى,00ffff99ffff99c0,
2441,Hazem19792019_3268.jpg,منتج Hazem19792019_3268,أخرى,fbd999c1c1938343,يوجد صور متطابقة/متشابهة بصرياً
2442,Hazem19792019_3269.jpg,منتج Hazem19792019_3269,أخرى,e0c88f333933f3e3,يوجد صور متطابقة/متشابهة بصرياً
2443,Hazem19792019_327.jpg,منتج Hazem19792019_327,أخرى,ffd9918899f07f38,يوجد صور متطابقة/متشابهة بصرياً
2444,Hazem19792019_3270.jpg,منتج Hazem19792019_3270,أخرى,00748080c0f3f7ff,يوجد صور متطابقة/متشابهة بصرياً
2445,Hazem19792019_3271.jpg,منتج Hazem19792019_3271,أخرى,9fffe2f1b9e1db00,يوجد صور متطابقة/متشابهة بصرياً
2446,Hazem19792019_3272.jpg,منتج Hazem19792019_3272,أخرى,fcf8e0e0f8f0e0b8,
2447,Hazem19792019_3273.jpg,منتج Hazem19792019_3273,أخرى,417effbf990500ff,
2448,Hazem19792019_3274.jpg,منتج Hazem19792019_3274,أخرى,fbf3f3b3932321f1,
2449,Hazem19792019_3275.jpg,منتج Hazem19792019_3275,أخرى,ffbcecfc04040431,يوجد صور متطابقة/متشابهة بصرياً
2450,Hazem19792019_3276.jpg,منتج Hazem19792019_3276,أخرى,fefeeec4c6c2c3c1,
2451,Hazem19792019_3277.jpg,منتج Hazem19792019_3277,أخرى,77e7c10181c3e7ff,
2452,Hazem19792019_3278.jpg,منتج Hazem19792019_3278,أخرى,01b9fdfc3f18f9e0,
2453,Hazem19792019_3279.jpg,منتج Hazem19792019_3279,أخرى,007e7e7a2a173f0f,
2454,Hazem19792019_328.jpg,منتج Hazem19792019_328,أخرى,00c2dcfbf3c17e00,يوجد صور متطابقة/متشابهة بصرياً
2455,Hazem19792019_3280.jpg,منتج Hazem19792019_3280,أخرى,4001070f1f3f1f1f,يوجد صور متطابقة/متشابهة بصرياً
2456,Hazem19792019_3281.jpg,منتج Hazem19792019_3281,أخرى,0003071ffffebeff,
2457,Hazem19792019_3282.jpg,منتج Hazem19792019_3282,أخرى,000080cfcf83ffff,
2458,Hazem19792019_3283.jpg,منتج Hazem19792019_3283,أخرى,000002c1c1ffffff,
2459,Hazem19792019_3284.jpg,منتج Hazem19792019_3284,أخرى,e4fcfafafe7e1640,يوجد صور متطابقة/متشابهة بصرياً
2460,Hazem19792019_3285.jpg,منتج Hazem19792019_3285,أخرى,9f105e7e7c7e1001,
2461,Hazem19792019_3286.jpg,منتج Hazem19792019_3286,أخرى,f3c0c1939191b1ff,يوجد صور متطابقة/متشابهة بصرياً
2462,Hazem19792019_3287.jpg,منتج Hazem19792019_3287,أخرى,e8dbd7c490840c19,يوجد صور متطابقة/متشابهة بصرياً
2463,Hazem19792019_3288.jpg,منتج Hazem19792019_3288,أخرى,203c7e3e3e3c9cc4,يوجد صور متطابقة/متشابهة بصرياً
2464,Hazem19792019_3289.jpg,منتج Hazem19792019_3289,أخرى,00748080c0f3f7ff,يوجد صور متطابقة/متشابهة بصرياً
2465,Hazem19792019_329.jpg,منتج Hazem19792019_329,أخرى,60ffe38bcdfd7900,يوجد صور متطابقة/متشابهة بصرياً
2466,Hazem19792019_3290.jpg,منتج Hazem19792019_3290,أخرى,01706606363c3e05,يوجد صور متطابقة/متشابهة بصرياً
2467,Hazem19792019_3291.jpg,منتج Hazem19792019_3291,أخرى,000f8f6e04082f0f,
2468,Hazem19792019_3292.jpg,منتج Hazem19792019_3292,أخرى,ffffefef032f0000,يوجد صور متطابقة/متشابهة بصرياً
2469,Hazem19792019_3293.jpg,منتج Hazem19792019_3293,أخرى,38343c3c9383b49e,
2470,Hazem19792019_3294.jpg,منتج Hazem19792019_3294,أخرى,00f45c1c3f3e3e33,
2471,Hazem19792019_3295.jpg,منتج Hazem19792019_3295,أخرى,ffffc3838381e3ff,
2472,Hazem19792019_3296.jpg,منتج Hazem19792019_3296,أخرى,01019173773700c0,
2473,Hazem19792019_3297.jpg,منتج Hazem19792019_3297,أخرى,0000031fbfb84fff,
2474,Hazem19792019_3298.jpg,منتج Hazem19792019_3298,أخرى,62004666e6e6fe7c,
2475,Hazem19792019_3299.jpg,منتج Hazem19792019_3299,أخرى,0078fd7d5d4400f0,
2476,Hazem19792019_33.jpg,منتج Hazem19792019_33,أخرى,fc84e4fe807021e1,
2477,Hazem19792019_330.jpg,منتج Hazem19792019_330,أخرى,3a7f7f6f6f7f0000,
2478,Hazem19792019_3300.jpg,منتج Hazem19792019_3300,أخرى,0888797fde2c1880,
2479,Hazem19792019_3301.jpg,منتج Hazem19792019_3301,أخرى,fecafeefcf000006,
2480,Hazem19792019_3303.jpg,منتج Hazem19792019_3303,أخرى,ff838383830383df,يوجد صور متطابقة/متشابهة بصرياً
2481,Hazem19792019_3304.jpg,منتج Hazem19792019_3304,أخرى,0080fffffffd0400,
2482,Hazem19792019_3305.jpg,منتج Hazem19792019_3305,أخرى,04363232373f7fcd,يوجد صور متطابقة/متشابهة بصرياً
2483,Hazem19792019_3306.jpg,منتج Hazem19792019_3306,أخرى,ff87878f850189c1,يوجد صور متطابقة/متشابهة بصرياً
2484,Hazem19792019_3307.jpg,منتج Hazem19792019_3307,أخرى,3033397d0f81f11f,يوجد صور متطابقة/متشابهة بصرياً
2485,Hazem19792019_3308.jpg,منتج Hazem19792019_3308,أخرى,e8dbd7c490840c19,يوجد صور متطابقة/متشابهة بصرياً
2486,Hazem19792019_3309.jpg,منتج Hazem19792019_3309,أخرى,fffffdf3f3f1f1f1,يوجد صور متطابقة/متشابهة بصرياً
2487,Hazem19792019_331.jpg,منتج Hazem19792019_331,أخرى,fbfbdddddd818400,
2488,Hazem19792019_3310.jpg,منتج Hazem19792019_3310,أخرى,007f7f7f7b797f00,يوجد صور متطابقة/متشابهة بصرياً
2489,Hazem19792019_3311.jpg,منتج Hazem19792019_3311,أخرى,ffdf1f03220501f3,
2490,Hazem19792019_3312.jpg,منتج Hazem19792019_3312,أخرى,5ccffdece0e66600,
2491,Hazem19792019_3313.jpg,منتج Hazem19792019_3313,أخرى,ffc7830381c1f1ff,يوجد صور متطابقة/متشابهة بصرياً
2492,Hazem19792019_3314.jpg,منتج Hazem19792019_3314,أخرى,e0c88f333933f3e3,يوجد صور متطابقة/متشابهة بصرياً
2493,Hazem19792019_3315.jpg,منتج Hazem19792019_3315,أخرى,f8fc737ff3fdf880,
2494,Hazem19792019_3316.jpg,منتج Hazem19792019_3316,أخرى,00037e7e6901efcd,
2495,Hazem19792019_3317.jpg,منتج Hazem19792019_3317,أخرى,ffbf0101010383ff,
2496,Hazem19792019_3318.jpg,منتج Hazem19792019_3318,أخرى,ffc3c38b83c3c3c7,
2497,Hazem19792019_3319.jpg,منتج Hazem19792019_3319,أخرى,670427e483f78082,
2498,Hazem19792019_332.jpg,منتج Hazem19792019_332,أخرى,beffb9b9b9e4e4c0,
2499,Hazem19792019_3320.jpg,منتج Hazem19792019_3320,أخرى,80fcefe6e066383f,
2500,Hazem19792019_3321.jpg,منتج Hazem19792019_3321,أخرى,000038143f3f3fc0,
2501,Hazem19792019_3322.jpg,منتج Hazem19792019_3322,أخرى,00247c787c3c7c38,
2502,Hazem19792019_3323.jpg,منتج Hazem19792019_3323,أخرى,0009007ef0f0f0f0,
2503,Hazem19792019_3324.jpg,منتج Hazem19792019_3324,أخرى,310981cee363f360,
2504,Hazem19792019_3325.jpg,منتج Hazem19792019_3325,أخرى,08000c1e3e3e0c00,
2505,Hazem19792019_3326.jpg,منتج Hazem19792019_3326,أخرى,fffce1e1918fffff,يوجد صور متطابقة/متشابهة بصرياً
2506,Hazem19792019_3327.jpg,منتج Hazem19792019_3327,أخرى,fff9f99d0d05ccfd,يوجد صور متطابقة/متشابهة بصرياً
2507,Hazem19792019_3328.jpg,منتج Hazem19792019_3328,أخرى,ffb901b9ffbdffbd,يوجد صور متطابقة/متشابهة بصرياً
2508,Hazem19792019_3329.jpg,منتج Hazem19792019_3329,أخرى,000031c0fcfdfdfc,
2509,Hazem19792019_333.jpg,منتج Hazem19792019_333,أخرى,18f8f8f8f8f8c040,
2510,Hazem19792019_3330.jpg,منتج Hazem19792019_3330,أخرى,fffce1e1918fffff,يوجد صور متطابقة/متشابهة بصرياً
2511,Hazem19792019_3331.jpg,منتج Hazem19792019_3331,أخرى,1c1c1c5e1e1e1e1c,يوجد صور متطابقة/متشابهة بصرياً
2512,Hazem19792019_3332.jpg,منتج Hazem19792019_3332,أخرى,40c40f0e0e0e2cfe,يوجد صور متطابقة/متشابهة بصرياً
2513,Hazem19792019_3333.jpg,منتج Hazem19792019_3333,أخرى,077c3c3030183f4f,
2514,Hazem19792019_3334.jpg,منتج Hazem19792019_3334,أخرى,fbcbe3fbb6809830,
2515,Hazem19792019_3335.jpg,منتج Hazem19792019_3335,أخرى,ff8f870787c3f0fd,
2516,Hazem19792019_3336.jpg,منتج Hazem19792019_3336,أخرى,04363232373f7fcd,يوجد صور متطابقة/متشابهة بصرياً
2517,Hazem19792019_3337.jpg,منتج Hazem19792019_3337,أخرى,3c00007cffffcded,
2518,Hazem19792019_3338.jpg,منتج Hazem19792019_3338,أخرى,ffff9f99dd1d0100,
2519,Hazem19792019_3339.jpg,منتج Hazem19792019_3339,أخرى,ebc3c3c3c3c3c3f3,يوجد صور متطابقة/متشابهة بصرياً
2520,Hazem19792019_334.jpg,منتج Hazem19792019_334,أخرى,647c78707c7e7e7e,
2521,Hazem19792019_3340.jpg,منتج Hazem19792019_3340,أخرى,3c3c3c7e1e10f0f1,
2522,Hazem19792019_3341.jpg,منتج Hazem19792019_3341,أخرى,f0000006ef81b5df,
2523,Hazem19792019_3342.jpg,منتج Hazem19792019_3342,أخرى,ffff00c383018187,
2524,Hazem19792019_3343.jpg,منتج Hazem19792019_3343,أخرى,0606c0eaeb983e34,
2525,Hazem19792019_3344.jpg,منتج Hazem19792019_3344,أخرى,400c7f3f3f390118,
2526,Hazem19792019_3345.jpg,منتج Hazem19792019_3345,أخرى,3cfff9fff68e8e00,
2527,Hazem19792019_3346.jpg,منتج Hazem19792019_3346,أخرى,0100323e3780c0ff,
2528,Hazem19792019_3347.jpg,منتج Hazem19792019_3347,أخرى,04240cfcfc746dff,
2529,Hazem19792019_3348.jpg,منتج Hazem19792019_3348,أخرى,3c2a667777776f6f,
2530,Hazem19792019_3349.jpg,منتج Hazem19792019_3349,أخرى,3c3c3c7c6e7e7e7e,
2531,Hazem19792019_335.jpg,منتج Hazem19792019_335,أخرى,202b373e3f353d3f,
2532,Hazem19792019_3350.jpg,منتج Hazem19792019_3350,أخرى,7c3c869b3f190501,
2533,Hazem19792019_3351.jpg,منتج Hazem19792019_3351,أخرى,bff7f7070000a348,يوجد صور متطابقة/متشابهة بصرياً
2534,Hazem19792019_3352.jpg,منتج Hazem19792019_3352,أخرى,ff81819d9991c1cf,يوجد صور متطابقة/متشابهة بصرياً
2535,Hazem19792019_3353.jpg,منتج Hazem19792019_3353,أخرى,000c3f637f7f6377,
2536,Hazem19792019_3354.jpg,منتج Hazem19792019_3354,أخرى,c3c0e0c1c9e17ff0,
2537,Hazem19792019_3355.jpg,منتج Hazem19792019_3355,أخرى,dbc38180dac08081,
2538,Hazem19792019_3356.jpg,منتج Hazem19792019_3356,أخرى,00ff636703d17727,
2539,Hazem19792019_3357.jpg,منتج Hazem19792019_3357,أخرى,effbcbc9c8c0c080,
2540,Hazem19792019_3358.jpg,منتج Hazem19792019_3358,أخرى,bfb00fb1bb9b01f7,
2541,Hazem19792019_3359.jpg,منتج Hazem19792019_3359,أخرى,44c0c4c780b49f87,
2542,Hazem19792019_336.jpg,منتج Hazem19792019_336,أخرى,f8f898fcfc8383a0,
2543,Hazem19792019_3360.jpg,منتج Hazem19792019_3360,أخرى,c07c77477f676700,
2544,Hazem19792019_3361.jpg,منتج Hazem19792019_3361,أخرى,dfcfdc44ccef8440,
2545,Hazem19792019_3362.jpg,منتج Hazem19792019_3362,أخرى,c11f3f7f7f0e0080,
2546,Hazem19792019_3363.jpg,منتج Hazem19792019_3363,أخرى,7f410000d67efeff,
2547,Hazem19792019_3364.jpg,منتج Hazem19792019_3364,أخرى,0078fffdf3000000,
2548,Hazem19792019_3365.jpg,منتج Hazem19792019_3365,أخرى,00fffeeec6ee0000,
2549,Hazem19792019_3366.jpg,منتج Hazem19792019_3366,أخرى,fffb001000fbfb00,
2550,Hazem19792019_3367.jpg,منتج Hazem19792019_3367,أخرى,e1ffff0fff00c000,
2551,Hazem19792019_3368.jpg,منتج Hazem19792019_3368,أخرى,0cff7f697f7e7e00,
2552,Hazem19792019_3369.jpg,منتج Hazem19792019_3369,أخرى,a5a1818fff00e305,
2553,Hazem19792019_337.jpg,منتج Hazem19792019_337,أخرى,0f15159f9f01010d,
2554,Hazem19792019_3370.jpg,منتج Hazem19792019_3370,أخرى,3636664440707777,
2555,Hazem19792019_3371.jpg,منتج Hazem19792019_3371,أخرى,00fefefa90c8ff00,
2556,Hazem19792019_3372.jpg,منتج Hazem19792019_3372,أخرى,003d4778707f7ffa,
2557,Hazem19792019_3373.jpg,منتج Hazem19792019_3373,أخرى,00b8fcdc8cfcfcfc,
2558,Hazem19792019_3374.jpg,منتج Hazem19792019_3374,أخرى,feccc4c4c0c0feff,
2559,Hazem19792019_3375.jpg,منتج Hazem19792019_3375,أخرى,10b407233ff3f322,
2560,Hazem19792019_3376.jpg,منتج Hazem19792019_3376,أخرى,000ee749f3bffff3,
2561,Hazem19792019_3377.jpg,منتج Hazem19792019_3377,أخرى,f1e1e1c0c8e1e0e0,
2562,Hazem19792019_3378.jpg,منتج Hazem19792019_3378,أخرى,007c7c7c0e0f073f,
2563,Hazem19792019_3379.jpg,منتج Hazem19792019_3379,أخرى,ff0101113101173f,
2564,Hazem19792019_338.jpg,منتج Hazem19792019_338,أخرى,61b1814d496979e1,
2565,Hazem19792019_3380.jpg,منتج Hazem19792019_3380,أخرى,cfcfe7c7e3c3c3ff,
2566,Hazem19792019_3381.jpg,منتج Hazem19792019_3381,أخرى,fe321f1e12391f1f,يوجد صور متطابقة/متشابهة بصرياً
2567,Hazem19792019_3382.jpg,منتج Hazem19792019_3382,أخرى,37e73339e0c7e707,يوجد صور متطابقة/متشابهة بصرياً
2568,Hazem19792019_3383.jpg,منتج Hazem19792019_3383,أخرى,8f0f0f0505070d06,
2569,Hazem19792019_3384.jpg,منتج Hazem19792019_3384,أخرى,8180c3c3ad7d0c81,يوجد صور متطابقة/متشابهة بصرياً
2570,Hazem19792019_3385.jpg,منتج Hazem19792019_3385,أخرى,e18080fb8181ffff,يوجد صور متطابقة/متشابهة بصرياً
2571,Hazem19792019_3386.jpg,منتج Hazem19792019_3386,أخرى,ff878185858dc7ef,
2572,Hazem19792019_3387.jpg,منتج Hazem19792019_3387,أخرى,203c7e3e3e3c9cc4,يوجد صور متطابقة/متشابهة بصرياً
2573,Hazem19792019_3388.jpg,منتج Hazem19792019_3388,أخرى,003c383939f4ffff,
2574,Hazem19792019_3389.jpg,منتج Hazem19792019_3389,أخرى,ff818dcda9e989e1,
2575,Hazem19792019_339.jpg,منتج Hazem19792019_339,أخرى,f7c3c3fb93bb0303,
2576,Hazem19792019_3390.jpg,منتج Hazem19792019_3390,أخرى,0c0c9cff3f3e9cdc,
2577,Hazem19792019_3391.jpg,منتج Hazem19792019_3391,أخرى,0f4636e6e00063ff,يوجد صور متطابقة/متشابهة بصرياً
2578,Hazem19792019_3392.jpg,منتج Hazem19792019_3392,أخرى,83cfc783818787cf,
2579,Hazem19792019_3393.jpg,منتج Hazem19792019_3393,أخرى,0000f2fef0f0f000,
2580,Hazem19792019_3394.jpg,منتج Hazem19792019_3394,أخرى,ffff80808080e33f,
2581,Hazem19792019_3395.jpg,منتج Hazem19792019_3395,أخرى,bfffff838081c31f,
2582,Hazem19792019_3396.jpg,منتج Hazem19792019_3396,أخرى,bf9f8081879f8fff,يوجد صور متطابقة/متشابهة بصرياً
2583,Hazem19792019_3397.jpg,منتج Hazem19792019_3397,أخرى,ffe1e0ece9e9a903,
2584,Hazem19792019_3398.jpg,منتج Hazem19792019_3398,أخرى,cfc1a5a7a7a7c7f7,يوجد صور متطابقة/متشابهة بصرياً
2585,Hazem19792019_3399.jpg,منتج Hazem19792019_3399,أخرى,9f9f838391998983,يوجد صور متطابقة/متشابهة بصرياً
2586,Hazem19792019_34.jpg,منتج Hazem19792019_34,أخرى,ffffe7e7c4c6c480,يوجد صور متطابقة/متشابهة بصرياً
2587,Hazem19792019_340.jpg,منتج Hazem19792019_340,أخرى,fcfff080808090f8,
2588,Hazem19792019_3400.jpg,منتج Hazem19792019_3400,أخرى,383cdf1918181918,
2589,Hazem19792019_3401.jpg,منتج Hazem19792019_3401,أخرى,040f0f3e3e3f3e3f,
2590,Hazem19792019_3402.jpg,منتج Hazem19792019_3402,أخرى,3c7e7e7e7e7e3e04,
2591,Hazem19792019_3403.jpg,منتج Hazem19792019_3403,أخرى,39f0b8a9aeee27ff,يوجد صور متطابقة/متشابهة بصرياً
2592,Hazem19792019_3404.jpg,منتج Hazem19792019_3404,أخرى,e8e0bcf8a8f0a260,يوجد صور متطابقة/متشابهة بصرياً
2593,Hazem19792019_3405.jpg,منتج Hazem19792019_3405,أخرى,a0fafefe808080ff,
2594,Hazem19792019_3406.jpg,منتج Hazem19792019_3406,أخرى,1f39111f1f39191f,
2595,Hazem19792019_3407.jpg,منتج Hazem19792019_3407,أخرى,e0c0e2ecfc667c7c,
2596,Hazem19792019_3408.jpg,منتج Hazem19792019_3408,أخرى,0000000f86f6ffef,
2597,Hazem19792019_3409.jpg,منتج Hazem19792019_3409,أخرى,343c3e3f7f7f7f2c,
2598,Hazem19792019_341.jpg,منتج Hazem19792019_341,أخرى,ff7cbebb100000c0,
2599,Hazem19792019_3410.jpg,منتج Hazem19792019_3410,أخرى,03d90104e464278f,
2600,Hazem19792019_3411.jpg,منتج Hazem19792019_3411,أخرى,7b000c049898d8fc,
2601,Hazem19792019_3412.jpg,منتج Hazem19792019_3412,أخرى,0080fffefeecfc3e,
2602,Hazem19792019_3413.jpg,منتج Hazem19792019_3413,أخرى,2e0efefefefe7602,
2603,Hazem19792019_3414.jpg,منتج Hazem19792019_3414,أخرى,04ffffffffeec000,
2604,Hazem19792019_3415.jpg,منتج Hazem19792019_3415,أخرى,dfcd10dfffcc0c00,
2605,Hazem19792019_3416.jpg,منتج Hazem19792019_3416,أخرى,2f3e3dbfb7b73303,
2606,Hazem19792019_3417.jpg,منتج Hazem19792019_3417,أخرى,0000b6f7ff6fdb40,
2607,Hazem19792019_3418.jpg,منتج Hazem19792019_3418,أخرى,000013f1ef2d92ff,
2608,Hazem19792019_3419.jpg,منتج Hazem19792019_3419,أخرى,000000ffff083cff,
2609,Hazem19792019_342.jpg,منتج Hazem19792019_342,أخرى,fff0800000c0ffff,
2610,Hazem19792019_3420.jpg,منتج Hazem19792019_3420,أخرى,ff0080e0fcbcdbc1,
2611,Hazem19792019_3421.jpg,منتج Hazem19792019_3421,أخرى,00008cecfefef620,
2612,Hazem19792019_3422.jpg,منتج Hazem19792019_3422,أخرى,00e0f773637f5f00,
2613,Hazem19792019_3423.jpg,منتج Hazem19792019_3423,أخرى,fe00003fffff1700,
2614,Hazem19792019_3424.jpg,منتج Hazem19792019_3424,أخرى,00043c4f5f7f7f5f,
2615,Hazem19792019_3425.jpg,منتج Hazem19792019_3425,أخرى,fffb9be361790000,
2616,Hazem19792019_3426.jpg,منتج Hazem19792019_3426,أخرى,7f7f40fefe00c200,
2617,Hazem19792019_3427.jpg,منتج Hazem19792019_3427,أخرى,7cdefe7efef88600,
2618,Hazem19792019_3428.jpg,منتج Hazem19792019_3428,أخرى,fefe81d47c18007e,
2619,Hazem19792019_3429.jpg,منتج Hazem19792019_3429,أخرى,06011dcded4303e7,
2620,Hazem19792019_343.jpg,منتج Hazem19792019_343,أخرى,febeffffffff0000,يوجد صور متطابقة/متشابهة بصرياً
2621,Hazem19792019_3430.jpg,منتج Hazem19792019_3430,أخرى,f9f9780cccc8c8d8,
2622,Hazem19792019_3431.jpg,منتج Hazem19792019_3431,أخرى,00effff1795b7e04,
2623,Hazem19792019_3432.jpg,منتج Hazem19792019_3432,أخرى,007d7f232326e31f,
2624,Hazem19792019_3433.jpg,منتج Hazem19792019_3433,أخرى,00fffec2dec7c4c8,
2625,Hazem19792019_3434.jpg,منتج Hazem19792019_3434,أخرى,ffff00323000003f,
2626,Hazem19792019_3435.jpg,منتج Hazem19792019_3435,أخرى,ed01007775250507,
2627,Hazem19792019_3436.jpg,منتج Hazem19792019_3436,أخرى,7c2c64c09880c2dd,
2628,Hazem19792019_3437.jpg,منتج Hazem19792019_3437,أخرى,0b0303db135fdfb2,
2629,Hazem19792019_3438.jpg,منتج Hazem19792019_3438,أخرى,7efee6e6f07078fc,
2630,Hazem19792019_3439.jpg,منتج Hazem19792019_3439,أخرى,1f87c3a3b171797f,
2631,Hazem19792019_344.jpg,منتج Hazem19792019_344,أخرى,00005f3f7fffcf26,يوجد صور متطابقة/متشابهة بصرياً
2632,Hazem19792019_3440.jpg,منتج Hazem19792019_3440,أخرى,fefee6e2f2f80101,
2633,Hazem19792019_3441.jpg,منتج Hazem19792019_3441,أخرى,00006e6cec01f1ff,
2634,Hazem19792019_3442.jpg,منتج Hazem19792019_3442,أخرى,63037d073f1119b8,
2635,Hazem19792019_3443.jpg,منتج Hazem19792019_3443,أخرى,fcdcc0d0dcc4f4c0,
2636,Hazem19792019_3444.jpg,منتج Hazem19792019_3444,أخرى,5f4b3feff9f9c008,
2637,Hazem19792019_3445.jpg,منتج Hazem19792019_3445,أخرى,00c7cf7fff8cd200,
2638,Hazem19792019_3446.jpg,منتج Hazem19792019_3446,أخرى,007cf4f4f4f83e3e,
2639,Hazem19792019_3447.jpg,منتج Hazem19792019_3447,أخرى,fc7c7c1c1c1c3c3c,
2640,Hazem19792019_3448.jpg,منتج Hazem19792019_3448,أخرى,ff00e1e52525211f,
2641,Hazem19792019_3449.jpg,منتج Hazem19792019_3449,أخرى,0000761a0efdf9ff,
2642,Hazem19792019_345.jpg,منتج Hazem19792019_345,أخرى,03393d2911393139,يوجد صور متطابقة/متشابهة بصرياً
2643,Hazem19792019_3450.jpg,منتج Hazem19792019_3450,أخرى,0007ffdf9fde04ec,
2644,Hazem19792019_3451.jpg,منتج Hazem19792019_3451,أخرى,00000240706bffff,يوجد صور متطابقة/متشابهة بصرياً
2645,Hazem19792019_3452.jpg,منتج Hazem19792019_3452,أخرى,ffff000000c0ffff,يوجد صور متطابقة/متشابهة بصرياً
2646,Hazem19792019_3453.jpg,منتج Hazem19792019_3453,أخرى,ffcf0f0383dbd900,
2647,Hazem19792019_3454.jpg,منتج Hazem19792019_3454,أخرى,2f07ed2d0f1f0347,يوجد صور متطابقة/متشابهة بصرياً
2648,Hazem19792019_3455.jpg,منتج Hazem19792019_3455,أخرى,001a1a182060ffff,
2649,Hazem19792019_3456.jpg,منتج Hazem19792019_3456,أخرى,ff3f000020aae2fe,
2650,Hazem19792019_3457.jpg,منتج Hazem19792019_3457,أخرى,ff0000eaff027aff,يوجد صور متطابقة/متشابهة بصرياً
2651,Hazem19792019_3458.jpg,منتج Hazem19792019_3458,أخرى,e0e72438a5f7ffdf,يوجد صور متطابقة/متشابهة بصرياً
2652,Hazem19792019_3459.jpg,منتج Hazem19792019_3459,أخرى,3c040407c7cfc7ff,يوجد صور متطابقة/متشابهة بصرياً
2653,Hazem19792019_346.jpg,منتج Hazem19792019_346,أخرى,fcfefefefe000603,
2654,Hazem19792019_3460.jpg,منتج Hazem19792019_3460,أخرى,e7e7e6e6c6c6c6c4,
2655,Hazem19792019_3461.jpg,منتج Hazem19792019_3461,أخرى,3e3f372323333f7f,
2656,Hazem19792019_3462.jpg,منتج Hazem19792019_3462,أخرى,fcfcfcccccccccfc,
2657,Hazem19792019_3463.jpg,منتج Hazem19792019_3463,أخرى,7f7f776743470303,
2658,Hazem19792019_3464.jpg,منتج Hazem19792019_3464,أخرى,0018f8001e5e7fff,
2659,Hazem19792019_3465.jpg,منتج Hazem19792019_3465,أخرى,383ce73a1a18585b,
2660,Hazem19792019_3466.jpg,منتج Hazem19792019_3466,أخرى,ff0200f6c0b107e0,
2661,Hazem19792019_3467.jpg,منتج Hazem19792019_3467,أخرى,1e1e1b38f8091fff,يوجد صور متطابقة/متشابهة بصرياً
2662,Hazem19792019_3468.jpg,منتج Hazem19792019_3468,أخرى,6f6f4f0f6060181c,
2663,Hazem19792019_3469.jpg,منتج Hazem19792019_3469,أخرى,80b62276626ec2d8,
2664,Hazem19792019_347.jpg,منتج Hazem19792019_347,أخرى,79f8f899f87cff00,
2665,Hazem19792019_3470.jpg,منتج Hazem19792019_3470,أخرى,d800c0fc8fdffe00,
2666,Hazem19792019_3471.jpg,منتج Hazem19792019_3471,أخرى,00007f7f7f7f0fff,
2667,Hazem19792019_3472.jpg,منتج Hazem19792019_3472,أخرى,bf7f4c0c3c041c9f,
2668,Hazem19792019_3473.jpg,منتج Hazem19792019_3473,أخرى,1f207e7e7efe7f00,
2669,Hazem19792019_3474.jpg,منتج Hazem19792019_3474,أخرى,0f7fffc7fffc1002,
2670,Hazem19792019_3475.jpg,منتج Hazem19792019_3475,أخرى,ffffe1ffdfff0000,
2671,Hazem19792019_3476.jpg,منتج Hazem19792019_3476,أخرى,fefefefec0000000,
2672,Hazem19792019_3477.jpg,منتج Hazem19792019_3477,أخرى,c6e07070f00032ff,
2673,Hazem19792019_3478.jpg,منتج Hazem19792019_3478,أخرى,0018f9ffd96b7e06,
2674,Hazem19792019_3479.jpg,منتج Hazem19792019_3479,أخرى,003ae6f67e666660,
2675,Hazem19792019_348.jpg,منتج Hazem19792019_348,أخرى,f8feff07291f9f01,
2676,Hazem19792019_3480.jpg,منتج Hazem19792019_3480,أخرى,e18080fb8181ffff,يوجد صور متطابقة/متشابهة بصرياً
2677,Hazem19792019_3481.jpg,منتج Hazem19792019_3481,أخرى,ffffefef032f0000,يوجد صور متطابقة/متشابهة بصرياً
2678,Hazem19792019_3482.jpg,منتج Hazem19792019_3482,أخرى,efcd81fde3e3e3ff,يوجد صور متطابقة/متشابهة بصرياً
2679,Hazem19792019_3483.jpg,منتج Hazem19792019_3483,أخرى,007e7e7e7e037e00,يوجد صور متطابقة/متشابهة بصرياً
2680,Hazem19792019_3484.jpg,منتج Hazem19792019_3484,أخرى,e4fcfafafe7e1640,يوجد صور متطابقة/متشابهة بصرياً
2681,Hazem19792019_3485.jpg,منتج Hazem19792019_3485,أخرى,01fde11decc8f9ff,
2682,Hazem19792019_3486.jpg,منتج Hazem19792019_3486,أخرى,3c7cfc9c1ed10000,يوجد صور متطابقة/متشابهة بصرياً
2683,Hazem19792019_3487.jpg,منتج Hazem19792019_3487,أخرى,fff5f4f1e9c08280,يوجد صور متطابقة/متشابهة بصرياً
2684,Hazem19792019_3488.jpg,منتج Hazem19792019_3488,أخرى,4140405f1f3fe3e3,
2685,Hazem19792019_3489.jpg,منتج Hazem19792019_3489,أخرى,8087f98087fdb090,
2686,Hazem19792019_349.jpg,منتج Hazem19792019_349,أخرى,78780098f2e0c07c,
2687,Hazem19792019_3490.jpg,منتج Hazem19792019_3490,أخرى,07fffd74037f4f30,
2688,Hazem19792019_3491.jpg,منتج Hazem19792019_3491,أخرى,fffffffe788183f3,يوجد صور متطابقة/متشابهة بصرياً
2689,Hazem19792019_3492.jpg,منتج Hazem19792019_3492,أخرى,0f10f33f32732727,
2690,Hazem19792019_3493.jpg,منتج Hazem19792019_3493,أخرى,0fbfff226262257f,يوجد صور متطابقة/متشابهة بصرياً
2691,Hazem19792019_3494.jpg,منتج Hazem19792019_3494,أخرى,f0f89c8cbc8c8cfc,يوجد صور متطابقة/متشابهة بصرياً
2692,Hazem19792019_3495.jpg,منتج Hazem19792019_3495,أخرى,fcff8ffff3920000,
2693,Hazem19792019_3496.jpg,منتج Hazem19792019_3496,أخرى,00f2fbcf0b83dfe3,يوجد صور متطابقة/متشابهة بصرياً
2694,Hazem19792019_3497.jpg,منتج Hazem19792019_3497,أخرى,ff7f3f3ffec0c0fc,يوجد صور متطابقة/متشابهة بصرياً
2695,Hazem19792019_3498.jpg,منتج Hazem19792019_3498,أخرى,00f8e868687f3f3f,
2696,Hazem19792019_3499.jpg,منتج Hazem19792019_3499,أخرى,1f9efeff7c00ecff,
2697,Hazem19792019_350.jpg,منتج Hazem19792019_350,أخرى,43005e7e760043f6,
2698,Hazem19792019_3500.jpg,منتج Hazem19792019_3500,أخرى,67ff01da01a7fb80,
2699,Hazem19792019_3501.jpg,منتج Hazem19792019_3501,أخرى,ef9fff09030001fb,
2700,Hazem19792019_3502.jpg,منتج Hazem19792019_3502,أخرى,00320cc487efff87,
2701,Hazem19792019_3503.jpg,منتج Hazem19792019_3503,أخرى,f95b1f5f4f3f3900,
2702,Hazem19792019_3504.jpg,منتج Hazem19792019_3504,أخرى,37e73339e0c7e707,يوجد صور متطابقة/متشابهة بصرياً
2703,Hazem19792019_3505.jpg,منتج Hazem19792019_3505,أخرى,ef0f0002e7ffff00,
2704,Hazem19792019_3506.jpg,منتج Hazem19792019_3506,أخرى,80001810183fffdf,
2705,Hazem19792019_3507.jpg,منتج Hazem19792019_3507,أخرى,030303076703036f,يوجد صور متطابقة/متشابهة بصرياً
2706,Hazem19792019_3508.jpg,منتج Hazem19792019_3508,أخرى,24fff3e3e7e1e103,
2707,Hazem19792019_3509.jpg,منتج Hazem19792019_3509,أخرى,f7760ebfbf3e2080,يوجد صور متطابقة/متشابهة بصرياً
2708,Hazem19792019_351.jpg,منتج Hazem19792019_351,أخرى,1d11242c04383cff,
2709,Hazem19792019_3510.jpg,منتج Hazem19792019_3510,أخرى,ffc3c3c3c3d3c3c3,يوجد صور متطابقة/متشابهة بصرياً
2710,Hazem19792019_3512.jpg,منتج Hazem19792019_3512,أخرى,fff5f4f1e9c08280,يوجد صور متطابقة/متشابهة بصرياً
2711,Hazem19792019_3513.jpg,منتج Hazem19792019_3513,أخرى,f8f8c888870307ff,يوجد صور متطابقة/متشابهة بصرياً
2712,Hazem19792019_3514.jpg,منتج Hazem19792019_3514,أخرى,0e0e1a5e7e7e5e1e,
2713,Hazem19792019_3515.jpg,منتج Hazem19792019_3515,أخرى,ff818181818199fc,يوجد صور متطابقة/متشابهة بصرياً
2714,Hazem19792019_3516.jpg,منتج Hazem19792019_3516,أخرى,00f2fbcf0b83dfe3,يوجد صور متطابقة/متشابهة بصرياً
2715,Hazem19792019_3517.jpg,منتج Hazem19792019_3517,أخرى,ffef87878180e1f3,
2716,Hazem19792019_3518.jpg,منتج Hazem19792019_3518,أخرى,ffff7f3e0e0e1a08,
2717,Hazem19792019_3519.jpg,منتج Hazem19792019_3519,أخرى,e1ef01094d0fafff,
2718,Hazem19792019_352.jpg,منتج Hazem19792019_352,أخرى,00005f3f7fffcf26,يوجد صور متطابقة/متشابهة بصرياً
2719,Hazem19792019_3520.jpg,منتج Hazem19792019_3520,أخرى,fefec0c0a2f0fc80,يوجد صور متطابقة/متشابهة بصرياً
2720,Hazem19792019_3521.jpg,منتج Hazem19792019_3521,أخرى,fe321f1e12391f1f,يوجد صور متطابقة/متشابهة بصرياً
2721,Hazem19792019_3522.jpg,منتج Hazem19792019_3522,أخرى,be7c5d5808f7d100,يوجد صور متطابقة/متشابهة بصرياً
2722,Hazem19792019_3523.jpg,منتج Hazem19792019_3523,أخرى,fffef0c0c0808f03,يوجد صور متطابقة/متشابهة بصرياً
2723,Hazem19792019_3524.jpg,منتج Hazem19792019_3524,أخرى,1f0f015f333f0f1f,يوجد صور متطابقة/متشابهة بصرياً
2724,Hazem19792019_3525.jpg,منتج Hazem19792019_3525,أخرى,fffffffe788183f3,يوجد صور متطابقة/متشابهة بصرياً
2725,Hazem19792019_3526.jpg,منتج Hazem19792019_3526,أخرى,ffc7830381c1f1ff,يوجد صور متطابقة/متشابهة بصرياً
2726,Hazem19792019_3527.jpg,منتج Hazem19792019_3527,أخرى,fffbf30f00333300,يوجد صور متطابقة/متشابهة بصرياً
2727,Hazem19792019_3528.jpg,منتج Hazem19792019_3528,أخرى,e3041cbcff7f6969,
2728,Hazem19792019_3529.jpg,منتج Hazem19792019_3529,أخرى,ffb901b9ffbdffbd,يوجد صور متطابقة/متشابهة بصرياً
2729,Hazem19792019_353.jpg,منتج Hazem19792019_353,أخرى,03393d2911393139,يوجد صور متطابقة/متشابهة بصرياً
2730,Hazem19792019_3530.jpg,منتج Hazem19792019_3530,أخرى,7f7f7f6e2e3f0300,
2731,Hazem19792019_3531.jpg,منتج Hazem19792019_3531,أخرى,f87e03818381fbc7,
2732,Hazem19792019_3532.jpg,منتج Hazem19792019_3532,أخرى,00df9fb31d479f19,
2733,Hazem19792019_3533.jpg,منتج Hazem19792019_3533,أخرى,c0fff8e0e0f0f00d,
2734,Hazem19792019_3534.jpg,منتج Hazem19792019_3534,أخرى,483038fcfc09fcfd,
2735,Hazem19792019_3535.jpg,منتج Hazem19792019_3535,أخرى,fdff00189cff8000,
2736,Hazem19792019_3536.jpg,منتج Hazem19792019_3536,أخرى,fdff46443d6564f4,
2737,Hazem19792019_3537.jpg,منتج Hazem19792019_3537,أخرى,03bba9a18181217c,
2738,Hazem19792019_3538.jpg,منتج Hazem19792019_3538,أخرى,fefa9c94fc7cd03c,
2739,Hazem19792019_3539.jpg,منتج Hazem19792019_3539,أخرى,073fef7c7f3f0016,
2740,Hazem19792019_354.jpg,منتج Hazem19792019_354,أخرى,7f7f600084948000,يوجد صور متطابقة/متشابهة بصرياً
2741,Hazem19792019_3540.jpg,منتج Hazem19792019_3540,أخرى,fdf8fc040501f1cf,
2742,Hazem19792019_3541.jpg,منتج Hazem19792019_3541,أخرى,0303efe7f7f18100,
2743,Hazem19792019_3542.jpg,منتج Hazem19792019_3542,أخرى,83abfcfc8080f9c0,
2744,Hazem19792019_3543.jpg,منتج Hazem19792019_3543,أخرى,b3b3b1a3a7a7a1f1,يوجد صور متطابقة/متشابهة بصرياً
2745,Hazem19792019_3544.jpg,منتج Hazem19792019_3544,أخرى,00015f7f477e7b09,يوجد صور متطابقة/متشابهة بصرياً
2746,Hazem19792019_3545.jpg,منتج Hazem19792019_3545,أخرى,f0f89c8cbc8c8cfc,يوجد صور متطابقة/متشابهة بصرياً
2747,Hazem19792019_3546.jpg,منتج Hazem19792019_3546,أخرى,0f4636e6e00063ff,يوجد صور متطابقة/متشابهة بصرياً
2748,Hazem19792019_3547.jpg,منتج Hazem19792019_3547,أخرى,ff83838381f1f1ff,يوجد صور متطابقة/متشابهة بصرياً
2749,Hazem19792019_3548.jpg,منتج Hazem19792019_3548,أخرى,40c0c007cfffffff,يوجد صور متطابقة/متشابهة بصرياً
2750,Hazem19792019_3549.jpg,منتج Hazem19792019_3549,أخرى,02c27afafafa0e8f,يوجد صور متطابقة/متشابهة بصرياً
2751,Hazem19792019_355.jpg,منتج Hazem19792019_355,أخرى,610c3c7d6d0480c6,
2752,Hazem19792019_3550.jpg,منتج Hazem19792019_3550,أخرى,07473b7b5b9f1e0f,
2753,Hazem19792019_3551.jpg,منتج Hazem19792019_3551,أخرى,ff000000ff0100ff,يوجد صور متطابقة/متشابهة بصرياً
2754,Hazem19792019_3552.jpg,منتج Hazem19792019_3552,أخرى,fd89096d4c4c0901,
2755,Hazem19792019_3553.jpg,منتج Hazem19792019_3553,أخرى,7d7dffc38183c187,يوجد صور متطابقة/متشابهة بصرياً
2756,Hazem19792019_3554.jpg,منتج Hazem19792019_3554,أخرى,ffe7e3e311f999ff,يوجد صور متطابقة/متشابهة بصرياً
2757,Hazem19792019_3555.jpg,منتج Hazem19792019_3555,أخرى,7c245b183b185802,يوجد صور متطابقة/متشابهة بصرياً
2758,Hazem19792019_3556.jpg,منتج Hazem19792019_3556,أخرى,3c3c7e1a7a1a0776,يوجد صور متطابقة/متشابهة بصرياً
2759,Hazem19792019_3557.jpg,منتج Hazem19792019_3557,أخرى,ffffef83a3b11919,
2760,Hazem19792019_3558.jpg,منتج Hazem19792019_3558,أخرى,0606362676760000,يوجد صور متطابقة/متشابهة بصرياً
2761,Hazem19792019_3559.jpg,منتج Hazem19792019_3559,أخرى,83010101fb07ffff,يوجد صور متطابقة/متشابهة بصرياً
2762,Hazem19792019_356.jpg,منتج Hazem19792019_356,أخرى,999888e8f8dc8880,
2763,Hazem19792019_3560.jpg,منتج Hazem19792019_3560,أخرى,0c0c9cfc1f1f0ccc,
2764,Hazem19792019_3561.jpg,منتج Hazem19792019_3561,أخرى,ffff00010387f100,يوجد صور متطابقة/متشابهة بصرياً
2765,Hazem19792019_3562.jpg,منتج Hazem19792019_3562,أخرى,ffff2100000100ff,
2766,Hazem19792019_3563.jpg,منتج Hazem19792019_3563,أخرى,00183c3c7e3c18c1,
2767,Hazem19792019_3564.jpg,منتج Hazem19792019_3564,أخرى,00183c3c7e1818c0,يوجد صور متطابقة/متشابهة بصرياً
2768,Hazem19792019_3565.jpg,منتج Hazem19792019_3565,أخرى,0c08f8fa1f1f18cc,
2769,Hazem19792019_3566.jpg,منتج Hazem19792019_3566,أخرى,879181e1f0f70700,يوجد صور متطابقة/متشابهة بصرياً
2770,Hazem19792019_3567.jpg,منتج Hazem19792019_3567,أخرى,000018387e7e0000,يوجد صور متطابقة/متشابهة بصرياً
2771,Hazem19792019_3568.jpg,منتج Hazem19792019_3568,أخرى,0000ebff17135242,
2772,Hazem19792019_3569.jpg,منتج Hazem19792019_3569,أخرى,0c0c0b0b03839f9d,
2773,Hazem19792019_357.jpg,منتج Hazem19792019_357,أخرى,8cbcfd19983818ff,
2774,Hazem19792019_3570.jpg,منتج Hazem19792019_3570,أخرى,818183c3f1dbbf7f,يوجد صور متطابقة/متشابهة بصرياً
2775,Hazem19792019_3571.jpg,منتج Hazem19792019_3571,أخرى,ff8080803e3f8783,
2776,Hazem19792019_3572.jpg,منتج Hazem19792019_3572,أخرى,001f3f3e1c1c1e3c,يوجد صور متطابقة/متشابهة بصرياً
2777,Hazem19792019_3573.jpg,منتج Hazem19792019_3573,أخرى,7f02000030849fff,
2778,Hazem19792019_3574.jpg,منتج Hazem19792019_3574,أخرى,ee2f3eff800008ff,
2779,Hazem19792019_3575.jpg,منتج Hazem19792019_3575,أخرى,007a66809091fdff,
2780,Hazem19792019_3576.jpg,منتج Hazem19792019_3576,أخرى,e9e9e9e1e1612ce0,
2781,Hazem19792019_3577.jpg,منتج Hazem19792019_3577,أخرى,c381010111f9fbff,
2782,Hazem19792019_3578.jpg,منتج Hazem19792019_3578,أخرى,7f7879c0183c3c00,
2783,Hazem19792019_3579.jpg,منتج Hazem19792019_3579,أخرى,818183c3f1dbbf7f,يوجد صور متطابقة/متشابهة بصرياً
2784,Hazem19792019_358.jpg,منتج Hazem19792019_358,أخرى,9018083c7e1800ff,
2785,Hazem19792019_3580.jpg,منتج Hazem19792019_3580,أخرى,f8f8bd9999998988,
2786,Hazem19792019_3581.jpg,منتج Hazem19792019_3581,أخرى,ffc78383c1fb83cf,يوجد صور متطابقة/متشابهة بصرياً
2787,Hazem19792019_3582.jpg,منتج Hazem19792019_3582,أخرى,becefebf01021819,
2788,Hazem19792019_3583.jpg,منتج Hazem19792019_3583,أخرى,e9e16141c1f980e0,
2789,Hazem19792019_3584.jpg,منتج Hazem19792019_3584,أخرى,9f838193838381ff,
2790,Hazem19792019_3585.jpg,منتج Hazem19792019_3585,أخرى,ff8381c3e3838381,يوجد صور متطابقة/متشابهة بصرياً
2791,Hazem19792019_3586.jpg,منتج Hazem19792019_3586,أخرى,fe7e7e7e80808080,
2792,Hazem19792019_3587.jpg,منتج Hazem19792019_3587,أخرى,c3c1c1c3f7c381c1,يوجد صور متطابقة/متشابهة بصرياً
2793,Hazem19792019_3588.jpg,منتج Hazem19792019_3588,أخرى,1ffffffffefc0000,يوجد صور متطابقة/متشابهة بصرياً
2794,Hazem19792019_3589.jpg,منتج Hazem19792019_3589,أخرى,04363232373f7fcd,يوجد صور متطابقة/متشابهة بصرياً
2795,Hazem19792019_359.jpg,منتج Hazem19792019_359,أخرى,ff0010d4d0fe7e30,
2796,Hazem19792019_3590.jpg,منتج Hazem19792019_3590,أخرى,6323f37f3e1e0c04,يوجد صور متطابقة/متشابهة بصرياً
2797,Hazem19792019_3591.jpg,منتج Hazem19792019_3591,أخرى,c6d652f2f2f8f200,
2798,Hazem19792019_3592.jpg,منتج Hazem19792019_3592,أخرى,e3e1e0e0e1e1e1e3,
2799,Hazem19792019_3593.jpg,منتج Hazem19792019_3593,أخرى,3033397d0f81f11f,يوجد صور متطابقة/متشابهة بصرياً
2800,Hazem19792019_3594.jpg,منتج Hazem19792019_3594,أخرى,007e7e7e7e037e00,يوجد صور متطابقة/متشابهة بصرياً
2801,Hazem19792019_3595.jpg,منتج Hazem19792019_3595,أخرى,efcd81fde3e3e3ff,يوجد صور متطابقة/متشابهة بصرياً
2802,Hazem19792019_3596.jpg,منتج Hazem19792019_3596,أخرى,40c0c007cfffffff,يوجد صور متطابقة/متشابهة بصرياً
2803,Hazem19792019_3597.jpg,منتج Hazem19792019_3597,أخرى,c1c9bf00c50a08ff,يوجد صور متطابقة/متشابهة بصرياً
2804,Hazem19792019_3598.jpg,منتج Hazem19792019_3598,أخرى,00000206ffffffff,يوجد صور متطابقة/متشابهة بصرياً
2805,Hazem19792019_3599.jpg,منتج Hazem19792019_3599,أخرى,18f8fcfdf8303020,
2806,Hazem19792019_36.jpg,منتج Hazem19792019_36,أخرى,0173ff3efee036e0,يوجد صور متطابقة/متشابهة بصرياً
2807,Hazem19792019_360.jpg,منتج Hazem19792019_360,أخرى,ffff00004400fe00,
2808,Hazem19792019_3600.jpg,منتج Hazem19792019_3600,أخرى,e5e1f1e1f0f0f0ff,
2809,Hazem19792019_3601.jpg,منتج Hazem19792019_3601,أخرى,0f3f3f3e08803800,
2810,Hazem19792019_3602.jpg,منتج Hazem19792019_3602,أخرى,b3b3b1a3a7a7a1f1,يوجد صور متطابقة/متشابهة بصرياً
2811,Hazem19792019_3603.jpg,منتج Hazem19792019_3603,أخرى,3f000103373f7ffe,
2812,Hazem19792019_3604.jpg,منتج Hazem19792019_3604,أخرى,fff3f1c181810867,
2813,Hazem19792019_3605.jpg,منتج Hazem19792019_3605,أخرى,ffc7c7810101c3ff,يوجد صور متطابقة/متشابهة بصرياً
2814,Hazem19792019_3606.jpg,منتج Hazem19792019_3606,أخرى,ffc7c380818181ff,
2815,Hazem19792019_3607.jpg,منتج Hazem19792019_3607,أخرى,287c0cfe12123e1f,
2816,Hazem19792019_3608.jpg,منتج Hazem19792019_3608,أخرى,f8ba78787c7e0000,
2817,Hazem19792019_3609.jpg,منتج Hazem19792019_3609,أخرى,fe18f800c620ecff,
2818,Hazem19792019_361.jpg,منتج Hazem19792019_361,أخرى,f0f0e020f2222080,
2819,Hazem19792019_3610.jpg,منتج Hazem19792019_3610,أخرى,048181410163f3ff,
2820,Hazem19792019_3611.jpg,منتج Hazem19792019_3611,أخرى,088e840e246effff,
2821,Hazem19792019_3612.jpg,منتج Hazem19792019_3612,أخرى,87864f0703c3c7f7,
2822,Hazem19792019_3613.jpg,منتج Hazem19792019_3613,أخرى,06061c3f0383ffff,
2823,Hazem19792019_3614.jpg,منتج Hazem19792019_3614,أخرى,81818b830000e3ff,
2824,Hazem19792019_3615.jpg,منتج Hazem19792019_3615,أخرى,1c7c6c7c74767f7f,
2825,Hazem19792019_3616.jpg,منتج Hazem19792019_3616,أخرى,067c6c4c27337fff,
2826,Hazem19792019_3617.jpg,منتج Hazem19792019_3617,أخرى,1f0101010171ffff,
2827,Hazem19792019_3618.jpg,منتج Hazem19792019_3618,أخرى,051c39701939ffff,
2828,Hazem19792019_3619.jpg,منتج Hazem19792019_3619,أخرى,01071fdb4877ff7f,
2829,Hazem19792019_362.jpg,منتج Hazem19792019_362,أخرى,dbafdfbb8020e020,
2830,Hazem19792019_3620.jpg,منتج Hazem19792019_3620,أخرى,3ff97564030945f7,
2831,Hazem19792019_3621.jpg,منتج Hazem19792019_3621,أخرى,3c604ecd187f3f3f,
2832,Hazem19792019_3622.jpg,منتج Hazem19792019_3622,أخرى,003a3eface7f7f3f,
2833,Hazem19792019_3623.jpg,منتج Hazem19792019_3623,أخرى,7f63331100000f3f,
2834,Hazem19792019_3624.jpg,منتج Hazem19792019_3624,أخرى,cf83c1c1c3c1ffff,يوجد صور متطابقة/متشابهة بصرياً
2835,Hazem19792019_3625.jpg,منتج Hazem19792019_3625,أخرى,ff8303838100ffff,
2836,Hazem19792019_3626.jpg,منتج Hazem19792019_3626,أخرى,ffff8181818181ff,
2837,Hazem19792019_3627.jpg,منتج Hazem19792019_3627,أخرى,ffe7e38181818183,
2838,Hazem19792019_3628.jpg,منتج Hazem19792019_3628,أخرى,e7e3c3c3c181c0f8,
2839,Hazem19792019_3629.jpg,منتج Hazem19792019_3629,أخرى,00f7737f3f09cb00,
2840,Hazem19792019_363.jpg,منتج Hazem19792019_363,أخرى,ff00b0f00003ffc0,
2841,Hazem19792019_3630.jpg,منتج Hazem19792019_3630,أخرى,0000686f7e7c3c0f,
2842,Hazem19792019_3631.jpg,منتج Hazem19792019_3631,أخرى,fbfbf3e1a1818000,
2843,Hazem19792019_3632.jpg,منتج Hazem19792019_3632,أخرى,dfc7d9e9c1f14140,يوجد صور متطابقة/متشابهة بصرياً
2844,Hazem19792019_3633.jpg,منتج Hazem19792019_3633,أخرى,07060683fb8d1fff,يوجد صور متطابقة/متشابهة بصرياً
2845,Hazem19792019_3634.jpg,منتج Hazem19792019_3634,أخرى,0016f190a4e7ffff,يوجد صور متطابقة/متشابهة بصرياً
2846,Hazem19792019_3635.jpg,منتج Hazem19792019_3635,أخرى,8086b2f27040ffff,يوجد صور متطابقة/متشابهة بصرياً
2847,Hazem19792019_3636.jpg,منتج Hazem19792019_3636,أخرى,fff98181b1a1b0f9,
2848,Hazem19792019_3637.jpg,منتج Hazem19792019_3637,أخرى,07060683fb8d1fff,يوجد صور متطابقة/متشابهة بصرياً
2849,Hazem19792019_3638.jpg,منتج Hazem19792019_3638,أخرى,31070707838383ff,
2850,Hazem19792019_3639.jpg,منتج Hazem19792019_3639,أخرى,7f5e1e3e7b183c7f,
2851,Hazem19792019_364.jpg,منتج Hazem19792019_364,أخرى,fffe003dff3d1700,
2852,Hazem19792019_3640.jpg,منتج Hazem19792019_3640,أخرى,21030b038080f0ff,
2853,Hazem19792019_3641.jpg,منتج Hazem19792019_3641,أخرى,38393f3f5e767e7f,
2854,Hazem19792019_3642.jpg,منتج Hazem19792019_3642,أخرى,03030381c1c1fbff,يوجد صور متطابقة/متشابهة بصرياً
2855,Hazem19792019_3643.jpg,منتج Hazem19792019_3643,أخرى,3017030f09c1f1ff,
2856,Hazem19792019_3644.jpg,منتج Hazem19792019_3644,أخرى,0000367e343effff,يوجد صور متطابقة/متشابهة بصرياً
2857,Hazem19792019_3645.jpg,منتج Hazem19792019_3645,أخرى,c20000000141ffff,
2858,Hazem19792019_3646.jpg,منتج Hazem19792019_3646,أخرى,0018004080ffffff,
2859,Hazem19792019_3647.jpg,منتج Hazem19792019_3647,أخرى,70000c2220c8feff,
2860,Hazem19792019_3648.jpg,منتج Hazem19792019_3648,أخرى,42060787014577ff,
2861,Hazem19792019_3649.jpg,منتج Hazem19792019_3649,أخرى,2801373701b7f7ff,
2862,Hazem19792019_365.jpg,منتج Hazem19792019_365,أخرى,5f1f60e0610001fc,
2863,Hazem19792019_3650.jpg,منتج Hazem19792019_3650,أخرى,9ad8c2030780f1ff,
2864,Hazem19792019_3651.jpg,منتج Hazem19792019_3651,أخرى,0408292903a3effb,
2865,Hazem19792019_3652.jpg,منتج Hazem19792019_3652,أخرى,82080a230202edff,
2866,Hazem19792019_3653.jpg,منتج Hazem19792019_3653,أخرى,3c3838387c6fdbf7,
2867,Hazem19792019_3654.jpg,منتج Hazem19792019_3654,أخرى,0b1f38301b33757f,
2868,Hazem19792019_3655.jpg,منتج Hazem19792019_3655,أخرى,902c2c080233ffff,
2869,Hazem19792019_3656.jpg,منتج Hazem19792019_3656,أخرى,3f7c0c3c302b2dff,
2870,Hazem19792019_3657.jpg,منتج Hazem19792019_3657,أخرى,3f4a3f091a091bff,
2871,Hazem19792019_3658.jpg,منتج Hazem19792019_3658,أخرى,09458c610101fffd,
2872,Hazem19792019_3659.jpg,منتج Hazem19792019_3659,أخرى,434241430181c1f7,
2873,Hazem19792019_366.jpg,منتج Hazem19792019_366,أخرى,ffff00000000ff80,يوجد صور متطابقة/متشابهة بصرياً
2874,Hazem19792019_3660.jpg,منتج Hazem19792019_3660,أخرى,271008202303f7ff,
2875,Hazem19792019_3661.jpg,منتج Hazem19792019_3661,أخرى,848494920703efeb,
2876,Hazem19792019_3662.jpg,منتج Hazem19792019_3662,أخرى,3030303022a4f4ff,
2877,Hazem19792019_3663.jpg,منتج Hazem19792019_3663,أخرى,7f684242026a81ff,
2878,Hazem19792019_3664.jpg,منتج Hazem19792019_3664,أخرى,e36070610303e3e3,
2879,Hazem19792019_3665.jpg,منتج Hazem19792019_3665,أخرى,002c3400016fffff,
2880,Hazem19792019_3666.jpg,منتج Hazem19792019_3666,أخرى,c640d1c30703a3e3,
2881,Hazem19792019_3667.jpg,منتج Hazem19792019_3667,أخرى,18fcc07c647c7cfd,
2882,Hazem19792019_3668.jpg,منتج Hazem19792019_3668,أخرى,030808080313ffff,
2883,Hazem19792019_3669.jpg,منتج Hazem19792019_3669,أخرى,0207070707072fff,
2884,Hazem19792019_367.jpg,منتج Hazem19792019_367,أخرى,36200016b6e0a2ff,
2885,Hazem19792019_3670.jpg,منتج Hazem19792019_3670,أخرى,fffe6e662630705c,
2886,Hazem19792019_3671.jpg,منتج Hazem19792019_3671,أخرى,fff02000707f01f1,
2887,Hazem19792019_3672.jpg,منتج Hazem19792019_3672,أخرى,18606060a1e1517f,
2888,Hazem19792019_3673.jpg,منتج Hazem19792019_3673,أخرى,007e7f73676270ff,
2889,Hazem19792019_3674.jpg,منتج Hazem19792019_3674,أخرى,047c7f436175397f,
2890,Hazem19792019_3675.jpg,منتج Hazem19792019_3675,أخرى,fbff28202121f8fe,
2891,Hazem19792019_3676.jpg,منتج Hazem19792019_3676,أخرى,373000400323c3ff,
2892,Hazem19792019_3677.jpg,منتج Hazem19792019_3677,أخرى,9b12120081a5e1ff,
2893,Hazem19792019_3678.jpg,منتج Hazem19792019_3678,أخرى,001b7b7f7f6480ff,
2894,Hazem19792019_3679.jpg,منتج Hazem19792019_3679,أخرى,001d045dfdb900cc,
2895,Hazem19792019_368.jpg,منتج Hazem19792019_368,أخرى,00002021017dffff,
2896,Hazem19792019_3680.jpg,منتج Hazem19792019_3680,أخرى,00e4ac767fffffff,
2897,Hazem19792019_3681.jpg,منتج Hazem19792019_3681,أخرى,40e07860002377ff,
2898,Hazem19792019_3682.jpg,منتج Hazem19792019_3682,أخرى,007c1c047f27fcfe,
2899,Hazem19792019_3683.jpg,منتج Hazem19792019_3683,أخرى,191404000393e3ff,
2900,Hazem19792019_3684.jpg,منتج Hazem19792019_3684,أخرى,302016110133f3ff,
2901,Hazem19792019_3685.jpg,منتج Hazem19792019_3685,أخرى,06060000163f7fff,
2902,Hazem19792019_3686.jpg,منتج Hazem19792019_3686,أخرى,021e1e243b397fff,
2903,Hazem19792019_3687.jpg,منتج Hazem19792019_3687,أخرى,64782060fd4c68ff,
2904,Hazem19792019_3688.jpg,منتج Hazem19792019_3688,أخرى,f8183801a222f7ff,
2905,Hazem19792019_3689.jpg,منتج Hazem19792019_3689,أخرى,4020348944f4ffff,
2906,Hazem19792019_369.jpg,منتج Hazem19792019_369,أخرى,0000027039ffffff,
2907,Hazem19792019_3690.jpg,منتج Hazem19792019_3690,أخرى,fcdc08083312f2ff,
2908,Hazem19792019_3691.jpg,منتج Hazem19792019_3691,أخرى,fe1a10f04072e5ff,
2909,Hazem19792019_3692.jpg,منتج Hazem19792019_3692,أخرى,6c24074f53497b7f,
2910,Hazem19792019_3693.jpg,منتج Hazem19792019_3693,أخرى,7672301c8860fcff,
2911,Hazem19792019_3694.jpg,منتج Hazem19792019_3694,أخرى,7c387c38df7e7e7c,
2912,Hazem19792019_3695.jpg,منتج Hazem19792019_3695,أخرى,38183826c667efff,
2913,Hazem19792019_3696.jpg,منتج Hazem19792019_3696,أخرى,7c767c7c34713d75,
2914,Hazem19792019_3697.jpg,منتج Hazem19792019_3697,أخرى,3080004020d1ffff,
2915,Hazem19792019_3698.jpg,منتج Hazem19792019_3698,أخرى,1c00000000ffffff,
2916,Hazem19792019_3699.jpg,منتج Hazem19792019_3699,أخرى,fcfcc27c4c7c7c74,
2917,Hazem19792019_370.jpg,منتج Hazem19792019_370,أخرى,3c1820a52000f9ff,
2918,Hazem19792019_3700.jpg,منتج Hazem19792019_3700,أخرى,3f0e10fe007e007f,يوجد صور متطابقة/متشابهة بصرياً
2919,Hazem19792019_3701.jpg,منتج Hazem19792019_3701,أخرى,7f7d4d486c26667f,
2920,Hazem19792019_3702.jpg,منتج Hazem19792019_3702,أخرى,6c3c3c30f67276ff,
2921,Hazem19792019_3703.jpg,منتج Hazem19792019_3703,أخرى,1cfc80fcc0d979f9,
2922,Hazem19792019_3704.jpg,منتج Hazem19792019_3704,أخرى,000e3f111f1f117f,
2923,Hazem19792019_3705.jpg,منتج Hazem19792019_3705,أخرى,3f0e10fe007e007f,يوجد صور متطابقة/متشابهة بصرياً
2924,Hazem19792019_3706.jpg,منتج Hazem19792019_3706,أخرى,6f0d38050d1d2f3f,
2925,Hazem19792019_3707.jpg,منتج Hazem19792019_3707,أخرى,7f5f7a6871293929,
2926,Hazem19792019_3708.jpg,منتج Hazem19792019_3708,أخرى,78445c714d39207e,
2927,Hazem19792019_3709.jpg,منتج Hazem19792019_3709,أخرى,465e30003d318fbb,
2928,Hazem19792019_371.jpg,منتج Hazem19792019_371,أخرى,00dfffffde068000,يوجد صور متطابقة/متشابهة بصرياً
2929,Hazem19792019_3710.jpg,منتج Hazem19792019_3710,أخرى,0007e3064647ffff,
2930,Hazem19792019_3711.jpg,منتج Hazem19792019_3711,أخرى,001bff384c4cffff,
2931,Hazem19792019_3712.jpg,منتج Hazem19792019_3712,أخرى,7e6862727f79e17b,
2932,Hazem19792019_3713.jpg,منتج Hazem19792019_3713,أخرى,00002cff191d7fff,
2933,Hazem19792019_3714.jpg,منتج Hazem19792019_3714,أخرى,7e808081018181ff,
2934,Hazem19792019_3715.jpg,منتج Hazem19792019_3715,أخرى,81b800180010fdff,
2935,Hazem19792019_3716.jpg,منتج Hazem19792019_3716,أخرى,c06f00670126ffff,
2936,Hazem19792019_3717.jpg,منتج Hazem19792019_3717,أخرى,020047004600ffff,
2937,Hazem19792019_3718.jpg,منتج Hazem19792019_3718,أخرى,841505050501ffff,
2938,Hazem19792019_3719.jpg,منتج Hazem19792019_3719,أخرى,3f70003a211f3b37,
2939,Hazem19792019_3720.jpg,منتج Hazem19792019_3720,أخرى,787c3c3c283c3cff,
2940,Hazem19792019_3721.jpg,منتج Hazem19792019_3721,أخرى,c8fc7c7c283c7cff,
2941,Hazem19792019_3722.jpg,منتج Hazem19792019_3722,أخرى,f0f83838283e7eff,
2942,Hazem19792019_3723.jpg,منتج Hazem19792019_3723,أخرى,3b783838283e7eff,
2943,Hazem19792019_3724.jpg,منتج Hazem19792019_3724,أخرى,847c7c2c247c80ff,
2944,Hazem19792019_3725.jpg,منتج Hazem19792019_3725,أخرى,810101010178c3ff,
2945,Hazem19792019_3726.jpg,منتج Hazem19792019_3726,أخرى,01010e242e6cedff,
2946,Hazem19792019_3727.jpg,منتج Hazem19792019_3727,أخرى,fff7030300c0ffff,
2947,Hazem19792019_3728.jpg,منتج Hazem19792019_3728,أخرى,ffffef81818181ff,
2948,Hazem19792019_3729.jpg,منتج Hazem19792019_3729,أخرى,3effff7fe0e2f280,
2949,Hazem19792019_373.jpg,منتج Hazem19792019_373,أخرى,007f7f1f7f7f3f00,يوجد صور متطابقة/متشابهة بصرياً
2950,Hazem19792019_3730.jpg,منتج Hazem19792019_3730,أخرى,fffbc3c3e7c1d9ff,
2951,Hazem19792019_3731.jpg,منتج Hazem19792019_3731,أخرى,f7f3e7e7c7c3c3e7,
2952,Hazem19792019_3732.jpg,منتج Hazem19792019_3732,أخرى,fff7f3838381078f,
2953,Hazem19792019_3733.jpg,منتج Hazem19792019_3733,أخرى,fffff8381909ffff,
2954,Hazem19792019_3734.jpg,منتج Hazem19792019_3734,أخرى,bf6f263e42b081b8,
2955,Hazem19792019_3735.jpg,منتج Hazem19792019_3735,أخرى,d3d3580ec088c1ff,
2956,Hazem19792019_3736.jpg,منتج Hazem19792019_3736,أخرى,b7b68238c28611ff,
2957,Hazem19792019_3737.jpg,منتج Hazem19792019_3737,أخرى,00fccc9cf8ca98f8,
2958,Hazem19792019_3738.jpg,منتج Hazem19792019_3738,أخرى,0037ff903fff91bf,
2959,Hazem19792019_3739.jpg,منتج Hazem19792019_3739,أخرى,1ef6fe04042c2d53,
2960,Hazem19792019_374.jpg,منتج Hazem19792019_374,أخرى,007c7e7e76606000,
2961,Hazem19792019_3740.jpg,منتج Hazem19792019_3740,أخرى,97d69380c893c1d1,
2962,Hazem19792019_3741.jpg,منتج Hazem19792019_3741,أخرى,80e7ff0540ef8fc1,يوجد صور متطابقة/متشابهة بصرياً
2963,Hazem19792019_3742.jpg,منتج Hazem19792019_3742,أخرى,80e7ff0540ef8fc1,يوجد صور متطابقة/متشابهة بصرياً
2964,Hazem19792019_3743.jpg,منتج Hazem19792019_3743,أخرى,26e0b83c20f8b983,
2965,Hazem19792019_3744.jpg,منتج Hazem19792019_3744,أخرى,0638303f309eb97f,
2966,Hazem19792019_3745.jpg,منتج Hazem19792019_3745,أخرى,60fdfd415d899f00,
2967,Hazem19792019_3746.jpg,منتج Hazem19792019_3746,أخرى,3c3c7c7d7d7c0060,
2968,Hazem19792019_3747.jpg,منتج Hazem19792019_3747,أخرى,9fbffe387a521200,
2969,Hazem19792019_3748.jpg,منتج Hazem19792019_3748,أخرى,077f707c7c788002,
2970,Hazem19792019_3749.jpg,منتج Hazem19792019_3749,أخرى,3cf5f569797978f8,
2971,Hazem19792019_375.jpg,منتج Hazem19792019_375,أخرى,58626272723e3f3e,
2972,Hazem19792019_3750.jpg,منتج Hazem19792019_3750,أخرى,3e5efefe0302001f,
2973,Hazem19792019_3751.jpg,منتج Hazem19792019_3751,أخرى,fec048020840ff0b,
2974,Hazem19792019_3752.jpg,منتج Hazem19792019_3752,أخرى,00006e1b11de9e9f,
2975,Hazem19792019_3754.jpg,منتج Hazem19792019_3754,أخرى,40c40f0e0e0e2cfe,يوجد صور متطابقة/متشابهة بصرياً
2976,Hazem19792019_3755.jpg,منتج Hazem19792019_3755,أخرى,07070702e0e0f341,يوجد صور متطابقة/متشابهة بصرياً
2977,Hazem19792019_3756.jpg,منتج Hazem19792019_3756,أخرى,e8e0bcf8a8f0a260,يوجد صور متطابقة/متشابهة بصرياً
2978,Hazem19792019_3757.jpg,منتج Hazem19792019_3757,أخرى,00000000dbffe7ff,يوجد صور متطابقة/متشابهة بصرياً
2979,Hazem19792019_3758.jpg,منتج Hazem19792019_3758,أخرى,fbc9e90141c1c07c,يوجد صور متطابقة/متشابهة بصرياً
2980,Hazem19792019_3759.jpg,منتج Hazem19792019_3759,أخرى,1edaf6f2f0e092f0,يوجد صور متطابقة/متشابهة بصرياً
2981,Hazem19792019_376.jpg,منتج Hazem19792019_376,أخرى,ffff00cec603070f,يوجد صور متطابقة/متشابهة بصرياً
2982,Hazem19792019_3760.jpg,منتج Hazem19792019_3760,أخرى,e7e7e7e7e6660000,يوجد صور متطابقة/متشابهة بصرياً
2983,Hazem19792019_3761.jpg,منتج Hazem19792019_3761,أخرى,bfc38183c0e1e3e3,يوجد صور متطابقة/متشابهة بصرياً
2984,Hazem19792019_3762.jpg,منتج Hazem19792019_3762,أخرى,fffcbcc3c3c3c300,يوجد صور متطابقة/متشابهة بصرياً
2985,Hazem19792019_3763.jpg,منتج Hazem19792019_3763,أخرى,9f0f0f0f0f0f0f0f,يوجد صور متطابقة/متشابهة بصرياً
2986,Hazem19792019_3764.jpg,منتج Hazem19792019_3764,أخرى,6323f37f3e1e0c04,يوجد صور متطابقة/متشابهة بصرياً
2987,Hazem19792019_3765.jpg,منتج Hazem19792019_3765,أخرى,fefcecc02038fc3c,
2988,Hazem19792019_3766.jpg,منتج Hazem19792019_3766,أخرى,6523631b1b199d4f,يوجد صور متطابقة/متشابهة بصرياً
2989,Hazem19792019_3767.jpg,منتج Hazem19792019_3767,أخرى,7f477f013f3f0500,يوجد صور متطابقة/متشابهة بصرياً
2990,Hazem19792019_3768.jpg,منتج Hazem19792019_3768,أخرى,c78781019f8fcfef,يوجد صور متطابقة/متشابهة بصرياً
2991,Hazem19792019_3769.jpg,منتج Hazem19792019_3769,أخرى,8f0d0f0fe7a323e7,يوجد صور متطابقة/متشابهة بصرياً
2992,Hazem19792019_377.jpg,منتج Hazem19792019_377,أخرى,187e7e7c7c00067e,
2993,Hazem19792019_3770.jpg,منتج Hazem19792019_3770,أخرى,6323f37f3e1e0c04,يوجد صور متطابقة/متشابهة بصرياً
2994,Hazem19792019_3771.jpg,منتج Hazem19792019_3771,أخرى,ffdfa3c3c38383ef,يوجد صور متطابقة/متشابهة بصرياً
2995,Hazem19792019_3772.jpg,منتج Hazem19792019_3772,أخرى,f8c0f0f7df83c16f,
2996,Hazem19792019_3773.jpg,منتج Hazem19792019_3773,أخرى,810008085f3ebcff,يوجد صور متطابقة/متشابهة بصرياً
2997,Hazem19792019_3774.jpg,منتج Hazem19792019_3774,أخرى,ff81819d9991c1cf,يوجد صور متطابقة/متشابهة بصرياً
2998,Hazem19792019_3775.jpg,منتج Hazem19792019_3775,أخرى,0016f190a4e7ffff,يوجد صور متطابقة/متشابهة بصرياً
2999,Hazem19792019_3776.jpg,منتج Hazem19792019_3776,أخرى,8086b2f27040ffff,يوجد صور متطابقة/متشابهة بصرياً
3000,Hazem19792019_3777.jpg,منتج Hazem19792019_3777,أخرى,cf83c1c1c3c1ffff,يوجد صور متطابقة/متشابهة بصرياً
3001,Hazem19792019_3778.jpg,منتج Hazem19792019_3778,أخرى,07060683fb8d1fff,يوجد صور متطابقة/متشابهة بصرياً
3002,Hazem19792019_3779.jpg,منتج Hazem19792019_3779,أخرى,dfc7d9e9c1f14140,يوجد صور متطابقة/متشابهة بصرياً
3003,Hazem19792019_378.jpg,منتج Hazem19792019_378,أخرى,ffff00000a2faefe,
3004,Hazem19792019_3780.jpg,منتج Hazem19792019_3780,أخرى,0000367e343effff,يوجد صور متطابقة/متشابهة بصرياً
3005,Hazem19792019_3781.jpg,منتج Hazem19792019_3781,أخرى,03030381c1c1fbff,يوجد صور متطابقة/متشابهة بصرياً
3006,Hazem19792019_3782.jpg,منتج Hazem19792019_3782,أخرى,e747c3e7fb9307cf,يوجد صور متطابقة/متشابهة بصرياً
3007,Hazem19792019_3783.jpg,منتج Hazem19792019_3783,أخرى,7f0b7f7bcb8bfb01,
3008,Hazem19792019_3784.jpg,منتج Hazem19792019_3784,أخرى,fc1c7e7e1e3f3f00,يوجد صور متطابقة/متشابهة بصرياً
3009,Hazem19792019_3785.jpg,منتج Hazem19792019_3785,أخرى,0070f8f07f7f7f02,يوجد صور متطابقة/متشابهة بصرياً
3010,Hazem19792019_3786.jpg,منتج Hazem19792019_3786,أخرى,7c47c7362078c7ff,يوجد صور متطابقة/متشابهة بصرياً
3011,Hazem19792019_3787.jpg,منتج Hazem19792019_3787,أخرى,ffffe08485a080f1,
3012,Hazem19792019_3788.jpg,منتج Hazem19792019_3788,أخرى,ffff000301000000,
3013,Hazem19792019_3789.jpg,منتج Hazem19792019_3789,أخرى,000076fffeffc000,
3014,Hazem19792019_379.jpg,منتج Hazem19792019_379,أخرى,bf17133711991d9f,
3015,Hazem19792019_3790.jpg,منتج Hazem19792019_3790,أخرى,000323fbfb8000fd,
3016,Hazem19792019_3791.jpg,منتج Hazem19792019_3791,أخرى,5e7eeeeea4a0a8ef,
3017,Hazem19792019_3792.jpg,منتج Hazem19792019_3792,أخرى,80c07f7f7f7b0101,
3018,Hazem19792019_3793.jpg,منتج Hazem19792019_3793,أخرى,c20333239fb98909,
3019,Hazem19792019_3794.jpg,منتج Hazem19792019_3794,أخرى,ec8000337f7f7800,
3020,Hazem19792019_3795.jpg,منتج Hazem19792019_3795,أخرى,9b99b8bc787b7b3f,
3021,Hazem19792019_3796.jpg,منتج Hazem19792019_3796,أخرى,fc1c7e7e1e3f3f00,يوجد صور متطابقة/متشابهة بصرياً
3022,Hazem19792019_3797.jpg,منتج Hazem19792019_3797,أخرى,0f2f75fd8f8e0600,
3023,Hazem19792019_3798.jpg,منتج Hazem19792019_3798,أخرى,0d010d9181dbc9f8,يوجد صور متطابقة/متشابهة بصرياً
3024,Hazem19792019_3799.jpg,منتج Hazem19792019_3799,أخرى,00027f7e66fefeb4,
3025,Hazem19792019_38.jpg,منتج Hazem19792019_38,أخرى,0038fceefefef80c,
3026,Hazem19792019_380.jpg,منتج Hazem19792019_380,أخرى,78007afef070b000,
3027,Hazem19792019_3800.jpg,منتج Hazem19792019_3800,أخرى,8f042133216363ff,
3028,Hazem19792019_3801.jpg,منتج Hazem19792019_3801,أخرى,44988826ff6f302e,يوجد صور متطابقة/متشابهة بصرياً
3029,Hazem19792019_3802.jpg,منتج Hazem19792019_3802,أخرى,0070f8f07f7f7f02,يوجد صور متطابقة/متشابهة بصرياً
3030,Hazem19792019_3803.jpg,منتج Hazem19792019_3803,أخرى,001c3e3e3808dcce,يوجد صور متطابقة/متشابهة بصرياً
3031,Hazem19792019_3804.jpg,منتج Hazem19792019_3804,أخرى,f0fe7f0000010bff,يوجد صور متطابقة/متشابهة بصرياً
3032,Hazem19792019_3805.jpg,منتج Hazem19792019_3805,أخرى,123e2f0f7fe7e703,يوجد صور متطابقة/متشابهة بصرياً
3033,Hazem19792019_3806.jpg,منتج Hazem19792019_3806,أخرى,3c3cffffff391018,
3034,Hazem19792019_3807.jpg,منتج Hazem19792019_3807,أخرى,3e3e766e6efede00,يوجد صور متطابقة/متشابهة بصرياً
3035,Hazem19792019_3808.jpg,منتج Hazem19792019_3808,أخرى,d0feceeafb80c660,
3036,Hazem19792019_3809.jpg,منتج Hazem19792019_3809,أخرى,6523631b1b199d4f,يوجد صور متطابقة/متشابهة بصرياً
3037,Hazem19792019_381.jpg,منتج Hazem19792019_381,أخرى,ff8080b39082baff,
3038,Hazem19792019_3810.jpg,منتج Hazem19792019_3810,أخرى,22ff1e5eff7e3e20,يوجد صور متطابقة/متشابهة بصرياً
3039,Hazem19792019_3811.jpg,منتج Hazem19792019_3811,أخرى,0000ffffffffffef,
3040,Hazem19792019_3812.jpg,منتج Hazem19792019_3812,أخرى,fe831ed642664266,
3041,Hazem19792019_3813.jpg,منتج Hazem19792019_3813,أخرى,c587d5690927010f,يوجد صور متطابقة/متشابهة بصرياً
3042,Hazem19792019_3814.jpg,منتج Hazem19792019_3814,أخرى,9f3d3c0c1eb2f6fe,يوجد صور متطابقة/متشابهة بصرياً
3043,Hazem19792019_3815.jpg,منتج Hazem19792019_3815,أخرى,df8c1e3c03307fff,يوجد صور متطابقة/متشابهة بصرياً
3044,Hazem19792019_3816.jpg,منتج Hazem19792019_3816,أخرى,0efc000004fc4f7f,يوجد صور متطابقة/متشابهة بصرياً
3045,Hazem19792019_3817.jpg,منتج Hazem19792019_3817,أخرى,00000000dbffe7ff,يوجد صور متطابقة/متشابهة بصرياً
3046,Hazem19792019_3818.jpg,منتج Hazem19792019_3818,أخرى,000017371fdfffbf,يوجد صور متطابقة/متشابهة بصرياً
3047,Hazem19792019_3819.jpg,منتج Hazem19792019_3819,أخرى,c1013f3f0e7effe3,يوجد صور متطابقة/متشابهة بصرياً
3048,Hazem19792019_382.jpg,منتج Hazem19792019_382,أخرى,fce0fcfc6c200001,
3049,Hazem19792019_3820.jpg,منتج Hazem19792019_3820,أخرى,008cf8f9f1e0fbdf,يوجد صور متطابقة/متشابهة بصرياً
3050,Hazem19792019_3821.jpg,منتج Hazem19792019_3821,أخرى,007c7cf4fcfcf8fc,يوجد صور متطابقة/متشابهة بصرياً
3051,Hazem19792019_3822.jpg,منتج Hazem19792019_3822,أخرى,e7f730002400c1df,
3052,Hazem19792019_3823.jpg,منتج Hazem19792019_3823,أخرى,dcc7ffbcacb82981,يوجد صور متطابقة/متشابهة بصرياً
3053,Hazem19792019_3824.jpg,منتج Hazem19792019_3824,أخرى,c08001fe7e5f7f4f,يوجد صور متطابقة/متشابهة بصرياً
3054,Hazem19792019_3825.jpg,منتج Hazem19792019_3825,أخرى,0d3f3f3dbdf88800,يوجد صور متطابقة/متشابهة بصرياً
3055,Hazem19792019_3826.jpg,منتج Hazem19792019_3826,أخرى,fefefec64058100c,
3056,Hazem19792019_3827.jpg,منتج Hazem19792019_3827,أخرى,0e3c7fffffff1038,
3057,Hazem19792019_3828.jpg,منتج Hazem19792019_3828,أخرى,36fefee6c6dc7810,
3058,Hazem19792019_3829.jpg,منتج Hazem19792019_3829,أخرى,3f00009888fffcf8,
3059,Hazem19792019_383.jpg,منتج Hazem19792019_383,أخرى,9f9999bbf9f1b1b7,يوجد صور متطابقة/متشابهة بصرياً
3060,Hazem19792019_3830.jpg,منتج Hazem19792019_3830,أخرى,fff880fbffffc700,
3061,Hazem19792019_3831.jpg,منتج Hazem19792019_3831,أخرى,0000ffffdc0200ff,
3062,Hazem19792019_3832.jpg,منتج Hazem19792019_3832,أخرى,3088181c1d8f7f3f,
3063,Hazem19792019_3833.jpg,منتج Hazem19792019_3833,أخرى,7c7efe7c3e3e3000,
3064,Hazem19792019_3834.jpg,منتج Hazem19792019_3834,أخرى,00bfdf4e33df9f8e,
3065,Hazem19792019_3835.jpg,منتج Hazem19792019_3835,أخرى,017f2f2f470f0080,
3066,Hazem19792019_3836.jpg,منتج Hazem19792019_3836,أخرى,38f8c8fcfcfcc4c4,
3067,Hazem19792019_3837.jpg,منتج Hazem19792019_3837,أخرى,ff81819d9991c1cf,يوجد صور متطابقة/متشابهة بصرياً
3068,Hazem19792019_3838.jpg,منتج Hazem19792019_3838,أخرى,001b3f7fffdfcfff,
3069,Hazem19792019_3839.jpg,منتج Hazem19792019_3839,أخرى,c78781019f8fcfef,يوجد صور متطابقة/متشابهة بصرياً
3070,Hazem19792019_384.jpg,منتج Hazem19792019_384,أخرى,007e7efefe7c0c00,يوجد صور متطابقة/متشابهة بصرياً
3071,Hazem19792019_3840.jpg,منتج Hazem19792019_3840,أخرى,77f7e7e7c38383cf,
3072,Hazem19792019_3841.jpg,منتج Hazem19792019_3841,أخرى,ffffefef032f0000,يوجد صور متطابقة/متشابهة بصرياً
3073,Hazem19792019_3842.jpg,منتج Hazem19792019_3842,أخرى,08c8fa7e7eecee00,يوجد صور متطابقة/متشابهة بصرياً
3074,Hazem19792019_3843.jpg,منتج Hazem19792019_3843,أخرى,9f0f0f0f0f0f0f0f,يوجد صور متطابقة/متشابهة بصرياً
3075,Hazem19792019_3844.jpg,منتج Hazem19792019_3844,أخرى,fffcbcc3c3c3c300,يوجد صور متطابقة/متشابهة بصرياً
3076,Hazem19792019_3845.jpg,منتج Hazem19792019_3845,أخرى,bfc38183c0e1e3e3,يوجد صور متطابقة/متشابهة بصرياً
3077,Hazem19792019_3846.jpg,منتج Hazem19792019_3846,أخرى,fe8cc2d2d998dcf8,
3078,Hazem19792019_3847.jpg,منتج Hazem19792019_3847,أخرى,fbc9e90141c1c07c,يوجد صور متطابقة/متشابهة بصرياً
3079,Hazem19792019_3848.jpg,منتج Hazem19792019_3848,أخرى,01706606363c3e05,يوجد صور متطابقة/متشابهة بصرياً
3080,Hazem19792019_3849.jpg,منتج Hazem19792019_3849,أخرى,f8f8d88880c0e8e5,
3081,Hazem19792019_385.jpg,منتج Hazem19792019_385,أخرى,d6f8fec286007eff,
3082,Hazem19792019_3850.jpg,منتج Hazem19792019_3850,أخرى,e7e7e7e7e6660000,يوجد صور متطابقة/متشابهة بصرياً
3083,Hazem19792019_3851.jpg,منتج Hazem19792019_3851,أخرى,e8e0bcf8a8f0a260,يوجد صور متطابقة/متشابهة بصرياً
3084,Hazem19792019_3852.jpg,منتج Hazem19792019_3852,أخرى,007e7e7e7e037e00,يوجد صور متطابقة/متشابهة بصرياً
3085,Hazem19792019_3853.jpg,منتج Hazem19792019_3853,أخرى,40c40f0e0e0e2cfe,يوجد صور متطابقة/متشابهة بصرياً
3086,Hazem19792019_3854.jpg,منتج Hazem19792019_3854,أخرى,1f0d0cedefe9080b,
3087,Hazem19792019_3855.jpg,منتج Hazem19792019_3855,أخرى,7c6a530757272300,يوجد صور متطابقة/متشابهة بصرياً
3088,Hazem19792019_3856.jpg,منتج Hazem19792019_3856,أخرى,07070702e0e0f341,يوجد صور متطابقة/متشابهة بصرياً
3089,Hazem19792019_3857.jpg,منتج Hazem19792019_3857,أخرى,020f18181f7b831b,
3090,Hazem19792019_3858.jpg,منتج Hazem19792019_3858,أخرى,3c3c0153d0d2c3c1,يوجد صور متطابقة/متشابهة بصرياً
3091,Hazem19792019_3859.jpg,منتج Hazem19792019_3859,أخرى,ff004000009dcdf7,يوجد صور متطابقة/متشابهة بصرياً
3092,Hazem19792019_386.jpg,منتج Hazem19792019_386,أخرى,3c7c7e7e327e32f2,
3093,Hazem19792019_3860.jpg,منتج Hazem19792019_3860,أخرى,007fc3830f01f4ff,
3094,Hazem19792019_3861.jpg,منتج Hazem19792019_3861,أخرى,8101010000ffffff,يوجد صور متطابقة/متشابهة بصرياً
3095,Hazem19792019_3862.jpg,منتج Hazem19792019_3862,أخرى,f78101000001ffff,
3096,Hazem19792019_3863.jpg,منتج Hazem19792019_3863,أخرى,032010007ffff33f,يوجد صور متطابقة/متشابهة بصرياً
3097,Hazem19792019_3864.jpg,منتج Hazem19792019_3864,أخرى,001c0c7f3f3f7f71,
3098,Hazem19792019_3865.jpg,منتج Hazem19792019_3865,أخرى,00000082fffff702,يوجد صور متطابقة/متشابهة بصرياً
3099,Hazem19792019_3866.jpg,منتج Hazem19792019_3866,أخرى,031b1b5c3afbfa30,يوجد صور متطابقة/متشابهة بصرياً
3100,Hazem19792019_3867.jpg,منتج Hazem19792019_3867,أخرى,3c783d7b007f031f,
3101,Hazem19792019_3868.jpg,منتج Hazem19792019_3868,أخرى,c1e0cce1e1fce8e0,
3102,Hazem19792019_3869.jpg,منتج Hazem19792019_3869,أخرى,80cefefefee60000,
3103,Hazem19792019_387.jpg,منتج Hazem19792019_387,أخرى,d6f8fec206003efe,
3104,Hazem19792019_3870.jpg,منتج Hazem19792019_3870,أخرى,8080bc2f1f2fffff,
3105,Hazem19792019_3871.jpg,منتج Hazem19792019_3871,أخرى,feffcf878f816020,
3106,Hazem19792019_3872.jpg,منتج Hazem19792019_3872,أخرى,c100003fb7fffffe,
3107,Hazem19792019_3873.jpg,منتج Hazem19792019_3873,أخرى,fec343c3c7febefc,
3108,Hazem19792019_3874.jpg,منتج Hazem19792019_3874,أخرى,00009bff7e7ee3bf,
3109,Hazem19792019_3875.jpg,منتج Hazem19792019_3875,أخرى,000027819891eff3,
3110,Hazem19792019_3876.jpg,منتج Hazem19792019_3876,أخرى,f8187c5ce05939fb,
3111,Hazem19792019_3877.jpg,منتج Hazem19792019_3877,أخرى,fefe0090000103ff,
3112,Hazem19792019_3878.jpg,منتج Hazem19792019_3878,أخرى,00fe6e71f07d34f3,
3113,Hazem19792019_3879.jpg,منتج Hazem19792019_3879,أخرى,10fe0c7c70bc2cfb,
3114,Hazem19792019_388.jpg,منتج Hazem19792019_388,أخرى,3c7c7e7e327632f2,
3115,Hazem19792019_3880.jpg,منتج Hazem19792019_3880,أخرى,f81e7662601427ff,
3116,Hazem19792019_3881.jpg,منتج Hazem19792019_3881,أخرى,78191a3a30987bff,
3117,Hazem19792019_3882.jpg,منتج Hazem19792019_3882,أخرى,ff40306070fdb0f1,
3118,Hazem19792019_3883.jpg,منتج Hazem19792019_3883,أخرى,00fc7c74703cb1ff,
3119,Hazem19792019_3884.jpg,منتج Hazem19792019_3884,أخرى,fce02264e07135fd,
3120,Hazem19792019_3885.jpg,منتج Hazem19792019_3885,أخرى,073e1f1c809c5dff,
3121,Hazem19792019_3886.jpg,منتج Hazem19792019_3886,أخرى,f8706c7818fab1be,
3122,Hazem19792019_3887.jpg,منتج Hazem19792019_3887,أخرى,fe721e1600fe9e81,
3123,Hazem19792019_3888.jpg,منتج Hazem19792019_3888,أخرى,1b7e000101b7a3ff,
3124,Hazem19792019_3889.jpg,منتج Hazem19792019_3889,أخرى,15ccc4c78101d3f3,
3125,Hazem19792019_389.jpg,منتج Hazem19792019_389,أخرى,7f7f7f7f1200003f,
3126,Hazem19792019_3890.jpg,منتج Hazem19792019_3890,أخرى,fff904020005a9a1,
3127,Hazem19792019_3891.jpg,منتج Hazem19792019_3891,أخرى,00335999195d65ff,
3128,Hazem19792019_3892.jpg,منتج Hazem19792019_3892,أخرى,2f2aa983000272cf,
3129,Hazem19792019_3893.jpg,منتج Hazem19792019_3893,أخرى,e8fc0161ef0163ef,
3130,Hazem19792019_3894.jpg,منتج Hazem19792019_3894,أخرى,c3dbc0c401818df9,
3131,Hazem19792019_3895.jpg,منتج Hazem19792019_3895,أخرى,31b090b3070465fd,
3132,Hazem19792019_3896.jpg,منتج Hazem19792019_3896,أخرى,9e8f8ec78282b3df,
3133,Hazem19792019_3897.jpg,منتج Hazem19792019_3897,أخرى,0073fb9bd950707f,
3134,Hazem19792019_3898.jpg,منتج Hazem19792019_3898,أخرى,0600002220f1ffff,
3135,Hazem19792019_3899.jpg,منتج Hazem19792019_3899,أخرى,27058487050189e3,
3136,Hazem19792019_39.jpg,منتج Hazem19792019_39,أخرى,510084cecd49e4cf,يوجد صور متطابقة/متشابهة بصرياً
3137,Hazem19792019_390.jpg,منتج Hazem19792019_390,أخرى,f0f0f4f0bcfc073c,
3138,Hazem19792019_3900.jpg,منتج Hazem19792019_3900,أخرى,0696d7c3012581ff,
3139,Hazem19792019_3901.jpg,منتج Hazem19792019_3901,أخرى,0c8800012783ffff,
3140,Hazem19792019_3902.jpg,منتج Hazem19792019_3902,أخرى,01020001870fffff,
3141,Hazem19792019_3903.jpg,منتج Hazem19792019_3903,أخرى,9a06c4c3228081ff,
3142,Hazem19792019_3904.jpg,منتج Hazem19792019_3904,أخرى,0d8ac8c0010181ff,
3143,Hazem19792019_3905.jpg,منتج Hazem19792019_3905,أخرى,802e56d600bf3dff,
3144,Hazem19792019_3906.jpg,منتج Hazem19792019_3906,أخرى,03c8c8c38381a5ed,
3145,Hazem19792019_3907.jpg,منتج Hazem19792019_3907,أخرى,042d8701c684e1fb,
3146,Hazem19792019_3908.jpg,منتج Hazem19792019_3908,أخرى,868fc787c0c060ff,
3147,Hazem19792019_3909.jpg,منتج Hazem19792019_3909,أخرى,01c3e306c180e3ff,
3148,Hazem19792019_391.jpg,منتج Hazem19792019_391,أخرى,0040ece8dceafdfd,
3149,Hazem19792019_3910.jpg,منتج Hazem19792019_3910,أخرى,fc008c80f7cfff70,
3150,Hazem19792019_3911.jpg,منتج Hazem19792019_3911,أخرى,ffa7a6a600002626,
3151,Hazem19792019_3912.jpg,منتج Hazem19792019_3912,أخرى,63e2406c4c68e8f3,
3152,Hazem19792019_3913.jpg,منتج Hazem19792019_3913,أخرى,ff772e0c00222600,
3153,Hazem19792019_3914.jpg,منتج Hazem19792019_3914,أخرى,fffe663064006666,
3154,Hazem19792019_3915.jpg,منتج Hazem19792019_3915,أخرى,434303030b0babf7,
3155,Hazem19792019_3916.jpg,منتج Hazem19792019_3916,أخرى,ff01020626b4fcff,
3156,Hazem19792019_3917.jpg,منتج Hazem19792019_3917,أخرى,16000e256d2d3f7f,
3157,Hazem19792019_3918.jpg,منتج Hazem19792019_3918,أخرى,ff6f66662200ff00,
3158,Hazem19792019_3919.jpg,منتج Hazem19792019_3919,أخرى,03f6ffe726222202,
3159,Hazem19792019_392.jpg,منتج Hazem19792019_392,أخرى,fc000008ff03afff,
3160,Hazem19792019_3920.jpg,منتج Hazem19792019_3920,أخرى,ff6066666484a6a6,
3161,Hazem19792019_3921.jpg,منتج Hazem19792019_3921,أخرى,cc1d0cccccc4069f,
3162,Hazem19792019_3922.jpg,منتج Hazem19792019_3922,أخرى,7b7e762600262626,
3163,Hazem19792019_3923.jpg,منتج Hazem19792019_3923,أخرى,c3c3d858585840d9,
3164,Hazem19792019_3924.jpg,منتج Hazem19792019_3924,أخرى,3cfcfcfcf4c442c0,
3165,Hazem19792019_3925.jpg,منتج Hazem19792019_3925,أخرى,0004fece4e4e87ff,
3166,Hazem19792019_3926.jpg,منتج Hazem19792019_3926,أخرى,023f3e3633b3bfff,
3167,Hazem19792019_3927.jpg,منتج Hazem19792019_3927,أخرى,ffb39381dbc18181,يوجد صور متطابقة/متشابهة بصرياً
3168,Hazem19792019_3928.jpg,منتج Hazem19792019_3928,أخرى,ff8f08f81c181fbf,
3169,Hazem19792019_3929.jpg,منتج Hazem19792019_3929,أخرى,0000fffffefffffa,
3170,Hazem19792019_393.jpg,منتج Hazem19792019_393,أخرى,00010bffffe7fffb,
3171,Hazem19792019_3930.jpg,منتج Hazem19792019_3930,أخرى,1f1f1f0f0f0d0101,
3172,Hazem19792019_3931.jpg,منتج Hazem19792019_3931,أخرى,e71f1f1b0b0f0103,
3173,Hazem19792019_3932.jpg,منتج Hazem19792019_3932,أخرى,1fcfcfe79713189c,يوجد صور متطابقة/متشابهة بصرياً
3174,Hazem19792019_3933.jpg,منتج Hazem19792019_3933,أخرى,3f3f77773f3f1b05,
3175,Hazem19792019_3934.jpg,منتج Hazem19792019_3934,أخرى,000000c3e7e7efff,
3176,Hazem19792019_3935.jpg,منتج Hazem19792019_3935,أخرى,0000c0e1e3eccfff,يوجد صور متطابقة/متشابهة بصرياً
3177,Hazem19792019_3936.jpg,منتج Hazem19792019_3936,أخرى,b9d8c9e1f1fc00ff,يوجد صور متطابقة/متشابهة بصرياً
3178,Hazem19792019_3937.jpg,منتج Hazem19792019_3937,أخرى,bf0dcde5998d8d9d,يوجد صور متطابقة/متشابهة بصرياً
3179,Hazem19792019_3938.jpg,منتج Hazem19792019_3938,أخرى,f7ff8183812b28e8,
3180,Hazem19792019_3939.jpg,منتج Hazem19792019_3939,أخرى,ffb39381dbc18181,يوجد صور متطابقة/متشابهة بصرياً
3181,Hazem19792019_394.jpg,منتج Hazem19792019_394,أخرى,3e001e0e1cb880f3,
3182,Hazem19792019_3940.jpg,منتج Hazem19792019_3940,أخرى,03c0fc6e6e6cc080,
3183,Hazem19792019_3941.jpg,منتج Hazem19792019_3941,أخرى,060200fefeeeee80,
3184,Hazem19792019_3942.jpg,منتج Hazem19792019_3942,أخرى,798303236666a4c0,
3185,Hazem19792019_3943.jpg,منتج Hazem19792019_3943,أخرى,00000082fffff702,يوجد صور متطابقة/متشابهة بصرياً
3186,Hazem19792019_3944.jpg,منتج Hazem19792019_3944,أخرى,031b1b5c3afbfa30,يوجد صور متطابقة/متشابهة بصرياً
3187,Hazem19792019_3945.jpg,منتج Hazem19792019_3945,أخرى,032010007ffff33f,يوجد صور متطابقة/متشابهة بصرياً
3188,Hazem19792019_3946.jpg,منتج Hazem19792019_3946,أخرى,f78101800001ffff,
3189,Hazem19792019_3947.jpg,منتج Hazem19792019_3947,أخرى,8101010000ffffff,يوجد صور متطابقة/متشابهة بصرياً
3190,Hazem19792019_3948.jpg,منتج Hazem19792019_3948,أخرى,7c47c7362078c7ff,يوجد صور متطابقة/متشابهة بصرياً
3191,Hazem19792019_3949.jpg,منتج Hazem19792019_3949,أخرى,e747c3e7fb9307cf,يوجد صور متطابقة/متشابهة بصرياً
3192,Hazem19792019_395.jpg,منتج Hazem19792019_395,أخرى,e4f4fcbc241cd9c3,
3193,Hazem19792019_3950.jpg,منتج Hazem19792019_3950,أخرى,00ffc3830f03f4ff,
3194,Hazem19792019_3951.jpg,منتج Hazem19792019_3951,أخرى,44988826ff6f302e,يوجد صور متطابقة/متشابهة بصرياً
3195,Hazem19792019_3952.jpg,منتج Hazem19792019_3952,أخرى,0070f8f07f7f7f02,يوجد صور متطابقة/متشابهة بصرياً
3196,Hazem19792019_3953.jpg,منتج Hazem19792019_3953,أخرى,0d010d9181dbc9f8,يوجد صور متطابقة/متشابهة بصرياً
3197,Hazem19792019_3954.jpg,منتج Hazem19792019_3954,أخرى,7fe6e64646464464,
3198,Hazem19792019_3955.jpg,منتج Hazem19792019_3955,أخرى,001c3e3e3808dcce,يوجد صور متطابقة/متشابهة بصرياً
3199,Hazem19792019_3956.jpg,منتج Hazem19792019_3956,أخرى,f0fe7f0000010bff,يوجد صور متطابقة/متشابهة بصرياً
3200,Hazem19792019_3957.jpg,منتج Hazem19792019_3957,أخرى,123e2f0f7fe7e703,يوجد صور متطابقة/متشابهة بصرياً
3201,Hazem19792019_3958.jpg,منتج Hazem19792019_3958,أخرى,3e3e766e6efede00,يوجد صور متطابقة/متشابهة بصرياً
3202,Hazem19792019_3959.jpg,منتج Hazem19792019_3959,أخرى,6fefef020000387c,
3203,Hazem19792019_396.jpg,منتج Hazem19792019_396,أخرى,20207e7e67e74e48,
3204,Hazem19792019_3960.jpg,منتج Hazem19792019_3960,أخرى,6523631b1b199d4f,يوجد صور متطابقة/متشابهة بصرياً
3205,Hazem19792019_3961.jpg,منتج Hazem19792019_3961,أخرى,fefe701c3e4e9f7e,
3206,Hazem19792019_3962.jpg,منتج Hazem19792019_3962,أخرى,0efc000004fc4f7f,يوجد صور متطابقة/متشابهة بصرياً
3207,Hazem19792019_3963.jpg,منتج Hazem19792019_3963,أخرى,22ff1e5eff7e3e20,يوجد صور متطابقة/متشابهة بصرياً
3208,Hazem19792019_3964.jpg,منتج Hazem19792019_3964,أخرى,c587d5690927010f,يوجد صور متطابقة/متشابهة بصرياً
3209,Hazem19792019_3965.jpg,منتج Hazem19792019_3965,أخرى,9f3d3c0c1eb2f6fe,يوجد صور متطابقة/متشابهة بصرياً
3210,Hazem19792019_3966.jpg,منتج Hazem19792019_3966,أخرى,df8c1e3c03307fff,يوجد صور متطابقة/متشابهة بصرياً
3211,Hazem19792019_3967.jpg,منتج Hazem19792019_3967,أخرى,007c7cf4fcfcf8fc,يوجد صور متطابقة/متشابهة بصرياً
3212,Hazem19792019_3968.jpg,منتج Hazem19792019_3968,أخرى,000017371fdfffbf,يوجد صور متطابقة/متشابهة بصرياً
3213,Hazem19792019_3969.jpg,منتج Hazem19792019_3969,أخرى,c1013f3f0e7effe3,يوجد صور متطابقة/متشابهة بصرياً
3214,Hazem19792019_397.jpg,منتج Hazem19792019_397,أخرى,f0c080f6bedf8280,
3215,Hazem19792019_3970.jpg,منتج Hazem19792019_3970,أخرى,00000000dbffe7ff,يوجد صور متطابقة/متشابهة بصرياً
3216,Hazem19792019_3971.jpg,منتج Hazem19792019_3971,أخرى,008cf8f9f1e0fbdf,يوجد صور متطابقة/متشابهة بصرياً
3217,Hazem19792019_3972.jpg,منتج Hazem19792019_3972,أخرى,0d3f3f3dbdf88800,يوجد صور متطابقة/متشابهة بصرياً
3218,Hazem19792019_3973.jpg,منتج Hazem19792019_3973,أخرى,c08001fe7e5f7f4f,يوجد صور متطابقة/متشابهة بصرياً
3219,Hazem19792019_3974.jpg,منتج Hazem19792019_3974,أخرى,dcc7ffbcacb82981,يوجد صور متطابقة/متشابهة بصرياً
3220,Hazem19792019_3975.jpg,منتج Hazem19792019_3975,أخرى,ffff0e0ee4ece480,
3221,Hazem19792019_3976.jpg,منتج Hazem19792019_3976,أخرى,0f0f05ed8501010d,
3222,Hazem19792019_3977.jpg,منتج Hazem19792019_3977,أخرى,1ffffffffefc0000,يوجد صور متطابقة/متشابهة بصرياً
3223,Hazem19792019_3978.jpg,منتج Hazem19792019_3978,أخرى,b9d8c9e1f1fc00ff,يوجد صور متطابقة/متشابهة بصرياً
3224,Hazem19792019_3979.jpg,منتج Hazem19792019_3979,أخرى,bfee8282c0819391,
3225,Hazem19792019_398.jpg,منتج Hazem19792019_398,أخرى,4607170300bffffe,
3226,Hazem19792019_3980.jpg,منتج Hazem19792019_3980,أخرى,1f0f5d4344440f1f,
3227,Hazem19792019_3981.jpg,منتج Hazem19792019_3981,أخرى,1f1f181f0303071f,
3228,Hazem19792019_3982.jpg,منتج Hazem19792019_3982,أخرى,3c3c7e1a7a1a0776,يوجد صور متطابقة/متشابهة بصرياً
3229,Hazem19792019_3983.jpg,منتج Hazem19792019_3983,أخرى,e7c3c3c3c3c3c3fb,يوجد صور متطابقة/متشابهة بصرياً
3230,Hazem19792019_3984.jpg,منتج Hazem19792019_3984,أخرى,ffe7e3e311f999ff,يوجد صور متطابقة/متشابهة بصرياً
3231,Hazem19792019_3985.jpg,منتج Hazem19792019_3985,أخرى,ff2b42f42d4993a7,
3232,Hazem19792019_3986.jpg,منتج Hazem19792019_3986,أخرى,7e7c0c6464626202,
3233,Hazem19792019_3987.jpg,منتج Hazem19792019_3987,أخرى,fefeb84041b098ff,
3234,Hazem19792019_3988.jpg,منتج Hazem19792019_3988,أخرى,e242666e363fff0f,يوجد صور متطابقة/متشابهة بصرياً
3235,Hazem19792019_3989.jpg,منتج Hazem19792019_3989,أخرى,0141c9d983f1d1ff,يوجد صور متطابقة/متشابهة بصرياً
3236,Hazem19792019_399.jpg,منتج Hazem19792019_399,أخرى,037f7f3f7d3c0004,
3237,Hazem19792019_3990.jpg,منتج Hazem19792019_3990,أخرى,000000e0f5fff5ff,يوجد صور متطابقة/متشابهة بصرياً
3238,Hazem19792019_3991.jpg,منتج Hazem19792019_3991,أخرى,21c1c1c183c1d9ff,يوجد صور متطابقة/متشابهة بصرياً
3239,Hazem19792019_3992.jpg,منتج Hazem19792019_3992,أخرى,0103dbcbc3c3cbe3,يوجد صور متطابقة/متشابهة بصرياً
3240,Hazem19792019_3993.jpg,منتج Hazem19792019_3993,أخرى,095bdbc949494949,يوجد صور متطابقة/متشابهة بصرياً
3241,Hazem19792019_3994.jpg,منتج Hazem19792019_3994,أخرى,00008081fbffffff,يوجد صور متطابقة/متشابهة بصرياً
3242,Hazem19792019_3995.jpg,منتج Hazem19792019_3995,أخرى,0101c9c1ffc3fbff,
3243,Hazem19792019_3996.jpg,منتج Hazem19792019_3996,أخرى,20fefebcb4807eff,يوجد صور متطابقة/متشابهة بصرياً
3244,Hazem19792019_3997.jpg,منتج Hazem19792019_3997,أخرى,0000361ac9cbffff,يوجد صور متطابقة/متشابهة بصرياً
3245,Hazem19792019_3998.jpg,منتج Hazem19792019_3998,أخرى,0080084cffc5ffff,يوجد صور متطابقة/متشابهة بصرياً
3246,Hazem19792019_3999.jpg,منتج Hazem19792019_3999,أخرى,003e3e1adbcbc3ff,يوجد صور متطابقة/متشابهة بصرياً
3247,Hazem19792019_4.jpg,منتج Hazem19792019_4,أخرى,a080003b7fa13830,
3248,Hazem19792019_40.jpg,منتج Hazem19792019_40,أخرى,180158e3f0f0ff7f,يوجد صور متطابقة/متشابهة بصرياً
3249,Hazem19792019_400.jpg,منتج Hazem19792019_400,أخرى,00867e7cce476e60,
3250,Hazem19792019_4000.jpg,منتج Hazem19792019_4000,أخرى,00c04032dfc9ffff,
3251,Hazem19792019_4001.jpg,منتج Hazem19792019_4001,أخرى,007e327efec3c3ff,يوجد صور متطابقة/متشابهة بصرياً
3252,Hazem19792019_4002.jpg,منتج Hazem19792019_4002,أخرى,00941c1c1cffefff,يوجد صور متطابقة/متشابهة بصرياً
3253,Hazem19792019_4003.jpg,منتج Hazem19792019_4003,أخرى,0000003c3fffebff,يوجد صور متطابقة/متشابهة بصرياً
3254,Hazem19792019_4004.jpg,منتج Hazem19792019_4004,أخرى,0002343838ebefff,يوجد صور متطابقة/متشابهة بصرياً
3255,Hazem19792019_4005.jpg,منتج Hazem19792019_4005,أخرى,00941c1c1cbfffff,يوجد صور متطابقة/متشابهة بصرياً
3256,Hazem19792019_4006.jpg,منتج Hazem19792019_4006,أخرى,0000181dbfffffff,يوجد صور متطابقة/متشابهة بصرياً
3257,Hazem19792019_4007.jpg,منتج Hazem19792019_4007,أخرى,80383838387878f8,يوجد صور متطابقة/متشابهة بصرياً
3258,Hazem19792019_4008.jpg,منتج Hazem19792019_4008,أخرى,5a5c5d1c1e1e1e18,
3259,Hazem19792019_4009.jpg,منتج Hazem19792019_4009,أخرى,00fcfc7c7474747c,
3260,Hazem19792019_401.jpg,منتج Hazem19792019_401,أخرى,7c7c047c3d7d7c7c,
3261,Hazem19792019_4010.jpg,منتج Hazem19792019_4010,أخرى,fdfefaf8d8da1810,
3262,Hazem19792019_4011.jpg,منتج Hazem19792019_4011,أخرى,18f8f8f8f8fcfef3,يوجد صور متطابقة/متشابهة بصرياً
3263,Hazem19792019_4012.jpg,منتج Hazem19792019_4012,أخرى,ff88a828e8a888ff,
3264,Hazem19792019_4013.jpg,منتج Hazem19792019_4013,أخرى,18f8f8f8f8f8fcff,يوجد صور متطابقة/متشابهة بصرياً
3265,Hazem19792019_4014.jpg,منتج Hazem19792019_4014,أخرى,0f00f3f33bfbf8ff,يوجد صور متطابقة/متشابهة بصرياً
3266,Hazem19792019_4016.jpg,منتج Hazem19792019_4016,أخرى,0c10021a8289ffff,
3267,Hazem19792019_4017.jpg,منتج Hazem19792019_4017,أخرى,00520000005bffff,
3268,Hazem19792019_4018.jpg,منتج Hazem19792019_4018,أخرى,7fdf0700100017ff,
3269,Hazem19792019_4019.jpg,منتج Hazem19792019_4019,أخرى,ffc7c7810101c3ff,يوجد صور متطابقة/متشابهة بصرياً
3270,Hazem19792019_402.jpg,منتج Hazem19792019_402,أخرى,1f07800e40a2d2d7,
3271,Hazem19792019_4021.jpg,منتج Hazem19792019_4021,أخرى,80383838387878f8,يوجد صور متطابقة/متشابهة بصرياً
3272,Hazem19792019_4025.jpg,منتج Hazem19792019_4025,أخرى,18f8f8f8f8fcfef3,يوجد صور متطابقة/متشابهة بصرياً
3273,Hazem19792019_4027.jpg,منتج Hazem19792019_4027,أخرى,18f8f8f8f8f8fcff,يوجد صور متطابقة/متشابهة بصرياً
3274,Hazem19792019_4028.jpg,منتج Hazem19792019_4028,أخرى,0f00f3f33bfbf8ff,يوجد صور متطابقة/متشابهة بصرياً
3275,Hazem19792019_4029.jpg,منتج Hazem19792019_4029,أخرى,003e3e1adbcbc3ff,يوجد صور متطابقة/متشابهة بصرياً
3276,Hazem19792019_403.jpg,منتج Hazem19792019_403,أخرى,0000087c7c7c3fbf,
3277,Hazem19792019_4031.jpg,منتج Hazem19792019_4031,أخرى,007e327efec3c3ff,يوجد صور متطابقة/متشابهة بصرياً
3278,Hazem19792019_4032.jpg,منتج Hazem19792019_4032,أخرى,00941c1c1cffefff,يوجد صور متطابقة/متشابهة بصرياً
3279,Hazem19792019_4033.jpg,منتج Hazem19792019_4033,أخرى,0000003c3fffebff,يوجد صور متطابقة/متشابهة بصرياً
3280,Hazem19792019_4034.jpg,منتج Hazem19792019_4034,أخرى,0002343838ebefff,يوجد صور متطابقة/متشابهة بصرياً
3281,Hazem19792019_4035.jpg,منتج Hazem19792019_4035,أخرى,00941c1c1cbfffff,يوجد صور متطابقة/متشابهة بصرياً
3282,Hazem19792019_4036.jpg,منتج Hazem19792019_4036,أخرى,0000181dbfffffff,يوجد صور متطابقة/متشابهة بصرياً
3283,Hazem19792019_4037.jpg,منتج Hazem19792019_4037,أخرى,0141c9d983f1d1ff,يوجد صور متطابقة/متشابهة بصرياً
3284,Hazem19792019_4038.jpg,منتج Hazem19792019_4038,أخرى,000000e0f5fff5ff,يوجد صور متطابقة/متشابهة بصرياً
3285,Hazem19792019_4039.jpg,منتج Hazem19792019_4039,أخرى,21c1c1c183c1d9ff,يوجد صور متطابقة/متشابهة بصرياً
3286,Hazem19792019_404.jpg,منتج Hazem19792019_404,أخرى,410121250d0d9fdf,
3287,Hazem19792019_4040.jpg,منتج Hazem19792019_4040,أخرى,0103dbcbc3c3cbe3,يوجد صور متطابقة/متشابهة بصرياً
3288,Hazem19792019_4041.jpg,منتج Hazem19792019_4041,أخرى,095bdbc949494949,يوجد صور متطابقة/متشابهة بصرياً
3289,Hazem19792019_4042.jpg,منتج Hazem19792019_4042,أخرى,00008081fbffffff,يوجد صور متطابقة/متشابهة بصرياً
3290,Hazem19792019_4044.jpg,منتج Hazem19792019_4044,أخرى,20fefebcb4807eff,يوجد صور متطابقة/متشابهة بصرياً
3291,Hazem19792019_4045.jpg,منتج Hazem19792019_4045,أخرى,0000361ac9cbffff,يوجد صور متطابقة/متشابهة بصرياً
3292,Hazem19792019_4046.jpg,منتج Hazem19792019_4046,أخرى,0080084cffc5ffff,يوجد صور متطابقة/متشابهة بصرياً
3293,Hazem19792019_4047.jpg,منتج Hazem19792019_4047,أخرى,e242666e363fff0f,يوجد صور متطابقة/متشابهة بصرياً
3294,Hazem19792019_4048.jpg,منتج Hazem19792019_4048,أخرى,7cf87e0e0d09019d,يوجد صور متطابقة/متشابهة بصرياً
3295,Hazem19792019_4049.jpg,منتج Hazem19792019_4049,أخرى,f8e2c2c3c38390f0,يوجد صور متطابقة/متشابهة بصرياً
3296,Hazem19792019_405.jpg,منتج Hazem19792019_405,أخرى,12d28ce4e4c0d0f8,
3297,Hazem19792019_4050.jpg,منتج Hazem19792019_4050,أخرى,f8f8f6fcfeff8000,
3298,Hazem19792019_4051.jpg,منتج Hazem19792019_4051,أخرى,bff7f7070000a348,يوجد صور متطابقة/متشابهة بصرياً
3299,Hazem19792019_4052.jpg,منتج Hazem19792019_4052,أخرى,00ece060e0e06420,
3300,Hazem19792019_4053.jpg,منتج Hazem19792019_4053,أخرى,fd181f9f000081fb,
3301,Hazem19792019_4054.jpg,منتج Hazem19792019_4054,أخرى,ff0f04040000c7ff,
3302,Hazem19792019_4055.jpg,منتج Hazem19792019_4055,أخرى,81010000f9f7d5f9,
3303,Hazem19792019_4056.jpg,منتج Hazem19792019_4056,أخرى,fcfc40000000ffff,
3304,Hazem19792019_4057.jpg,منتج Hazem19792019_4057,أخرى,3c3cfc3838383803,
3305,Hazem19792019_4058.jpg,منتج Hazem19792019_4058,أخرى,3d3c3cfc3c3c3c38,
3306,Hazem19792019_4059.jpg,منتج Hazem19792019_4059,أخرى,0f0f0f0703477f0f,
3307,Hazem19792019_406.jpg,منتج Hazem19792019_406,أخرى,0078787838383839,
3308,Hazem19792019_4060.jpg,منتج Hazem19792019_4060,أخرى,ff004000009dcdf7,يوجد صور متطابقة/متشابهة بصرياً
3309,Hazem19792019_4061.jpg,منتج Hazem19792019_4061,أخرى,7ffc7f08001ed7c1,
3310,Hazem19792019_4062.jpg,منتج Hazem19792019_4062,أخرى,e7a1b98101010181,
3311,Hazem19792019_4063.jpg,منتج Hazem19792019_4063,أخرى,fffffbff80000000,يوجد صور متطابقة/متشابهة بصرياً
3312,Hazem19792019_4064.jpg,منتج Hazem19792019_4064,أخرى,000efe7e7efef3ff,
3313,Hazem19792019_4065.jpg,منتج Hazem19792019_4065,أخرى,07070702e0e0f341,يوجد صور متطابقة/متشابهة بصرياً
3314,Hazem19792019_4066.jpg,منتج Hazem19792019_4066,أخرى,ffffc7858181e3ff,يوجد صور متطابقة/متشابهة بصرياً
3315,Hazem19792019_4067.jpg,منتج Hazem19792019_4067,أخرى,be7c5d5808f7d100,يوجد صور متطابقة/متشابهة بصرياً
3316,Hazem19792019_4068.jpg,منتج Hazem19792019_4068,أخرى,81019d91b53515ff,يوجد صور متطابقة/متشابهة بصرياً
3317,Hazem19792019_4069.jpg,منتج Hazem19792019_4069,أخرى,e1f3d18180e0ffff,يوجد صور متطابقة/متشابهة بصرياً
3318,Hazem19792019_407.jpg,منتج Hazem19792019_407,أخرى,83231f1f010003e7,
3319,Hazem19792019_4070.jpg,منتج Hazem19792019_4070,أخرى,cf83998d8d8d8ddf,يوجد صور متطابقة/متشابهة بصرياً
3320,Hazem19792019_4071.jpg,منتج Hazem19792019_4071,أخرى,ef83818d8d9f8d8f,
3321,Hazem19792019_4072.jpg,منتج Hazem19792019_4072,أخرى,ff8300000083b3ff,
3322,Hazem19792019_4073.jpg,منتج Hazem19792019_4073,أخرى,ffffc7858181e3ff,يوجد صور متطابقة/متشابهة بصرياً
3323,Hazem19792019_4074.jpg,منتج Hazem19792019_4074,أخرى,f3ef8787d1b1d9ff,يوجد صور متطابقة/متشابهة بصرياً
3324,Hazem19792019_4075.jpg,منتج Hazem19792019_4075,أخرى,0078f0d090b090f0,يوجد صور متطابقة/متشابهة بصرياً
3325,Hazem19792019_4076.jpg,منتج Hazem19792019_4076,أخرى,630707071f87ef09,
3326,Hazem19792019_4077.jpg,منتج Hazem19792019_4077,أخرى,01706606363c3e05,يوجد صور متطابقة/متشابهة بصرياً
3327,Hazem19792019_4078.jpg,منتج Hazem19792019_4078,أخرى,0f00f3f33bfbf8ff,يوجد صور متطابقة/متشابهة بصرياً
3328,Hazem19792019_4079.jpg,منتج Hazem19792019_4079,أخرى,017f7f7e7e7e7e78,
3329,Hazem19792019_408.jpg,منتج Hazem19792019_408,أخرى,1cbcacac3cfcf898,
3330,Hazem19792019_4080.jpg,منتج Hazem19792019_4080,أخرى,40217d7d7d79f1dc,
3331,Hazem19792019_4081.jpg,منتج Hazem19792019_4081,أخرى,fbff61012121397f,
3332,Hazem19792019_4082.jpg,منتج Hazem19792019_4082,أخرى,2032787f7c7f7710,
3333,Hazem19792019_4083.jpg,منتج Hazem19792019_4083,أخرى,00003ffffbff7ffb,
3334,Hazem19792019_4084.jpg,منتج Hazem19792019_4084,أخرى,0111193bf9f9113b,
3335,Hazem19792019_4085.jpg,منتج Hazem19792019_4085,أخرى,e480a0e7fcff80fe,
3336,Hazem19792019_4086.jpg,منتج Hazem19792019_4086,أخرى,5f5eff91119efe02,
3337,Hazem19792019_4087.jpg,منتج Hazem19792019_4087,أخرى,3c3c0153d0d2c3c1,يوجد صور متطابقة/متشابهة بصرياً
3338,Hazem19792019_4088.jpg,منتج Hazem19792019_4088,أخرى,ffbcecfc04040431,يوجد صور متطابقة/متشابهة بصرياً
3339,Hazem19792019_4089.jpg,منتج Hazem19792019_4089,أخرى,07c33d01013d81cb,يوجد صور متطابقة/متشابهة بصرياً
3340,Hazem19792019_409.jpg,منتج Hazem19792019_409,أخرى,7c7c38383c3c3819,
3341,Hazem19792019_4090.jpg,منتج Hazem19792019_4090,أخرى,e7c3e3c399b991c3,
3342,Hazem19792019_4091.jpg,منتج Hazem19792019_4091,أخرى,e1f3d18180e0ffff,يوجد صور متطابقة/متشابهة بصرياً
3343,Hazem19792019_4092.jpg,منتج Hazem19792019_4092,أخرى,a4f0f2d3f3f800f8,يوجد صور متطابقة/متشابهة بصرياً
3344,Hazem19792019_4093.jpg,منتج Hazem19792019_4093,أخرى,e7e9c3f1f1b183c7,
3345,Hazem19792019_4094.jpg,منتج Hazem19792019_4094,أخرى,ff818585858585ff,
3346,Hazem19792019_4095.jpg,منتج Hazem19792019_4095,أخرى,ffbe4fcec6860400,
3347,Hazem19792019_4096.jpg,منتج Hazem19792019_4096,أخرى,ffb39381dbc18181,يوجد صور متطابقة/متشابهة بصرياً
3348,Hazem19792019_4097.jpg,منتج Hazem19792019_4097,أخرى,9ffcfcfc2c2981f9,يوجد صور متطابقة/متشابهة بصرياً
3349,Hazem19792019_4098.jpg,منتج Hazem19792019_4098,أخرى,02161f7e76766602,يوجد صور متطابقة/متشابهة بصرياً
3350,Hazem19792019_4099.jpg,منتج Hazem19792019_4099,أخرى,00165e7e36667400,يوجد صور متطابقة/متشابهة بصرياً
3351,Hazem19792019_41.jpg,منتج Hazem19792019_41,أخرى,00045ffdc99fff38,يوجد صور متطابقة/متشابهة بصرياً
3352,Hazem19792019_410.jpg,منتج Hazem19792019_410,أخرى,0181959f83c3c3cf,
3353,Hazem19792019_4100.jpg,منتج Hazem19792019_4100,أخرى,ff819195948581f9,يوجد صور متطابقة/متشابهة بصرياً
3354,Hazem19792019_4101.jpg,منتج Hazem19792019_4101,أخرى,ff83cfc3c1c181c3,يوجد صور متطابقة/متشابهة بصرياً
3355,Hazem19792019_4102.jpg,منتج Hazem19792019_4102,أخرى,cf0ce0a68fe0c1c1,
3356,Hazem19792019_4103.jpg,منتج Hazem19792019_4103,أخرى,3ff7fb8b09058687,
3357,Hazem19792019_4104.jpg,منتج Hazem19792019_4104,أخرى,3ff7fbfb050383c3,يوجد صور متطابقة/متشابهة بصرياً
3358,Hazem19792019_4105.jpg,منتج Hazem19792019_4105,أخرى,d0d22ce0c2e34204,يوجد صور متطابقة/متشابهة بصرياً
3359,Hazem19792019_4106.jpg,منتج Hazem19792019_4106,أخرى,83b0f5fabf1f01bb,يوجد صور متطابقة/متشابهة بصرياً
3360,Hazem19792019_4107.jpg,منتج Hazem19792019_4107,أخرى,f9b090a0f0c0f8f9,
3361,Hazem19792019_4108.jpg,منتج Hazem19792019_4108,أخرى,ff818081f19f819f,
3362,Hazem19792019_4109.jpg,منتج Hazem19792019_4109,أخرى,83b0f5fabf1f01bb,يوجد صور متطابقة/متشابهة بصرياً
3363,Hazem19792019_411.jpg,منتج Hazem19792019_411,أخرى,00e0e062f8e0f0f0,
3364,Hazem19792019_4110.jpg,منتج Hazem19792019_4110,أخرى,81000501fdbfe3f1,
3365,Hazem19792019_4111.jpg,منتج Hazem19792019_4111,أخرى,59f8f0d0f0f8f9ff,يوجد صور متطابقة/متشابهة بصرياً
3366,Hazem19792019_4112.jpg,منتج Hazem19792019_4112,أخرى,e7e3fbc9c1f1e3ff,يوجد صور متطابقة/متشابهة بصرياً
3367,Hazem19792019_4113.jpg,منتج Hazem19792019_4113,أخرى,1e1e1b38f8091fff,يوجد صور متطابقة/متشابهة بصرياً
3368,Hazem19792019_4114.jpg,منتج Hazem19792019_4114,أخرى,000e3e0e040c9230,
3369,Hazem19792019_4115.jpg,منتج Hazem19792019_4115,أخرى,81030381c1c3c5cf,
3370,Hazem19792019_4116.jpg,منتج Hazem19792019_4116,أخرى,cf83998d8d8d8ddf,يوجد صور متطابقة/متشابهة بصرياً
3371,Hazem19792019_4117.jpg,منتج Hazem19792019_4117,أخرى,00240e00030fff3f,
3372,Hazem19792019_4118.jpg,منتج Hazem19792019_4118,أخرى,c0c07e1e1e1e3c1e,يوجد صور متطابقة/متشابهة بصرياً
3373,Hazem19792019_412.jpg,منتج Hazem19792019_412,أخرى,5fffdf9834960000,
3374,Hazem19792019_4121.jpg,منتج Hazem19792019_4121,أخرى,ff8789180307bfff,
3375,Hazem19792019_4122.jpg,منتج Hazem19792019_4122,أخرى,ffffe7830301d9ff,
3376,Hazem19792019_4123.jpg,منتج Hazem19792019_4123,أخرى,fdfdfdffcf8000f3,
3377,Hazem19792019_4124.jpg,منتج Hazem19792019_4124,أخرى,ffefefc3939181e3,
3378,Hazem19792019_4125.jpg,منتج Hazem19792019_4125,أخرى,7d7d7d7d2d6d0c00,
3379,Hazem19792019_4126.jpg,منتج Hazem19792019_4126,أخرى,007e7e5e4e4c4cd7,
3380,Hazem19792019_4127.jpg,منتج Hazem19792019_4127,أخرى,1eff2e0e0e0e0cfe,
3381,Hazem19792019_4128.jpg,منتج Hazem19792019_4128,أخرى,077a727272b0b83c,
3382,Hazem19792019_4129.jpg,منتج Hazem19792019_4129,أخرى,0e7f2e0ccecfcff3,
3383,Hazem19792019_413.jpg,منتج Hazem19792019_413,أخرى,004e7e7f5e0ecf08,
3384,Hazem19792019_4130.jpg,منتج Hazem19792019_4130,أخرى,000003ffff7f008f,
3385,Hazem19792019_4131.jpg,منتج Hazem19792019_4131,أخرى,00007d7d7dfcba3f,
3386,Hazem19792019_4132.jpg,منتج Hazem19792019_4132,أخرى,0099f9ebefff0fc0,
3387,Hazem19792019_4133.jpg,منتج Hazem19792019_4133,أخرى,0080fffa849080c0,
3388,Hazem19792019_4134.jpg,منتج Hazem19792019_4134,أخرى,3c3c84a42d2f00c0,
3389,Hazem19792019_4135.jpg,منتج Hazem19792019_4135,أخرى,72fededed8dc1436,
3390,Hazem19792019_4136.jpg,منتج Hazem19792019_4136,أخرى,011006fe5f68fefe,
3391,Hazem19792019_4137.jpg,منتج Hazem19792019_4137,أخرى,0102cfeff9fe4000,
3392,Hazem19792019_4138.jpg,منتج Hazem19792019_4138,أخرى,ff07b09090c0c7ff,
3393,Hazem19792019_4139.jpg,منتج Hazem19792019_4139,أخرى,787b3f2f2e2fbf00,
3394,Hazem19792019_414.jpg,منتج Hazem19792019_414,أخرى,06381000001ffffe,
3395,Hazem19792019_4140.jpg,منتج Hazem19792019_4140,أخرى,6c6c6c4c7e2000a2,
3396,Hazem19792019_4141.jpg,منتج Hazem19792019_4141,أخرى,c3c3c3c747076fff,
3397,Hazem19792019_4142.jpg,منتج Hazem19792019_4142,أخرى,81818181c3e3e3ff,
3398,Hazem19792019_4143.jpg,منتج Hazem19792019_4143,أخرى,353703233b3bbb9f,
3399,Hazem19792019_4144.jpg,منتج Hazem19792019_4144,أخرى,fede969c9c941822,
3400,Hazem19792019_4145.jpg,منتج Hazem19792019_4145,أخرى,6625353331313b38,
3401,Hazem19792019_4146.jpg,منتج Hazem19792019_4146,أخرى,60627e7a7e7e5e00,يوجد صور متطابقة/متشابهة بصرياً
3402,Hazem19792019_4147.jpg,منتج Hazem19792019_4147,أخرى,ffc3c3c3c3d3c3c3,يوجد صور متطابقة/متشابهة بصرياً
3403,Hazem19792019_4148.jpg,منتج Hazem19792019_4148,أخرى,f7760ebfbf3e2080,يوجد صور متطابقة/متشابهة بصرياً
3404,Hazem19792019_4149.jpg,منتج Hazem19792019_4149,أخرى,b3b3fbf9c104061e,يوجد صور متطابقة/متشابهة بصرياً
3405,Hazem19792019_4150.jpg,منتج Hazem19792019_4150,أخرى,fff2e208f8e0c49f,يوجد صور متطابقة/متشابهة بصرياً
3406,Hazem19792019_4151.jpg,منتج Hazem19792019_4151,أخرى,393bd1d1df5bdfff,
3407,Hazem19792019_4152.jpg,منتج Hazem19792019_4152,أخرى,ff7ec19755775704,
3408,Hazem19792019_4153.jpg,منتج Hazem19792019_4153,أخرى,ffe744488131f7ff,
3409,Hazem19792019_4154.jpg,منتج Hazem19792019_4154,أخرى,9bf3f9e98d94c4ce,
3410,Hazem19792019_4155.jpg,منتج Hazem19792019_4155,أخرى,93b3cb0901859cfe,يوجد صور متطابقة/متشابهة بصرياً
3411,Hazem19792019_4156.jpg,منتج Hazem19792019_4156,أخرى,7f7f637f0180ffb7,
3412,Hazem19792019_4157.jpg,منتج Hazem19792019_4157,أخرى,1f72460c0000e3ff,
3413,Hazem19792019_4158.jpg,منتج Hazem19792019_4158,أخرى,f3e380a0f0b8b8ff,يوجد صور متطابقة/متشابهة بصرياً
3414,Hazem19792019_4159.jpg,منتج Hazem19792019_4159,أخرى,fff9818181898fff,يوجد صور متطابقة/متشابهة بصرياً
3415,Hazem19792019_4160.jpg,منتج Hazem19792019_4160,أخرى,fffff980808089ff,
3416,Hazem19792019_4161.jpg,منتج Hazem19792019_4161,أخرى,f7f3f3f9192080bc,
3417,Hazem19792019_4162.jpg,منتج Hazem19792019_4162,أخرى,f9f9f9fd8cccbe8e,يوجد صور متطابقة/متشابهة بصرياً
3418,Hazem19792019_4163.jpg,منتج Hazem19792019_4163,أخرى,9b3bf9f90c8446fe,
3419,Hazem19792019_4164.jpg,منتج Hazem19792019_4164,أخرى,ffffff89898989ff,
3420,Hazem19792019_4165.jpg,منتج Hazem19792019_4165,أخرى,fffff98981898fdf,
3421,Hazem19792019_4166.jpg,منتج Hazem19792019_4166,أخرى,fff9f99d0d05ccfd,يوجد صور متطابقة/متشابهة بصرياً
3422,Hazem19792019_4167.jpg,منتج Hazem19792019_4167,أخرى,fe763e3e6800b980,
3423,Hazem19792019_4168.jpg,منتج Hazem19792019_4168,أخرى,7813f2e0f080e07f,
3424,Hazem19792019_4169.jpg,منتج Hazem19792019_4169,أخرى,0c20042c030707ff,
3425,Hazem19792019_417.jpg,منتج Hazem19792019_417,أخرى,f9c1c9ab1101dfff,
3426,Hazem19792019_4170.jpg,منتج Hazem19792019_4170,أخرى,3dfa82c0e8e8b007,
3427,Hazem19792019_4171.jpg,منتج Hazem19792019_4171,أخرى,c0fcfccc88f4e058,
3428,Hazem19792019_4172.jpg,منتج Hazem19792019_4172,أخرى,07070f076f6f4200,يوجد صور متطابقة/متشابهة بصرياً
3429,Hazem19792019_4173.jpg,منتج Hazem19792019_4173,أخرى,fff9e0a020202000,
3430,Hazem19792019_4174.jpg,منتج Hazem19792019_4174,أخرى,c0101038f8183dff,
3431,Hazem19792019_4175.jpg,منتج Hazem19792019_4175,أخرى,f85c3c78200000ff,
3432,Hazem19792019_4176.jpg,منتج Hazem19792019_4176,أخرى,c3070703030100df,
3433,Hazem19792019_4177.jpg,منتج Hazem19792019_4177,أخرى,7df999c3f19c8191,
3434,Hazem19792019_4178.jpg,منتج Hazem19792019_4178,أخرى,6fe5cd87b4f89cdc,يوجد صور متطابقة/متشابهة بصرياً
3435,Hazem19792019_4179.jpg,منتج Hazem19792019_4179,أخرى,067373656203ebfe,
3436,Hazem19792019_418.jpg,منتج Hazem19792019_418,أخرى,bfa5051b2dbdbdbf,
3437,Hazem19792019_4180.jpg,منتج Hazem19792019_4180,أخرى,60838080c4c4ffff,
3438,Hazem19792019_4181.jpg,منتج Hazem19792019_4181,أخرى,ffc3c7c7c7c7ffff,
3439,Hazem19792019_4182.jpg,منتج Hazem19792019_4182,أخرى,ff7e371600000081,
3440,Hazem19792019_4183.jpg,منتج Hazem19792019_4183,أخرى,ff8f8781000501cf,
3441,Hazem19792019_4184.jpg,منتج Hazem19792019_4184,أخرى,ffff3900010383ff,
3442,Hazem19792019_4185.jpg,منتج Hazem19792019_4185,أخرى,ffff00008187ffc1,
3443,Hazem19792019_4186.jpg,منتج Hazem19792019_4186,أخرى,fcf0e0e0e0e024a7,
3444,Hazem19792019_4187.jpg,منتج Hazem19792019_4187,أخرى,f8e80ebeeeffff00,
3445,Hazem19792019_4188.jpg,منتج Hazem19792019_4188,أخرى,40c0c007cfffffff,يوجد صور متطابقة/متشابهة بصرياً
3446,Hazem19792019_4189.jpg,منتج Hazem19792019_4189,أخرى,203c7e3e3e3c9cc4,يوجد صور متطابقة/متشابهة بصرياً
3447,Hazem19792019_419.jpg,منتج Hazem19792019_419,أخرى,647c7c3c3e343c3f,يوجد صور متطابقة/متشابهة بصرياً
3448,Hazem19792019_4190.jpg,منتج Hazem19792019_4190,أخرى,030303076703036f,يوجد صور متطابقة/متشابهة بصرياً
3449,Hazem19792019_4191.jpg,منتج Hazem19792019_4191,أخرى,1f3d37e7c7c7c7e7,يوجد صور متطابقة/متشابهة بصرياً
3450,Hazem19792019_4192.jpg,منتج Hazem19792019_4192,أخرى,7c7c7c7c7e7e7e20,يوجد صور متطابقة/متشابهة بصرياً
3451,Hazem19792019_4193.jpg,منتج Hazem19792019_4193,أخرى,ffe7c3c3eeff4100,يوجد صور متطابقة/متشابهة بصرياً
3452,Hazem19792019_4194.jpg,منتج Hazem19792019_4194,أخرى,007e7e4e4c7c7c41,
3453,Hazem19792019_4195.jpg,منتج Hazem19792019_4195,أخرى,193f7f7fff070000,
3454,Hazem19792019_4196.jpg,منتج Hazem19792019_4196,أخرى,70707f5d7d7f7f0f,
3455,Hazem19792019_4197.jpg,منتج Hazem19792019_4197,أخرى,0080eee6fef0c014,
3456,Hazem19792019_4198.jpg,منتج Hazem19792019_4198,أخرى,fcfcdbfbe9bda100,يوجد صور متطابقة/متشابهة بصرياً
3457,Hazem19792019_4199.jpg,منتج Hazem19792019_4199,أخرى,031fffe6efe77100,
3458,Hazem19792019_42.jpg,منتج Hazem19792019_42,أخرى,0643733767c7273f,
3459,Hazem19792019_420.jpg,منتج Hazem19792019_420,أخرى,0060e0f0fbcfcfcf,
3460,Hazem19792019_4200.jpg,منتج Hazem19792019_4200,أخرى,e1e1e179ff3f0c00,
3461,Hazem19792019_4201.jpg,منتج Hazem19792019_4201,أخرى,7c3c7cfe7e7e0000,
3462,Hazem19792019_4202.jpg,منتج Hazem19792019_4202,أخرى,00fffff4b3007f00,
3463,Hazem19792019_4203.jpg,منتج Hazem19792019_4203,أخرى,59f8f0d0f0f8f9ff,يوجد صور متطابقة/متشابهة بصرياً
3464,Hazem19792019_4204.jpg,منتج Hazem19792019_4204,أخرى,ffffdf0f6f0f0f07,يوجد صور متطابقة/متشابهة بصرياً
3465,Hazem19792019_4205.jpg,منتج Hazem19792019_4205,أخرى,fdd080f4fc7c7e7e,
3466,Hazem19792019_4206.jpg,منتج Hazem19792019_4206,أخرى,fe0239bd9d210020,
3467,Hazem19792019_4207.jpg,منتج Hazem19792019_4207,أخرى,e7c1c3e7e7ffffee,يوجد صور متطابقة/متشابهة بصرياً
3468,Hazem19792019_4208.jpg,منتج Hazem19792019_4208,أخرى,f3f02f273f03011f,
3469,Hazem19792019_4209.jpg,منتج Hazem19792019_4209,أخرى,c18199998f8783cf,
3470,Hazem19792019_421.jpg,منتج Hazem19792019_421,أخرى,0080ecf4f6f6f2fe,
3471,Hazem19792019_4210.jpg,منتج Hazem19792019_4210,أخرى,383139397941f3e3,
3472,Hazem19792019_4211.jpg,منتج Hazem19792019_4211,أخرى,ffff30f391587f00,
3473,Hazem19792019_4212.jpg,منتج Hazem19792019_4212,أخرى,7c7cfefefe200000,
3474,Hazem19792019_4213.jpg,منتج Hazem19792019_4213,أخرى,000107ffffffff7f,يوجد صور متطابقة/متشابهة بصرياً
3475,Hazem19792019_4214.jpg,منتج Hazem19792019_4214,أخرى,ffffbf9fbf1c00e3,يوجد صور متطابقة/متشابهة بصرياً
3476,Hazem19792019_4215.jpg,منتج Hazem19792019_4215,أخرى,1878f0c0f0f17f3b,
3477,Hazem19792019_4216.jpg,منتج Hazem19792019_4216,أخرى,e7e5c603858f89e9,يوجد صور متطابقة/متشابهة بصرياً
3478,Hazem19792019_4217.jpg,منتج Hazem19792019_4217,أخرى,d1d1d1d4d4d4d0d1,
3479,Hazem19792019_4218.jpg,منتج Hazem19792019_4218,أخرى,ffff1f836000fffd,
3480,Hazem19792019_4219.jpg,منتج Hazem19792019_4219,أخرى,fffe0f87c30f3fff,يوجد صور متطابقة/متشابهة بصرياً
3481,Hazem19792019_422.jpg,منتج Hazem19792019_422,أخرى,e0f8f8f8f8580000,
3482,Hazem19792019_4220.jpg,منتج Hazem19792019_4220,أخرى,fffe3f0fc36000fd,يوجد صور متطابقة/متشابهة بصرياً
3483,Hazem19792019_4221.jpg,منتج Hazem19792019_4221,أخرى,0fe0ffc2e1c3cfff,يوجد صور متطابقة/متشابهة بصرياً
3484,Hazem19792019_4222.jpg,منتج Hazem19792019_4222,أخرى,ff819ccec3c1fbff,يوجد صور متطابقة/متشابهة بصرياً
3485,Hazem19792019_4223.jpg,منتج Hazem19792019_4223,أخرى,7d7dffc38183c187,يوجد صور متطابقة/متشابهة بصرياً
3486,Hazem19792019_4224.jpg,منتج Hazem19792019_4224,أخرى,fffefec3e1c3c7df,يوجد صور متطابقة/متشابهة بصرياً
3487,Hazem19792019_4225.jpg,منتج Hazem19792019_4225,أخرى,7e7eee0606464400,
3488,Hazem19792019_4226.jpg,منتج Hazem19792019_4226,أخرى,0020767666666400,
3489,Hazem19792019_4227.jpg,منتج Hazem19792019_4227,أخرى,e0e8e0fcc4f4fcfc,يوجد صور متطابقة/متشابهة بصرياً
3490,Hazem19792019_4228.jpg,منتج Hazem19792019_4228,أخرى,f98100948000939f,يوجد صور متطابقة/متشابهة بصرياً
3491,Hazem19792019_4229.jpg,منتج Hazem19792019_4229,أخرى,f9030333030387ff,يوجد صور متطابقة/متشابهة بصرياً
3492,Hazem19792019_423.jpg,منتج Hazem19792019_423,أخرى,1c1c2c3c3c3c1c04,
3493,Hazem19792019_4230.jpg,منتج Hazem19792019_4230,أخرى,001f3f3e1c1c1e3c,يوجد صور متطابقة/متشابهة بصرياً
3494,Hazem19792019_4231.jpg,منتج Hazem19792019_4231,أخرى,ff120000302487fe,يوجد صور متطابقة/متشابهة بصرياً
3495,Hazem19792019_4232.jpg,منتج Hazem19792019_4232,أخرى,ffff90e48180c081,يوجد صور متطابقة/متشابهة بصرياً
3496,Hazem19792019_4233.jpg,منتج Hazem19792019_4233,أخرى,f8f8f8f888f8aa8f,يوجد صور متطابقة/متشابهة بصرياً
3497,Hazem19792019_4234.jpg,منتج Hazem19792019_4234,أخرى,f8f8f8f888f8ba8e,يوجد صور متطابقة/متشابهة بصرياً
3498,Hazem19792019_4235.jpg,منتج Hazem19792019_4235,أخرى,b3b3fbf9c104061e,يوجد صور متطابقة/متشابهة بصرياً
3499,Hazem19792019_4236.jpg,منتج Hazem19792019_4236,أخرى,60627e7a7e7e5e00,يوجد صور متطابقة/متشابهة بصرياً
3500,Hazem19792019_4237.jpg,منتج Hazem19792019_4237,أخرى,ffffdf0f6f0f0f07,يوجد صور متطابقة/متشابهة بصرياً
3501,Hazem19792019_4238.jpg,منتج Hazem19792019_4238,أخرى,83908cf03fcff98c,يوجد صور متطابقة/متشابهة بصرياً
3502,Hazem19792019_4239.jpg,منتج Hazem19792019_4239,أخرى,c0c07e1e1e1e3c1e,يوجد صور متطابقة/متشابهة بصرياً
3503,Hazem19792019_424.jpg,منتج Hazem19792019_424,أخرى,87d7fcfc786ec0c0,
3504,Hazem19792019_4240.jpg,منتج Hazem19792019_4240,أخرى,afb7a1b7b79bb900,
3505,Hazem19792019_4241.jpg,منتج Hazem19792019_4241,أخرى,fffffffe788183f3,يوجد صور متطابقة/متشابهة بصرياً
3506,Hazem19792019_4242.jpg,منتج Hazem19792019_4242,أخرى,8dc9d9fd003c3c3e,يوجد صور متطابقة/متشابهة بصرياً
3507,Hazem19792019_4243.jpg,منتج Hazem19792019_4243,أخرى,e1f1ffff0000ffff,
3508,Hazem19792019_4244.jpg,منتج Hazem19792019_4244,أخرى,ee6e88ee6c6c6e2c,يوجد صور متطابقة/متشابهة بصرياً
3509,Hazem19792019_4245.jpg,منتج Hazem19792019_4245,أخرى,9f9fefcbc1d98fcf,يوجد صور متطابقة/متشابهة بصرياً
3510,Hazem19792019_4246.jpg,منتج Hazem19792019_4246,أخرى,e4fcfaf2fe7e1640,يوجد صور متطابقة/متشابهة بصرياً
3511,Hazem19792019_4247.jpg,منتج Hazem19792019_4247,أخرى,fe0460f8fafe0000,يوجد صور متطابقة/متشابهة بصرياً
3512,Hazem19792019_4248.jpg,منتج Hazem19792019_4248,أخرى,07066f5f7f7d4700,يوجد صور متطابقة/متشابهة بصرياً
3513,Hazem19792019_4249.jpg,منتج Hazem19792019_4249,أخرى,ffb901b9ffbdffbd,يوجد صور متطابقة/متشابهة بصرياً
3514,Hazem19792019_425.jpg,منتج Hazem19792019_425,أخرى,00000cffffef0800,
3515,Hazem19792019_4250.jpg,منتج Hazem19792019_4250,أخرى,fffce1e1918fffff,يوجد صور متطابقة/متشابهة بصرياً
3516,Hazem19792019_4251.jpg,منتج Hazem19792019_4251,أخرى,c1c9bf00c50a08ff,يوجد صور متطابقة/متشابهة بصرياً
3517,Hazem19792019_4252.jpg,منتج Hazem19792019_4252,أخرى,f0f0f0f0f0f0008f,يوجد صور متطابقة/متشابهة بصرياً
3518,Hazem19792019_4253.jpg,منتج Hazem19792019_4253,أخرى,1f0f015f333f0f1f,يوجد صور متطابقة/متشابهة بصرياً
3519,Hazem19792019_4254.jpg,منتج Hazem19792019_4254,أخرى,c11d17070f0d0fbb,يوجد صور متطابقة/متشابهة بصرياً
3520,Hazem19792019_4255.jpg,منتج Hazem19792019_4255,أخرى,22a0a090be9f3fbf,يوجد صور متطابقة/متشابهة بصرياً
3521,Hazem19792019_4256.jpg,منتج Hazem19792019_4256,أخرى,f0060002043d3dff,
3522,Hazem19792019_4257.jpg,منتج Hazem19792019_4257,أخرى,e7e5c603858f89e9,يوجد صور متطابقة/متشابهة بصرياً
3523,Hazem19792019_4258.jpg,منتج Hazem19792019_4258,أخرى,ffb78181ff9a1300,
3524,Hazem19792019_4259.jpg,منتج Hazem19792019_4259,أخرى,ffffd78387838f08,يوجد صور متطابقة/متشابهة بصرياً
3525,Hazem19792019_426.jpg,منتج Hazem19792019_426,أخرى,00073f7f7f7e0001,
3526,Hazem19792019_4260.jpg,منتج Hazem19792019_4260,أخرى,f0f89c8cbc8c8cfc,يوجد صور متطابقة/متشابهة بصرياً
3527,Hazem19792019_4261.jpg,منتج Hazem19792019_4261,أخرى,83070f1b336cc881,
3528,Hazem19792019_4262.jpg,منتج Hazem19792019_4262,أخرى,fe321f1e12391f1f,يوجد صور متطابقة/متشابهة بصرياً
3529,Hazem19792019_4263.jpg,منتج Hazem19792019_4263,أخرى,1f3989e1f3f3f3f3,يوجد صور متطابقة/متشابهة بصرياً
3530,Hazem19792019_4264.jpg,منتج Hazem19792019_4264,أخرى,e7f7e32022480000,
3531,Hazem19792019_4265.jpg,منتج Hazem19792019_4265,أخرى,24747c4e464f3f3c,
3532,Hazem19792019_4266.jpg,منتج Hazem19792019_4266,أخرى,07070707ffffffff,يوجد صور متطابقة/متشابهة بصرياً
3533,Hazem19792019_4267.jpg,منتج Hazem19792019_4267,أخرى,0000008080b6ffff,يوجد صور متطابقة/متشابهة بصرياً
3534,Hazem19792019_4268.jpg,منتج Hazem19792019_4268,أخرى,fffffcf2302060fb,يوجد صور متطابقة/متشابهة بصرياً
3535,Hazem19792019_4269.jpg,منتج Hazem19792019_4269,أخرى,bf33330d2527cdcd,يوجد صور متطابقة/متشابهة بصرياً
3536,Hazem19792019_427.jpg,منتج Hazem19792019_427,أخرى,f8fe7c7e7c700107,
3537,Hazem19792019_4270.jpg,منتج Hazem19792019_4270,أخرى,fdffe70010a2e0ff,يوجد صور متطابقة/متشابهة بصرياً
3538,Hazem19792019_4271.jpg,منتج Hazem19792019_4271,أخرى,78f0b2f0f4367eff,يوجد صور متطابقة/متشابهة بصرياً
3539,Hazem19792019_4272.jpg,منتج Hazem19792019_4272,أخرى,f9f8b880c0e8e1ff,يوجد صور متطابقة/متشابهة بصرياً
3540,Hazem19792019_4273.jpg,منتج Hazem19792019_4273,أخرى,e18080fb8181ffff,يوجد صور متطابقة/متشابهة بصرياً
3541,Hazem19792019_4274.jpg,منتج Hazem19792019_4274,أخرى,6323f37f3e1e0c04,يوجد صور متطابقة/متشابهة بصرياً
3542,Hazem19792019_4275.jpg,منتج Hazem19792019_4275,أخرى,fdf9f3dfd0080000,يوجد صور متطابقة/متشابهة بصرياً
3543,Hazem19792019_4276.jpg,منتج Hazem19792019_4276,أخرى,fefafe787ef01074,يوجد صور متطابقة/متشابهة بصرياً
3544,Hazem19792019_4277.jpg,منتج Hazem19792019_4277,أخرى,0026ffececfcd100,يوجد صور متطابقة/متشابهة بصرياً
3545,Hazem19792019_4278.jpg,منتج Hazem19792019_4278,أخرى,9890f9f9e1e0e0f9,
3546,Hazem19792019_4279.jpg,منتج Hazem19792019_4279,أخرى,ffe103030f1fcfcb,
3547,Hazem19792019_428.jpg,منتج Hazem19792019_428,أخرى,01810f4f0d0d0183,
3548,Hazem19792019_4280.jpg,منتج Hazem19792019_4280,أخرى,ffffd78387838f08,يوجد صور متطابقة/متشابهة بصرياً
3549,Hazem19792019_4281.jpg,منتج Hazem19792019_4281,أخرى,00707060ffffff60,يوجد صور متطابقة/متشابهة بصرياً
3550,Hazem19792019_4282.jpg,منتج Hazem19792019_4282,أخرى,fff989898938fdff,يوجد صور متطابقة/متشابهة بصرياً
3551,Hazem19792019_4283.jpg,منتج Hazem19792019_4283,أخرى,0000fefe7e7f7f7c,يوجد صور متطابقة/متشابهة بصرياً
3552,Hazem19792019_4284.jpg,منتج Hazem19792019_4284,أخرى,c37f7e6e3e02020c,يوجد صور متطابقة/متشابهة بصرياً
3553,Hazem19792019_4285.jpg,منتج Hazem19792019_4285,أخرى,006082b69e3effff,
3554,Hazem19792019_4286.jpg,منتج Hazem19792019_4286,أخرى,fffffffe788183f3,يوجد صور متطابقة/متشابهة بصرياً
3555,Hazem19792019_4287.jpg,منتج Hazem19792019_4287,أخرى,1f3d37e7c7c7c7e7,يوجد صور متطابقة/متشابهة بصرياً
3556,Hazem19792019_4288.jpg,منتج Hazem19792019_4288,أخرى,ff991d9f9f9f9999,يوجد صور متطابقة/متشابهة بصرياً
3557,Hazem19792019_4289.jpg,منتج Hazem19792019_4289,أخرى,7cf8f8fefcc0c0e0,يوجد صور متطابقة/متشابهة بصرياً
3558,Hazem19792019_429.jpg,منتج Hazem19792019_429,أخرى,00007f7e7ee07800,
3559,Hazem19792019_4290.jpg,منتج Hazem19792019_4290,أخرى,ffc78383c1fb83cf,يوجد صور متطابقة/متشابهة بصرياً
3560,Hazem19792019_4291.jpg,منتج Hazem19792019_4291,أخرى,81c183c39fe7f73f,يوجد صور متطابقة/متشابهة بصرياً
3561,Hazem19792019_4292.jpg,منتج Hazem19792019_4292,أخرى,ffff81808181ffff,يوجد صور متطابقة/متشابهة بصرياً
3562,Hazem19792019_4293.jpg,منتج Hazem19792019_4293,أخرى,ffc1c181818383ff,يوجد صور متطابقة/متشابهة بصرياً
3563,Hazem19792019_4294.jpg,منتج Hazem19792019_4294,أخرى,c3c1c1c3f7c381c1,يوجد صور متطابقة/متشابهة بصرياً
3564,Hazem19792019_4295.jpg,منتج Hazem19792019_4295,أخرى,ff8381c3e3838381,يوجد صور متطابقة/متشابهة بصرياً
3565,Hazem19792019_4296.jpg,منتج Hazem19792019_4296,أخرى,fb306cf2333c243f,يوجد صور متطابقة/متشابهة بصرياً
3566,Hazem19792019_4297.jpg,منتج Hazem19792019_4297,أخرى,ffe0e0e0c1c7cf83,
3567,Hazem19792019_4298.jpg,منتج Hazem19792019_4298,أخرى,ffffffbf27030300,
3568,Hazem19792019_4299.jpg,منتج Hazem19792019_4299,أخرى,cac7efc787878300,
3569,Hazem19792019_43.jpg,منتج Hazem19792019_43,أخرى,ff8383838393ffdf,
3570,Hazem19792019_430.jpg,منتج Hazem19792019_430,أخرى,7f3f3f3e0e0e0000,
3571,Hazem19792019_4300.jpg,منتج Hazem19792019_4300,أخرى,3e7f667e74004000,يوجد صور متطابقة/متشابهة بصرياً
3572,Hazem19792019_4301.jpg,منتج Hazem19792019_4301,أخرى,0081c18c9ff7f3f2,
3573,Hazem19792019_4302.jpg,منتج Hazem19792019_4302,أخرى,818183c3f1dbbf7f,يوجد صور متطابقة/متشابهة بصرياً
3574,Hazem19792019_4303.jpg,منتج Hazem19792019_4303,أخرى,cf8181c3c38383f1,يوجد صور متطابقة/متشابهة بصرياً
3575,Hazem19792019_4304.jpg,منتج Hazem19792019_4304,أخرى,07070707ffffffff,يوجد صور متطابقة/متشابهة بصرياً
3576,Hazem19792019_4305.jpg,منتج Hazem19792019_4305,أخرى,c3e371713101017f,
3577,Hazem19792019_4306.jpg,منتج Hazem19792019_4306,أخرى,070105253730037f,
3578,Hazem19792019_4307.jpg,منتج Hazem19792019_4307,أخرى,16cceccefefc0400,يوجد صور متطابقة/متشابهة بصرياً
3579,Hazem19792019_4308.jpg,منتج Hazem19792019_4308,أخرى,187ffff3f6000003,
3580,Hazem19792019_4309.jpg,منتج Hazem19792019_4309,أخرى,e1fda5f67c00c0ce,
3581,Hazem19792019_431.jpg,منتج Hazem19792019_431,أخرى,c400c39bbf9b5201,
3582,Hazem19792019_4310.jpg,منتج Hazem19792019_4310,أخرى,006e6f7f5f7f0000,يوجد صور متطابقة/متشابهة بصرياً
3583,Hazem19792019_4311.jpg,منتج Hazem19792019_4311,أخرى,fb7b5b4571010170,يوجد صور متطابقة/متشابهة بصرياً
3584,Hazem19792019_4312.jpg,منتج Hazem19792019_4312,أخرى,7e6e66220267c0e0,يوجد صور متطابقة/متشابهة بصرياً
3585,Hazem19792019_4313.jpg,منتج Hazem19792019_4313,أخرى,3e3e7c181800e0f1,
3586,Hazem19792019_4314.jpg,منتج Hazem19792019_4314,أخرى,cff3f746f20000f0,يوجد صور متطابقة/متشابهة بصرياً
3587,Hazem19792019_4315.jpg,منتج Hazem19792019_4315,أخرى,c6ffe7dc988680c0,يوجد صور متطابقة/متشابهة بصرياً
3588,Hazem19792019_4316.jpg,منتج Hazem19792019_4316,أخرى,1db999181a9a9b3b,
3589,Hazem19792019_4317.jpg,منتج Hazem19792019_4317,أخرى,df006064e46b6036,
3590,Hazem19792019_4318.jpg,منتج Hazem19792019_4318,أخرى,030d4d6505012737,
3591,Hazem19792019_4319.jpg,منتج Hazem19792019_4319,أخرى,ffbf8c8cce4e2484,
3592,Hazem19792019_432.jpg,منتج Hazem19792019_432,أخرى,0000f7ffffdb00ff,يوجد صور متطابقة/متشابهة بصرياً
3593,Hazem19792019_4320.jpg,منتج Hazem19792019_4320,أخرى,fdfd27fd070707ef,
3594,Hazem19792019_4321.jpg,منتج Hazem19792019_4321,أخرى,9f9f838391998983,يوجد صور متطابقة/متشابهة بصرياً
3595,Hazem19792019_4322.jpg,منتج Hazem19792019_4322,أخرى,08c8fa7e7eecee00,يوجد صور متطابقة/متشابهة بصرياً
3596,Hazem19792019_4323.jpg,منتج Hazem19792019_4323,أخرى,ffe181f0608e84ce,
3597,Hazem19792019_4324.jpg,منتج Hazem19792019_4324,أخرى,063e3e1e3e3f3f8f,يوجد صور متطابقة/متشابهة بصرياً
3598,Hazem19792019_4325.jpg,منتج Hazem19792019_4325,أخرى,fffff71ffeff0000,
3599,Hazem19792019_4326.jpg,منتج Hazem19792019_4326,أخرى,fff9c020247e0087,يوجد صور متطابقة/متشابهة بصرياً
3600,Hazem19792019_4327.jpg,منتج Hazem19792019_4327,أخرى,0165ffff2f03affb,
3601,Hazem19792019_4328.jpg,منتج Hazem19792019_4328,أخرى,7078300036361fff,يوجد صور متطابقة/متشابهة بصرياً
3602,Hazem19792019_4329.jpg,منتج Hazem19792019_4329,أخرى,00079fcdcdc9c707,
3603,Hazem19792019_433.jpg,منتج Hazem19792019_433,أخرى,ffffb1018181ffff,
3604,Hazem19792019_4330.jpg,منتج Hazem19792019_4330,أخرى,fcfcdbfbe9bda100,يوجد صور متطابقة/متشابهة بصرياً
3605,Hazem19792019_4331.jpg,منتج Hazem19792019_4331,أخرى,800f6f0f6b2d0e00,
3606,Hazem19792019_4332.jpg,منتج Hazem19792019_4332,أخرى,043dfd9a9a98d9d8,
3607,Hazem19792019_4333.jpg,منتج Hazem19792019_4333,أخرى,020f7fd7d753c2d3,
3608,Hazem19792019_4334.jpg,منتج Hazem19792019_4334,أخرى,ecc0fff8f8bee400,
3609,Hazem19792019_4335.jpg,منتج Hazem19792019_4335,أخرى,e7c1c3e7e7ffffee,يوجد صور متطابقة/متشابهة بصرياً
3610,Hazem19792019_4336.jpg,منتج Hazem19792019_4336,أخرى,e7e5c603858f89e9,يوجد صور متطابقة/متشابهة بصرياً
3611,Hazem19792019_4337.jpg,منتج Hazem19792019_4337,أخرى,f8f8f8f888f8ba8e,يوجد صور متطابقة/متشابهة بصرياً
3612,Hazem19792019_4338.jpg,منتج Hazem19792019_4338,أخرى,9f9fefcbc1d98fcf,يوجد صور متطابقة/متشابهة بصرياً
3613,Hazem19792019_4339.jpg,منتج Hazem19792019_4339,أخرى,ffb901b9ffbdffbd,يوجد صور متطابقة/متشابهة بصرياً
3614,Hazem19792019_434.jpg,منتج Hazem19792019_434,أخرى,df8f878181818181,يوجد صور متطابقة/متشابهة بصرياً
3615,Hazem19792019_4340.jpg,منتج Hazem19792019_4340,أخرى,fffce1e1918fffff,يوجد صور متطابقة/متشابهة بصرياً
3616,Hazem19792019_4341.jpg,منتج Hazem19792019_4341,أخرى,f0f0f0f0f0f0008f,يوجد صور متطابقة/متشابهة بصرياً
3617,Hazem19792019_4342.jpg,منتج Hazem19792019_4342,أخرى,7c7c7c7c7e7e7e20,يوجد صور متطابقة/متشابهة بصرياً
3618,Hazem19792019_4343.jpg,منتج Hazem19792019_4343,أخرى,8000ef03e7e17901,
3619,Hazem19792019_4344.jpg,منتج Hazem19792019_4344,أخرى,f0f89c8cbc8c8cfc,يوجد صور متطابقة/متشابهة بصرياً
3620,Hazem19792019_4345.jpg,منتج Hazem19792019_4345,أخرى,fe321f1e12391f1f,يوجد صور متطابقة/متشابهة بصرياً
3621,Hazem19792019_4346.jpg,منتج Hazem19792019_4346,أخرى,0f00f3f33bfbf8ff,يوجد صور متطابقة/متشابهة بصرياً
3622,Hazem19792019_4347.jpg,منتج Hazem19792019_4347,أخرى,ff7f4300bcfcf000,يوجد صور متطابقة/متشابهة بصرياً
3623,Hazem19792019_4348.jpg,منتج Hazem19792019_4348,أخرى,071f3f3937373f20,
3624,Hazem19792019_4349.jpg,منتج Hazem19792019_4349,أخرى,22a0a090be9f3fbf,يوجد صور متطابقة/متشابهة بصرياً
3625,Hazem19792019_435.jpg,منتج Hazem19792019_435,أخرى,031f0d093d393907,يوجد صور متطابقة/متشابهة بصرياً
3626,Hazem19792019_4350.jpg,منتج Hazem19792019_4350,أخرى,0003ffdfdff701bf,
3627,Hazem19792019_4351.jpg,منتج Hazem19792019_4351,أخرى,ffc1c1e381c181ff,
3628,Hazem19792019_4352.jpg,منتج Hazem19792019_4352,أخرى,ffffffc3c1c0f0f8,
3629,Hazem19792019_4353.jpg,منتج Hazem19792019_4353,أخرى,c0c0c0decfefffff,
3630,Hazem19792019_4354.jpg,منتج Hazem19792019_4354,أخرى,ffffff1aba929000,
3631,Hazem19792019_4355.jpg,منتج Hazem19792019_4355,أخرى,fe808d1e7e5e00f3,
3632,Hazem19792019_4356.jpg,منتج Hazem19792019_4356,أخرى,01012185c33339fe,
3633,Hazem19792019_4357.jpg,منتج Hazem19792019_4357,أخرى,07066f5f7f7d4700,يوجد صور متطابقة/متشابهة بصرياً
3634,Hazem19792019_4358.jpg,منتج Hazem19792019_4358,أخرى,0080fcf4fefeeeff,
3635,Hazem19792019_4359.jpg,منتج Hazem19792019_4359,أخرى,1fa3e3fb191b13f3,يوجد صور متطابقة/متشابهة بصرياً
3636,Hazem19792019_436.jpg,منتج Hazem19792019_436,أخرى,ffe78b002000c0f9,
3637,Hazem19792019_4360.jpg,منتج Hazem19792019_4360,أخرى,1f93e3f71f1d1fbf,يوجد صور متطابقة/متشابهة بصرياً
3638,Hazem19792019_4361.jpg,منتج Hazem19792019_4361,أخرى,00f8fefee0fbffc2,
3639,Hazem19792019_4362.jpg,منتج Hazem19792019_4362,أخرى,01017f3f3f3fe0e0,
3640,Hazem19792019_4363.jpg,منتج Hazem19792019_4363,أخرى,8018189cbf1fffff,
3641,Hazem19792019_4364.jpg,منتج Hazem19792019_4364,أخرى,14d8c8c618fcffff,
3642,Hazem19792019_4365.jpg,منتج Hazem19792019_4365,أخرى,8f0080c1e3e7ff7f,
3643,Hazem19792019_4366.jpg,منتج Hazem19792019_4366,أخرى,0000103078fffbf9,
3644,Hazem19792019_4367.jpg,منتج Hazem19792019_4367,أخرى,f050202c9fbff8fe,
3645,Hazem19792019_4368.jpg,منتج Hazem19792019_4368,أخرى,fefefef677b20000,
3646,Hazem19792019_4369.jpg,منتج Hazem19792019_4369,أخرى,fee642667e3ebebe,
3647,Hazem19792019_437.jpg,منتج Hazem19792019_437,أخرى,00f2fbcf0b83dff3,يوجد صور متطابقة/متشابهة بصرياً
3648,Hazem19792019_4370.jpg,منتج Hazem19792019_4370,أخرى,00000240706bffff,يوجد صور متطابقة/متشابهة بصرياً
3649,Hazem19792019_4371.jpg,منتج Hazem19792019_4371,أخرى,2f07ed2d0f1f0347,يوجد صور متطابقة/متشابهة بصرياً
3650,Hazem19792019_4372.jpg,منتج Hazem19792019_4372,أخرى,ffff000000c0ffff,يوجد صور متطابقة/متشابهة بصرياً
3651,Hazem19792019_4373.jpg,منتج Hazem19792019_4373,أخرى,e0e72438a5f7ffdf,يوجد صور متطابقة/متشابهة بصرياً
3652,Hazem19792019_4374.jpg,منتج Hazem19792019_4374,أخرى,ff0000eaff027aff,يوجد صور متطابقة/متشابهة بصرياً
3653,Hazem19792019_4375.jpg,منتج Hazem19792019_4375,أخرى,ffffdf0f6f0f0f07,يوجد صور متطابقة/متشابهة بصرياً
3654,Hazem19792019_4376.jpg,منتج Hazem19792019_4376,أخرى,ffb39381dbc18181,يوجد صور متطابقة/متشابهة بصرياً
3655,Hazem19792019_4377.jpg,منتج Hazem19792019_4377,أخرى,ff07021fffdfdc40,
3656,Hazem19792019_4378.jpg,منتج Hazem19792019_4378,أخرى,8fc0f90b0b0f0f7f,يوجد صور متطابقة/متشابهة بصرياً
3657,Hazem19792019_4379.jpg,منتج Hazem19792019_4379,أخرى,70f8f8f1e7e18000,يوجد صور متطابقة/متشابهة بصرياً
3658,Hazem19792019_438.jpg,منتج Hazem19792019_438,أخرى,00ffff80802080ff,يوجد صور متطابقة/متشابهة بصرياً
3659,Hazem19792019_4380.jpg,منتج Hazem19792019_4380,أخرى,7d7dffc38183c187,يوجد صور متطابقة/متشابهة بصرياً
3660,Hazem19792019_4381.jpg,منتج Hazem19792019_4381,أخرى,ff819ccec3c1fbff,يوجد صور متطابقة/متشابهة بصرياً
3661,Hazem19792019_4382.jpg,منتج Hazem19792019_4382,أخرى,0fe0ffc2e1c3cfff,يوجد صور متطابقة/متشابهة بصرياً
3662,Hazem19792019_4383.jpg,منتج Hazem19792019_4383,أخرى,fffe3f0fc36000fd,يوجد صور متطابقة/متشابهة بصرياً
3663,Hazem19792019_4384.jpg,منتج Hazem19792019_4384,أخرى,fffe0f87c30f3fff,يوجد صور متطابقة/متشابهة بصرياً
3664,Hazem19792019_4385.jpg,منتج Hazem19792019_4385,أخرى,fffecec1f1c3dfff,
3665,Hazem19792019_4386.jpg,منتج Hazem19792019_4386,أخرى,fffefec3e1c3c7df,يوجد صور متطابقة/متشابهة بصرياً
3666,Hazem19792019_4387.jpg,منتج Hazem19792019_4387,أخرى,bf810181b18f03ff,يوجد صور متطابقة/متشابهة بصرياً
3667,Hazem19792019_4388.jpg,منتج Hazem19792019_4388,أخرى,83908cf03fcff98c,يوجد صور متطابقة/متشابهة بصرياً
3668,Hazem19792019_4389.jpg,منتج Hazem19792019_4389,أخرى,30f6f2f2faf238f8,
3669,Hazem19792019_439.jpg,منتج Hazem19792019_439,أخرى,ff81e1f7cdfd6000,
3670,Hazem19792019_4390.jpg,منتج Hazem19792019_4390,أخرى,b8fb898b9959d8f9,
3671,Hazem19792019_4391.jpg,منتج Hazem19792019_4391,أخرى,1f1b72b2b290d0df,
3672,Hazem19792019_4392.jpg,منتج Hazem19792019_4392,أخرى,010d09199b1f1fef,
3673,Hazem19792019_4393.jpg,منتج Hazem19792019_4393,أخرى,18f8a8e8f8f8b8e9,
3674,Hazem19792019_4394.jpg,منتج Hazem19792019_4394,أخرى,ef61c1a424a4c33f,
3675,Hazem19792019_4395.jpg,منتج Hazem19792019_4395,أخرى,1b1f7b787df92120,
3676,Hazem19792019_4396.jpg,منتج Hazem19792019_4396,أخرى,d8c076eeac84ff00,
3677,Hazem19792019_4397.jpg,منتج Hazem19792019_4397,أخرى,fff8c47e5840fefe,
3678,Hazem19792019_4398.jpg,منتج Hazem19792019_4398,أخرى,03696d40e0ebfff8,
3679,Hazem19792019_4399.jpg,منتج Hazem19792019_4399,أخرى,f703bb191908fff8,
3680,Hazem19792019_44.jpg,منتج Hazem19792019_44,أخرى,0eff9da1008fff1e,
3681,Hazem19792019_440.jpg,منتج Hazem19792019_440,أخرى,ff3e3e6607030004,
3682,Hazem19792019_4400.jpg,منتج Hazem19792019_4400,أخرى,3ddffffd80c49c00,
3683,Hazem19792019_4401.jpg,منتج Hazem19792019_4401,أخرى,3ffffc8d0d0d8dfd,
3684,Hazem19792019_4402.jpg,منتج Hazem19792019_4402,أخرى,f8f8f8980888ccff,يوجد صور متطابقة/متشابهة بصرياً
3685,Hazem19792019_4403.jpg,منتج Hazem19792019_4403,أخرى,f9f9f9fd8cccbe8e,يوجد صور متطابقة/متشابهة بصرياً
3686,Hazem19792019_4404.jpg,منتج Hazem19792019_4404,أخرى,9fbfb9bb9090809f,
3687,Hazem19792019_4405.jpg,منتج Hazem19792019_4405,أخرى,dffdfdbd859d859f,
3688,Hazem19792019_4406.jpg,منتج Hazem19792019_4406,أخرى,ffffdf0f6f0f0f07,يوجد صور متطابقة/متشابهة بصرياً
3689,Hazem19792019_4407.jpg,منتج Hazem19792019_4407,أخرى,e1808080b0f081ff,يوجد صور متطابقة/متشابهة بصرياً
3690,Hazem19792019_4408.jpg,منتج Hazem19792019_4408,أخرى,ffff81e1f7131093,يوجد صور متطابقة/متشابهة بصرياً
3691,Hazem19792019_4409.jpg,منتج Hazem19792019_4409,أخرى,c0c07e1e1e1e3c1e,يوجد صور متطابقة/متشابهة بصرياً
3692,Hazem19792019_4410.jpg,منتج Hazem19792019_4410,أخرى,fcf0003affeaf290,يوجد صور متطابقة/متشابهة بصرياً
3693,Hazem19792019_4411.jpg,منتج Hazem19792019_4411,أخرى,bf810181b18f03ff,يوجد صور متطابقة/متشابهة بصرياً
3694,Hazem19792019_4412.jpg,منتج Hazem19792019_4412,أخرى,6878f8f80c4c7e47,
3695,Hazem19792019_4413.jpg,منتج Hazem19792019_4413,أخرى,e0a080fff000c0bf,
3696,Hazem19792019_4414.jpg,منتج Hazem19792019_4414,أخرى,000e1fff1d79f1f9,
3697,Hazem19792019_4415.jpg,منتج Hazem19792019_4415,أخرى,00fedadada7a7e00,
3698,Hazem19792019_4416.jpg,منتج Hazem19792019_4416,أخرى,e18080fb8181ffff,يوجد صور متطابقة/متشابهة بصرياً
3699,Hazem19792019_4417.jpg,منتج Hazem19792019_4417,أخرى,b7a3e3a3a3e327bf,يوجد صور متطابقة/متشابهة بصرياً
3700,Hazem19792019_4418.jpg,منتج Hazem19792019_4418,أخرى,fdf9f3dfd0080000,يوجد صور متطابقة/متشابهة بصرياً
3701,Hazem19792019_4419.jpg,منتج Hazem19792019_4419,أخرى,0026ffececfcd100,يوجد صور متطابقة/متشابهة بصرياً
3702,Hazem19792019_442.jpg,منتج Hazem19792019_442,أخرى,f9f9d99918181898,يوجد صور متطابقة/متشابهة بصرياً
3703,Hazem19792019_4420.jpg,منتج Hazem19792019_4420,أخرى,fe0460f8fafe0000,يوجد صور متطابقة/متشابهة بصرياً
3704,Hazem19792019_4421.jpg,منتج Hazem19792019_4421,أخرى,0000fefe7e7f7f7c,يوجد صور متطابقة/متشابهة بصرياً
3705,Hazem19792019_4422.jpg,منتج Hazem19792019_4422,أخرى,ffffd78387838f08,يوجد صور متطابقة/متشابهة بصرياً
3706,Hazem19792019_4423.jpg,منتج Hazem19792019_4423,أخرى,fff989898938fdff,يوجد صور متطابقة/متشابهة بصرياً
3707,Hazem19792019_4424.jpg,منتج Hazem19792019_4424,أخرى,00707060ffffff60,يوجد صور متطابقة/متشابهة بصرياً
3708,Hazem19792019_4425.jpg,منتج Hazem19792019_4425,أخرى,fefafe787ef01074,يوجد صور متطابقة/متشابهة بصرياً
3709,Hazem19792019_4426.jpg,منتج Hazem19792019_4426,أخرى,c37f7e6e3e02020c,يوجد صور متطابقة/متشابهة بصرياً
3710,Hazem19792019_4427.jpg,منتج Hazem19792019_4427,أخرى,ff47437e3c301907,
3711,Hazem19792019_4428.jpg,منتج Hazem19792019_4428,أخرى,fffffffe788183f3,يوجد صور متطابقة/متشابهة بصرياً
3712,Hazem19792019_4429.jpg,منتج Hazem19792019_4429,أخرى,ff991d9f9f9f9999,يوجد صور متطابقة/متشابهة بصرياً
3713,Hazem19792019_443.jpg,منتج Hazem19792019_443,أخرى,ff39b99999010000,يوجد صور متطابقة/متشابهة بصرياً
3714,Hazem19792019_4430.jpg,منتج Hazem19792019_4430,أخرى,1f3d37e7c7c7c7e7,يوجد صور متطابقة/متشابهة بصرياً
3715,Hazem19792019_4431.jpg,منتج Hazem19792019_4431,أخرى,007f777ffe80c300,يوجد صور متطابقة/متشابهة بصرياً
3716,Hazem19792019_4432.jpg,منتج Hazem19792019_4432,أخرى,7cf8f8fefcc0c0e0,يوجد صور متطابقة/متشابهة بصرياً
3717,Hazem19792019_4433.jpg,منتج Hazem19792019_4433,أخرى,ff8381c3e3838381,يوجد صور متطابقة/متشابهة بصرياً
3718,Hazem19792019_4434.jpg,منتج Hazem19792019_4434,أخرى,ffc1c181818383ff,يوجد صور متطابقة/متشابهة بصرياً
3719,Hazem19792019_4435.jpg,منتج Hazem19792019_4435,أخرى,ffc78383c1fb83cf,يوجد صور متطابقة/متشابهة بصرياً
3720,Hazem19792019_4436.jpg,منتج Hazem19792019_4436,أخرى,ffff81808181ffff,يوجد صور متطابقة/متشابهة بصرياً
3721,Hazem19792019_4437.jpg,منتج Hazem19792019_4437,أخرى,c3c1c1c3f7c381c1,يوجد صور متطابقة/متشابهة بصرياً
3722,Hazem19792019_4438.jpg,منتج Hazem19792019_4438,أخرى,fb306cf2333c243f,يوجد صور متطابقة/متشابهة بصرياً
3723,Hazem19792019_4439.jpg,منتج Hazem19792019_4439,أخرى,81c183c39fe7f73f,يوجد صور متطابقة/متشابهة بصرياً
3724,Hazem19792019_444.jpg,منتج Hazem19792019_444,أخرى,1eff5f6c7f3b00c0,يوجد صور متطابقة/متشابهة بصرياً
3725,Hazem19792019_4440.jpg,منتج Hazem19792019_4440,أخرى,f9f8b880c0e8e1ff,يوجد صور متطابقة/متشابهة بصرياً
3726,Hazem19792019_4441.jpg,منتج Hazem19792019_4441,أخرى,0000008080b6ffff,يوجد صور متطابقة/متشابهة بصرياً
3727,Hazem19792019_4442.jpg,منتج Hazem19792019_4442,أخرى,07070707ffffffff,يوجد صور متطابقة/متشابهة بصرياً
3728,Hazem19792019_4443.jpg,منتج Hazem19792019_4443,أخرى,16cceccefefc0400,يوجد صور متطابقة/متشابهة بصرياً
3729,Hazem19792019_4444.jpg,منتج Hazem19792019_4444,أخرى,006e6f7f5f7f0000,يوجد صور متطابقة/متشابهة بصرياً
3730,Hazem19792019_4445.jpg,منتج Hazem19792019_4445,أخرى,f8fcbff9fc90d0c0,يوجد صور متطابقة/متشابهة بصرياً
3731,Hazem19792019_4446.jpg,منتج Hazem19792019_4446,أخرى,c6ffe7dc988680c0,يوجد صور متطابقة/متشابهة بصرياً
3732,Hazem19792019_4447.jpg,منتج Hazem19792019_4447,أخرى,7e6e66220267c0e0,يوجد صور متطابقة/متشابهة بصرياً
3733,Hazem19792019_4448.jpg,منتج Hazem19792019_4448,أخرى,fb7b5b4571010170,يوجد صور متطابقة/متشابهة بصرياً
3734,Hazem19792019_4449.jpg,منتج Hazem19792019_4449,أخرى,cff3f746f20000f0,يوجد صور متطابقة/متشابهة بصرياً
3735,Hazem19792019_445.jpg,منتج Hazem19792019_445,أخرى,002cfcfcfcf08080,
3736,Hazem19792019_4450.jpg,منتج Hazem19792019_4450,أخرى,063e3e1e3e3f3f8f,يوجد صور متطابقة/متشابهة بصرياً
3737,Hazem19792019_4451.jpg,منتج Hazem19792019_4451,أخرى,ffe8c00603072f4e,
3738,Hazem19792019_4452.jpg,منتج Hazem19792019_4452,أخرى,fff9c020247e0087,يوجد صور متطابقة/متشابهة بصرياً
3739,Hazem19792019_4453.jpg,منتج Hazem19792019_4453,أخرى,e2e6c6fee0c2c6c2,
3740,Hazem19792019_4454.jpg,منتج Hazem19792019_4454,أخرى,89a985a7ef812901,
3741,Hazem19792019_4455.jpg,منتج Hazem19792019_4455,أخرى,605e867e7e061e3e,
3742,Hazem19792019_4456.jpg,منتج Hazem19792019_4456,أخرى,7078300036361fff,يوجد صور متطابقة/متشابهة بصرياً
3743,Hazem19792019_4457.jpg,منتج Hazem19792019_4457,أخرى,00777b5b83c0f0ff,
3744,Hazem19792019_4458.jpg,منتج Hazem19792019_4458,أخرى,810008085f3ebcff,يوجد صور متطابقة/متشابهة بصرياً
3745,Hazem19792019_4459.jpg,منتج Hazem19792019_4459,أخرى,fffffdf3f3f1f1f1,يوجد صور متطابقة/متشابهة بصرياً
3746,Hazem19792019_446.jpg,منتج Hazem19792019_446,أخرى,1f3f033333a38383,
3747,Hazem19792019_4460.jpg,منتج Hazem19792019_4460,أخرى,fefafe787ef01074,يوجد صور متطابقة/متشابهة بصرياً
3748,Hazem19792019_4461.jpg,منتج Hazem19792019_4461,أخرى,ffe9818081c1c1ff,
3749,Hazem19792019_4462.jpg,منتج Hazem19792019_4462,أخرى,4e367e7d72171300,يوجد صور متطابقة/متشابهة بصرياً
3750,Hazem19792019_4463.jpg,منتج Hazem19792019_4463,أخرى,cc8011b7a7b76d4d,يوجد صور متطابقة/متشابهة بصرياً
3751,Hazem19792019_4464.jpg,منتج Hazem19792019_4464,أخرى,fffffdf3f3f1f1f1,يوجد صور متطابقة/متشابهة بصرياً
3752,Hazem19792019_4465.jpg,منتج Hazem19792019_4465,أخرى,ff7f3f1f1f370001,يوجد صور متطابقة/متشابهة بصرياً
3753,Hazem19792019_4466.jpg,منتج Hazem19792019_4466,أخرى,787c7e674c6e4600,يوجد صور متطابقة/متشابهة بصرياً
3754,Hazem19792019_4467.jpg,منتج Hazem19792019_4467,أخرى,000c3c7e7e7ff9a0,
3755,Hazem19792019_4468.jpg,منتج Hazem19792019_4468,أخرى,818031b33f3ffffd,يوجد صور متطابقة/متشابهة بصرياً
3756,Hazem19792019_4469.jpg,منتج Hazem19792019_4469,أخرى,ffcbc8c081838180,يوجد صور متطابقة/متشابهة بصرياً
3757,Hazem19792019_447.jpg,منتج Hazem19792019_447,أخرى,3e8ea6a70082c7c7,
3758,Hazem19792019_4470.jpg,منتج Hazem19792019_4470,أخرى,070f0f0f0f2f7f1e,يوجد صور متطابقة/متشابهة بصرياً
3759,Hazem19792019_4471.jpg,منتج Hazem19792019_4471,أخرى,e0420e0c0000fdff,يوجد صور متطابقة/متشابهة بصرياً
3760,Hazem19792019_4472.jpg,منتج Hazem19792019_4472,أخرى,01fcfc90f0e0e0e3,يوجد صور متطابقة/متشابهة بصرياً
3761,Hazem19792019_4473.jpg,منتج Hazem19792019_4473,أخرى,fcf8f89918f8fcbc,يوجد صور متطابقة/متشابهة بصرياً
3762,Hazem19792019_4474.jpg,منتج Hazem19792019_4474,أخرى,0106036f9f838f1f,يوجد صور متطابقة/متشابهة بصرياً
3763,Hazem19792019_4475.jpg,منتج Hazem19792019_4475,أخرى,1f3d37e7c7c7c7e7,يوجد صور متطابقة/متشابهة بصرياً
3764,Hazem19792019_4476.jpg,منتج Hazem19792019_4476,أخرى,40c0e0072f8fabaf,يوجد صور متطابقة/متشابهة بصرياً
3765,Hazem19792019_4477.jpg,منتج Hazem19792019_4477,أخرى,ff9d080098fcfcfc,
3766,Hazem19792019_4478.jpg,منتج Hazem19792019_4478,أخرى,fff7930313019fff,
3767,Hazem19792019_4479.jpg,منتج Hazem19792019_4479,أخرى,3f39090b0b0b89ff,
3768,Hazem19792019_448.jpg,منتج Hazem19792019_448,أخرى,0f20f0f8f8f8f0f0,
3769,Hazem19792019_4480.jpg,منتج Hazem19792019_4480,أخرى,f9f9f98909090909,
3770,Hazem19792019_4481.jpg,منتج Hazem19792019_4481,أخرى,ff89809c09c80808,يوجد صور متطابقة/متشابهة بصرياً
3771,Hazem19792019_4482.jpg,منتج Hazem19792019_4482,أخرى,df8d8d0d0d0d8d9d,
3772,Hazem19792019_4483.jpg,منتج Hazem19792019_4483,أخرى,fdfc0d0d0d0919f8,
3773,Hazem19792019_4484.jpg,منتج Hazem19792019_4484,أخرى,f3e380a0f0b8b8ff,يوجد صور متطابقة/متشابهة بصرياً
3774,Hazem19792019_4485.jpg,منتج Hazem19792019_4485,أخرى,fff9818181898fff,يوجد صور متطابقة/متشابهة بصرياً
3775,Hazem19792019_4486.jpg,منتج Hazem19792019_4486,أخرى,effff08c808080df,
3776,Hazem19792019_4487.jpg,منتج Hazem19792019_4487,أخرى,ff9f0989090909bf,
3777,Hazem19792019_4488.jpg,منتج Hazem19792019_4488,أخرى,7f3f202060e0d0d3,
3778,Hazem19792019_4489.jpg,منتج Hazem19792019_4489,أخرى,6f7ddffb8013c080,يوجد صور متطابقة/متشابهة بصرياً
3779,Hazem19792019_449.jpg,منتج Hazem19792019_449,أخرى,fafc7c7e7a363838,
3780,Hazem19792019_4490.jpg,منتج Hazem19792019_4490,أخرى,0083c3c3a181ebf9,يوجد صور متطابقة/متشابهة بصرياً
3781,Hazem19792019_4491.jpg,منتج Hazem19792019_4491,أخرى,7bc0f81b19191fff,يوجد صور متطابقة/متشابهة بصرياً
3782,Hazem19792019_4492.jpg,منتج Hazem19792019_4492,أخرى,1fa3e3fb191b13f3,يوجد صور متطابقة/متشابهة بصرياً
3783,Hazem19792019_4493.jpg,منتج Hazem19792019_4493,أخرى,bfbcff8585858587,
3784,Hazem19792019_4494.jpg,منتج Hazem19792019_4494,أخرى,007e7e3c7e7e7e7e,يوجد صور متطابقة/متشابهة بصرياً
3785,Hazem19792019_4495.jpg,منتج Hazem19792019_4495,أخرى,fffffffe788183f3,يوجد صور متطابقة/متشابهة بصرياً
3786,Hazem19792019_4496.jpg,منتج Hazem19792019_4496,أخرى,ffff810080e3c3ff,يوجد صور متطابقة/متشابهة بصرياً
3787,Hazem19792019_4497.jpg,منتج Hazem19792019_4497,أخرى,1fbff9f090999dfc,
3788,Hazem19792019_4498.jpg,منتج Hazem19792019_4498,أخرى,806023737b360101,
3789,Hazem19792019_4499.jpg,منتج Hazem19792019_4499,أخرى,e7e3fbc9c1f1e3ff,يوجد صور متطابقة/متشابهة بصرياً
3790,Hazem19792019_45.jpg,منتج Hazem19792019_45,أخرى,ffff13710183ff01,يوجد صور متطابقة/متشابهة بصرياً
3791,Hazem19792019_450.jpg,منتج Hazem19792019_450,أخرى,d1fffd3b19100000,
3792,Hazem19792019_4500.jpg,منتج Hazem19792019_4500,أخرى,bcbe96deda5f4e00,
3793,Hazem19792019_4501.jpg,منتج Hazem19792019_4501,أخرى,004fff7f3f98df5f,
3794,Hazem19792019_4502.jpg,منتج Hazem19792019_4502,أخرى,0f0000220ac4ffff,
3795,Hazem19792019_4503.jpg,منتج Hazem19792019_4503,أخرى,0001bb88ff7eb1ff,
3796,Hazem19792019_4504.jpg,منتج Hazem19792019_4504,أخرى,fffe0604047e3f80,
3797,Hazem19792019_4505.jpg,منتج Hazem19792019_4505,أخرى,0000070f3f2f2fbf,
3798,Hazem19792019_4506.jpg,منتج Hazem19792019_4506,أخرى,df1ffd8081800000,
3799,Hazem19792019_4507.jpg,منتج Hazem19792019_4507,أخرى,ff0000007f0c9ee0,
3800,Hazem19792019_4508.jpg,منتج Hazem19792019_4508,أخرى,83b0f5fabf1f01bb,يوجد صور متطابقة/متشابهة بصرياً
3801,Hazem19792019_4509.jpg,منتج Hazem19792019_4509,أخرى,0ffffba1f181818f,يوجد صور متطابقة/متشابهة بصرياً
3802,Hazem19792019_451.jpg,منتج Hazem19792019_451,أخرى,7f3d7f01ff000100,
3803,Hazem19792019_4510.jpg,منتج Hazem19792019_4510,أخرى,ffc0c0c04040f0ff,يوجد صور متطابقة/متشابهة بصرياً
3804,Hazem19792019_4511.jpg,منتج Hazem19792019_4511,أخرى,ff070217ffdfdc40,يوجد صور متطابقة/متشابهة بصرياً
3805,Hazem19792019_4512.jpg,منتج Hazem19792019_4512,أخرى,00063dfdcf06c0c0,يوجد صور متطابقة/متشابهة بصرياً
3806,Hazem19792019_4513.jpg,منتج Hazem19792019_4513,أخرى,1e1e1b38f8091fff,يوجد صور متطابقة/متشابهة بصرياً
3807,Hazem19792019_4514.jpg,منتج Hazem19792019_4514,أخرى,3c7cfc9c1ed10000,يوجد صور متطابقة/متشابهة بصرياً
3808,Hazem19792019_4515.jpg,منتج Hazem19792019_4515,أخرى,00000effbf5f4644,يوجد صور متطابقة/متشابهة بصرياً
3809,Hazem19792019_4516.jpg,منتج Hazem19792019_4516,أخرى,001c1c3c7e1c1840,يوجد صور متطابقة/متشابهة بصرياً
3810,Hazem19792019_4517.jpg,منتج Hazem19792019_4517,أخرى,00007fff8fc6c6c2,يوجد صور متطابقة/متشابهة بصرياً
3811,Hazem19792019_4518.jpg,منتج Hazem19792019_4518,أخرى,00001e7f575e46ff,يوجد صور متطابقة/متشابهة بصرياً
3812,Hazem19792019_4519.jpg,منتج Hazem19792019_4519,أخرى,000ffcff0c080807,يوجد صور متطابقة/متشابهة بصرياً
3813,Hazem19792019_452.jpg,منتج Hazem19792019_452,أخرى,7e7fff7f7f060000,
3814,Hazem19792019_4520.jpg,منتج Hazem19792019_4520,أخرى,1f1f1c5c3939715d,يوجد صور متطابقة/متشابهة بصرياً
3815,Hazem19792019_4521.jpg,منتج Hazem19792019_4521,أخرى,000018187e7e7e00,يوجد صور متطابقة/متشابهة بصرياً
3816,Hazem19792019_4522.jpg,منتج Hazem19792019_4522,أخرى,0727677555050787,يوجد صور متطابقة/متشابهة بصرياً
3817,Hazem19792019_4523.jpg,منتج Hazem19792019_4523,أخرى,0018187c7e1858ff,يوجد صور متطابقة/متشابهة بصرياً
3818,Hazem19792019_4524.jpg,منتج Hazem19792019_4524,أخرى,00006fef8f464644,يوجد صور متطابقة/متشابهة بصرياً
3819,Hazem19792019_4525.jpg,منتج Hazem19792019_4525,أخرى,00006fef8f464644,يوجد صور متطابقة/متشابهة بصرياً
3820,Hazem19792019_4526.jpg,منتج Hazem19792019_4526,أخرى,000018187e7e7e00,يوجد صور متطابقة/متشابهة بصرياً
3821,Hazem19792019_4527.jpg,منتج Hazem19792019_4527,أخرى,000006efcf464642,يوجد صور متطابقة/متشابهة بصرياً
3822,Hazem19792019_4528.jpg,منتج Hazem19792019_4528,أخرى,00002eff9f4f4e46,يوجد صور متطابقة/متشابهة بصرياً
3823,Hazem19792019_4529.jpg,منتج Hazem19792019_4529,أخرى,000026efcf064644,
3824,Hazem19792019_453.jpg,منتج Hazem19792019_453,أخرى,1c1df1f1999f9bef,يوجد صور متطابقة/متشابهة بصرياً
3825,Hazem19792019_4530.jpg,منتج Hazem19792019_4530,أخرى,07073e960500151f,يوجد صور متطابقة/متشابهة بصرياً
3826,Hazem19792019_4531.jpg,منتج Hazem19792019_4531,أخرى,18040e3ebe3c0400,يوجد صور متطابقة/متشابهة بصرياً
3827,Hazem19792019_4532.jpg,منتج Hazem19792019_4532,أخرى,00002dff9f46c6c6,يوجد صور متطابقة/متشابهة بصرياً
3828,Hazem19792019_4533.jpg,منتج Hazem19792019_4533,أخرى,00000eff9fc6cedf,يوجد صور متطابقة/متشابهة بصرياً
3829,Hazem19792019_4534.jpg,منتج Hazem19792019_4534,أخرى,000efefe06060e1f,
3830,Hazem19792019_4535.jpg,منتج Hazem19792019_4535,أخرى,00003fdf1bcfc6c6,يوجد صور متطابقة/متشابهة بصرياً
3831,Hazem19792019_4536.jpg,منتج Hazem19792019_4536,أخرى,00183c3c7e3c18e7,يوجد صور متطابقة/متشابهة بصرياً
3832,Hazem19792019_4537.jpg,منتج Hazem19792019_4537,أخرى,f0f1f2e000303030,يوجد صور متطابقة/متشابهة بصرياً
3833,Hazem19792019_4538.jpg,منتج Hazem19792019_4538,أخرى,1800bebd7c3c0000,يوجد صور متطابقة/متشابهة بصرياً
3834,Hazem19792019_4539.jpg,منتج Hazem19792019_4539,أخرى,83018183bf81e77f,
3835,Hazem19792019_454.jpg,منتج Hazem19792019_454,أخرى,0090b8f8d0dfd8f8,
3836,Hazem19792019_4540.jpg,منتج Hazem19792019_4540,أخرى,fff9f99d0d05ccfd,يوجد صور متطابقة/متشابهة بصرياً
3837,Hazem19792019_4541.jpg,منتج Hazem19792019_4541,أخرى,ffffff8f81890000,يوجد صور متطابقة/متشابهة بصرياً
3838,Hazem19792019_4542.jpg,منتج Hazem19792019_4542,أخرى,3f381e80b400079f,
3839,Hazem19792019_4543.jpg,منتج Hazem19792019_4543,أخرى,83b0f5fabf1f01bb,يوجد صور متطابقة/متشابهة بصرياً
3840,Hazem19792019_4544.jpg,منتج Hazem19792019_4544,أخرى,e0e72438a5f7ffdf,يوجد صور متطابقة/متشابهة بصرياً
3841,Hazem19792019_4545.jpg,منتج Hazem19792019_4545,أخرى,ffb8981898f8f9ff,يوجد صور متطابقة/متشابهة بصرياً
3842,Hazem19792019_4546.jpg,منتج Hazem19792019_4546,أخرى,ff948383089f97ff,يوجد صور متطابقة/متشابهة بصرياً
3843,Hazem19792019_4547.jpg,منتج Hazem19792019_4547,أخرى,fe0040fefefef2ff,يوجد صور متطابقة/متشابهة بصرياً
3844,Hazem19792019_4548.jpg,منتج Hazem19792019_4548,أخرى,78f0b2f0f4367eff,يوجد صور متطابقة/متشابهة بصرياً
3845,Hazem19792019_4549.jpg,منتج Hazem19792019_4549,أخرى,ff0000eaff027aff,يوجد صور متطابقة/متشابهة بصرياً
3846,Hazem19792019_455.jpg,منتج Hazem19792019_455,أخرى,c07effdb85f68080,
3847,Hazem19792019_4550.jpg,منتج Hazem19792019_4550,أخرى,2f07ed2d0f1f0347,يوجد صور متطابقة/متشابهة بصرياً
3848,Hazem19792019_4551.jpg,منتج Hazem19792019_4551,أخرى,fdffe70010a2e0ff,يوجد صور متطابقة/متشابهة بصرياً
3849,Hazem19792019_4552.jpg,منتج Hazem19792019_4552,أخرى,bf33330d2527cdcd,يوجد صور متطابقة/متشابهة بصرياً
3850,Hazem19792019_4553.jpg,منتج Hazem19792019_4553,أخرى,fffffcf2302060fb,يوجد صور متطابقة/متشابهة بصرياً
3851,Hazem19792019_4554.jpg,منتج Hazem19792019_4554,أخرى,f9f8b880c0e8e1ff,يوجد صور متطابقة/متشابهة بصرياً
3852,Hazem19792019_4555.jpg,منتج Hazem19792019_4555,أخرى,0000008080b6ffff,يوجد صور متطابقة/متشابهة بصرياً
3853,Hazem19792019_4556.jpg,منتج Hazem19792019_4556,أخرى,f7f3f3f9192080fd,يوجد صور متطابقة/متشابهة بصرياً
3854,Hazem19792019_4557.jpg,منتج Hazem19792019_4557,أخرى,fff2e208f8e0c49f,يوجد صور متطابقة/متشابهة بصرياً
3855,Hazem19792019_4558.jpg,منتج Hazem19792019_4558,أخرى,c1c0185a5a181b9b,
3856,Hazem19792019_4559.jpg,منتج Hazem19792019_4559,أخرى,ff7f3f1f1f370001,يوجد صور متطابقة/متشابهة بصرياً
3857,Hazem19792019_456.jpg,منتج Hazem19792019_456,أخرى,ffffff4f0f010000,يوجد صور متطابقة/متشابهة بصرياً
3858,Hazem19792019_4560.jpg,منتج Hazem19792019_4560,أخرى,fffefec3e1c3c7df,يوجد صور متطابقة/متشابهة بصرياً
3859,Hazem19792019_4561.jpg,منتج Hazem19792019_4561,أخرى,ffdf1f1f1910101b,
3860,Hazem19792019_4562.jpg,منتج Hazem19792019_4562,أخرى,818031b33f3ffffd,يوجد صور متطابقة/متشابهة بصرياً
3861,Hazem19792019_4563.jpg,منتج Hazem19792019_4563,أخرى,070f0f0f0f2f7f1e,يوجد صور متطابقة/متشابهة بصرياً
3862,Hazem19792019_4564.jpg,منتج Hazem19792019_4564,أخرى,ffff3500003fbbb1,يوجد صور متطابقة/متشابهة بصرياً
3863,Hazem19792019_4565.jpg,منتج Hazem19792019_4565,أخرى,ffff910d0901038f,يوجد صور متطابقة/متشابهة بصرياً
3864,Hazem19792019_4566.jpg,منتج Hazem19792019_4566,أخرى,f3c0c1939191b1ff,يوجد صور متطابقة/متشابهة بصرياً
3865,Hazem19792019_4567.jpg,منتج Hazem19792019_4567,أخرى,f78383f312f3f75f,يوجد صور متطابقة/متشابهة بصرياً
3866,Hazem19792019_4568.jpg,منتج Hazem19792019_4568,أخرى,000006efcf464642,يوجد صور متطابقة/متشابهة بصرياً
3867,Hazem19792019_4569.jpg,منتج Hazem19792019_4569,أخرى,07073e960500151f,يوجد صور متطابقة/متشابهة بصرياً
3868,Hazem19792019_457.jpg,منتج Hazem19792019_457,أخرى,ffffff8381818000,يوجد صور متطابقة/متشابهة بصرياً
3869,Hazem19792019_4570.jpg,منتج Hazem19792019_4570,أخرى,0018187c7e1858ff,يوجد صور متطابقة/متشابهة بصرياً
3870,Hazem19792019_4571.jpg,منتج Hazem19792019_4571,أخرى,f333bf8dcfdf0113,
3871,Hazem19792019_4572.jpg,منتج Hazem19792019_4572,أخرى,081e1b99a586e7ff,يوجد صور متطابقة/متشابهة بصرياً
3872,Hazem19792019_4573.jpg,منتج Hazem19792019_4573,أخرى,0c3cfee98993b3ff,
3873,Hazem19792019_4574.jpg,منتج Hazem19792019_4574,أخرى,ffff810080e3c3ff,يوجد صور متطابقة/متشابهة بصرياً
3874,Hazem19792019_4575.jpg,منتج Hazem19792019_4575,أخرى,ffffffff7e3c0000,يوجد صور متطابقة/متشابهة بصرياً
3875,Hazem19792019_4576.jpg,منتج Hazem19792019_4576,أخرى,08ff8c480c0cecfe,
3876,Hazem19792019_4577.jpg,منتج Hazem19792019_4577,أخرى,cc8011b7a7b76d4d,يوجد صور متطابقة/متشابهة بصرياً
3877,Hazem19792019_4578.jpg,منتج Hazem19792019_4578,أخرى,02c27afafafa0e8f,يوجد صور متطابقة/متشابهة بصرياً
3878,Hazem19792019_4579.jpg,منتج Hazem19792019_4579,أخرى,7c7c7c6ac7dfc300,
3879,Hazem19792019_458.jpg,منتج Hazem19792019_458,أخرى,ffff8f81a101010f,
3880,Hazem19792019_4580.jpg,منتج Hazem19792019_4580,أخرى,007f777ffe80c300,يوجد صور متطابقة/متشابهة بصرياً
3881,Hazem19792019_4581.jpg,منتج Hazem19792019_4581,أخرى,e18080fb8181ffff,يوجد صور متطابقة/متشابهة بصرياً
3882,Hazem19792019_4582.jpg,منتج Hazem19792019_4582,أخرى,6323f37f3e1e0c04,يوجد صور متطابقة/متشابهة بصرياً
3883,Hazem19792019_4583.jpg,منتج Hazem19792019_4583,أخرى,fdf9d9f8f8f0f8ff,يوجد صور متطابقة/متشابهة بصرياً
3884,Hazem19792019_4584.jpg,منتج Hazem19792019_4584,أخرى,f8fcbff9fc90d0c0,يوجد صور متطابقة/متشابهة بصرياً
3885,Hazem19792019_4585.jpg,منتج Hazem19792019_4585,أخرى,fefafe787ef01074,يوجد صور متطابقة/متشابهة بصرياً
3886,Hazem19792019_4586.jpg,منتج Hazem19792019_4586,أخرى,e4fcfaf2fe7e1640,يوجد صور متطابقة/متشابهة بصرياً
3887,Hazem19792019_4587.jpg,منتج Hazem19792019_4587,أخرى,ffc3c3c080c3fffc,
3888,Hazem19792019_4588.jpg,منتج Hazem19792019_4588,أخرى,f7c38081fcf9e9fe,يوجد صور متطابقة/متشابهة بصرياً
3889,Hazem19792019_4589.jpg,منتج Hazem19792019_4589,أخرى,c0007efeefff9880,
3890,Hazem19792019_459.jpg,منتج Hazem19792019_459,أخرى,e0f8f8f8f1fb8080,
3891,Hazem19792019_4590.jpg,منتج Hazem19792019_4590,أخرى,ffff3500003fbbb1,يوجد صور متطابقة/متشابهة بصرياً
3892,Hazem19792019_4591.jpg,منتج Hazem19792019_4591,أخرى,0000f8fec7c7effb,يوجد صور متطابقة/متشابهة بصرياً
3893,Hazem19792019_4592.jpg,منتج Hazem19792019_4592,أخرى,8c92100092fef7ff,
3894,Hazem19792019_4593.jpg,منتج Hazem19792019_4593,أخرى,ffb0c1cdad8583ff,
3895,Hazem19792019_4594.jpg,منتج Hazem19792019_4594,أخرى,0ffffba1f181818f,يوجد صور متطابقة/متشابهة بصرياً
3896,Hazem19792019_4595.jpg,منتج Hazem19792019_4595,أخرى,83b0f5fabf1f01bb,يوجد صور متطابقة/متشابهة بصرياً
3897,Hazem19792019_4596.jpg,منتج Hazem19792019_4596,أخرى,00007fff8fc6c6c2,يوجد صور متطابقة/متشابهة بصرياً
3898,Hazem19792019_4597.jpg,منتج Hazem19792019_4597,أخرى,00000effbf5f4644,يوجد صور متطابقة/متشابهة بصرياً
3899,Hazem19792019_4598.jpg,منتج Hazem19792019_4598,أخرى,00001e7f575e46ff,يوجد صور متطابقة/متشابهة بصرياً
3900,Hazem19792019_4599.jpg,منتج Hazem19792019_4599,أخرى,001c1c3c7e1c1840,يوجد صور متطابقة/متشابهة بصرياً
3901,Hazem19792019_46.jpg,منتج Hazem19792019_46,أخرى,3688828ebe3e3e3c,يوجد صور متطابقة/متشابهة بصرياً
3902,Hazem19792019_460.jpg,منتج Hazem19792019_460,أخرى,00800077f713c6fe,
3903,Hazem19792019_4600.jpg,منتج Hazem19792019_4600,أخرى,000ffcff0c080807,يوجد صور متطابقة/متشابهة بصرياً
3904,Hazem19792019_4601.jpg,منتج Hazem19792019_4601,أخرى,1f1f1c5c3939715d,يوجد صور متطابقة/متشابهة بصرياً
3905,Hazem19792019_4602.jpg,منتج Hazem19792019_4602,أخرى,0727677555050787,يوجد صور متطابقة/متشابهة بصرياً
3906,Hazem19792019_4603.jpg,منتج Hazem19792019_4603,أخرى,0018187c7e1858ff,يوجد صور متطابقة/متشابهة بصرياً
3907,Hazem19792019_4604.jpg,منتج Hazem19792019_4604,أخرى,00063dfdcf06c0c0,يوجد صور متطابقة/متشابهة بصرياً
3908,Hazem19792019_4605.jpg,منتج Hazem19792019_4605,أخرى,00006fef8f464644,يوجد صور متطابقة/متشابهة بصرياً
3909,Hazem19792019_4606.jpg,منتج Hazem19792019_4606,أخرى,000018187e7e7e00,يوجد صور متطابقة/متشابهة بصرياً
3910,Hazem19792019_4607.jpg,منتج Hazem19792019_4607,أخرى,00002eff9f4f4e46,يوجد صور متطابقة/متشابهة بصرياً
3911,Hazem19792019_4608.jpg,منتج Hazem19792019_4608,أخرى,18040e3ebe3c0400,يوجد صور متطابقة/متشابهة بصرياً
3912,Hazem19792019_4609.jpg,منتج Hazem19792019_4609,أخرى,00003fdf1bcfc6c6,يوجد صور متطابقة/متشابهة بصرياً
3913,Hazem19792019_461.jpg,منتج Hazem19792019_461,أخرى,032303069617c7ec,
3914,Hazem19792019_4610.jpg,منتج Hazem19792019_4610,أخرى,00183c3c7e3c18e7,يوجد صور متطابقة/متشابهة بصرياً
3915,Hazem19792019_4611.jpg,منتج Hazem19792019_4611,أخرى,00000eff9fc6cedf,يوجد صور متطابقة/متشابهة بصرياً
3916,Hazem19792019_4612.jpg,منتج Hazem19792019_4612,أخرى,00002dff9f46c6c6,يوجد صور متطابقة/متشابهة بصرياً
3917,Hazem19792019_4613.jpg,منتج Hazem19792019_4613,أخرى,1800bebd7c3c0000,يوجد صور متطابقة/متشابهة بصرياً
3918,Hazem19792019_4614.jpg,منتج Hazem19792019_4614,أخرى,ffcbc8c081838180,يوجد صور متطابقة/متشابهة بصرياً
3919,Hazem19792019_4615.jpg,منتج Hazem19792019_4615,أخرى,1f3d37e7c7c7c7e7,يوجد صور متطابقة/متشابهة بصرياً
3920,Hazem19792019_4616.jpg,منتج Hazem19792019_4616,أخرى,ffffff8f81890000,يوجد صور متطابقة/متشابهة بصرياً
3921,Hazem19792019_4617.jpg,منتج Hazem19792019_4617,أخرى,fff9f99d0d05ccfd,يوجد صور متطابقة/متشابهة بصرياً
3922,Hazem19792019_4618.jpg,منتج Hazem19792019_4618,أخرى,f0f1f2e000303030,يوجد صور متطابقة/متشابهة بصرياً
3923,Hazem19792019_4619.jpg,منتج Hazem19792019_4619,أخرى,000006efcf464642,يوجد صور متطابقة/متشابهة بصرياً
3924,Hazem19792019_462.jpg,منتج Hazem19792019_462,أخرى,0303008081f9dec2,
3925,Hazem19792019_4620.jpg,منتج Hazem19792019_4620,أخرى,3c7cfc9c1ed10000,يوجد صور متطابقة/متشابهة بصرياً
3926,Hazem19792019_4621.jpg,منتج Hazem19792019_4621,أخرى,f9f8b880c0e8e1ff,يوجد صور متطابقة/متشابهة بصرياً
3927,Hazem19792019_4622.jpg,منتج Hazem19792019_4622,أخرى,0000008080b6ffff,يوجد صور متطابقة/متشابهة بصرياً
3928,Hazem19792019_4623.jpg,منتج Hazem19792019_4623,أخرى,ff7f3f1f1f370001,يوجد صور متطابقة/متشابهة بصرياً
3929,Hazem19792019_4624.jpg,منتج Hazem19792019_4624,أخرى,f7f3f3f9192080fd,يوجد صور متطابقة/متشابهة بصرياً
3930,Hazem19792019_4625.jpg,منتج Hazem19792019_4625,أخرى,e0420e0c0000fdff,يوجد صور متطابقة/متشابهة بصرياً
3931,Hazem19792019_4626.jpg,منتج Hazem19792019_4626,أخرى,df4f6f66869ff700,يوجد صور متطابقة/متشابهة بصرياً
3932,Hazem19792019_4627.jpg,منتج Hazem19792019_4627,أخرى,f9c8e79ff1e0e0f1,يوجد صور متطابقة/متشابهة بصرياً
3933,Hazem19792019_4628.jpg,منتج Hazem19792019_4628,أخرى,ffff8181939398bc,يوجد صور متطابقة/متشابهة بصرياً
3934,Hazem19792019_4629.jpg,منتج Hazem19792019_4629,أخرى,00240c4c793b3307,يوجد صور متطابقة/متشابهة بصرياً
3935,Hazem19792019_463.jpg,منتج Hazem19792019_463,أخرى,ffff00000000ff1f,
3936,Hazem19792019_4630.jpg,منتج Hazem19792019_4630,أخرى,1f93e3f71f1d1fbf,يوجد صور متطابقة/متشابهة بصرياً
3937,Hazem19792019_4631.jpg,منتج Hazem19792019_4631,أخرى,1fa3e3fb191b13f3,يوجد صور متطابقة/متشابهة بصرياً
3938,Hazem19792019_4632.jpg,منتج Hazem19792019_4632,أخرى,83908cf03fcff98c,يوجد صور متطابقة/متشابهة بصرياً
3939,Hazem19792019_4633.jpg,منتج Hazem19792019_4633,أخرى,f0f89c8cbc8c8cfc,يوجد صور متطابقة/متشابهة بصرياً
3940,Hazem19792019_4634.jpg,منتج Hazem19792019_4634,أخرى,ffb39381dbc18181,يوجد صور متطابقة/متشابهة بصرياً
3941,Hazem19792019_4635.jpg,منتج Hazem19792019_4635,أخرى,dfc7c7c7c7e6e6c1,يوجد صور متطابقة/متشابهة بصرياً
3942,Hazem19792019_4636.jpg,منتج Hazem19792019_4636,أخرى,ff120000302487fe,يوجد صور متطابقة/متشابهة بصرياً
3943,Hazem19792019_4637.jpg,منتج Hazem19792019_4637,أخرى,f9030333030387ff,يوجد صور متطابقة/متشابهة بصرياً
3944,Hazem19792019_4638.jpg,منتج Hazem19792019_4638,أخرى,f98100948000939f,يوجد صور متطابقة/متشابهة بصرياً
3945,Hazem19792019_4639.jpg,منتج Hazem19792019_4639,أخرى,001f3f3e1c1c1e3c,يوجد صور متطابقة/متشابهة بصرياً
3946,Hazem19792019_464.jpg,منتج Hazem19792019_464,أخرى,fe00002628007fff,
3947,Hazem19792019_4640.jpg,منتج Hazem19792019_4640,أخرى,e0420e0c0000fdff,يوجد صور متطابقة/متشابهة بصرياً
3948,Hazem19792019_4641.jpg,منتج Hazem19792019_4641,أخرى,01fcfc90f0e0e0e3,يوجد صور متطابقة/متشابهة بصرياً
3949,Hazem19792019_4642.jpg,منتج Hazem19792019_4642,أخرى,1f1f0d2d0fdfcfcc,يوجد صور متطابقة/متشابهة بصرياً
3950,Hazem19792019_4643.jpg,منتج Hazem19792019_4643,أخرى,bfcf8183819f81fd,يوجد صور متطابقة/متشابهة بصرياً
3951,Hazem19792019_4644.jpg,منتج Hazem19792019_4644,أخرى,3e7f667e74004000,يوجد صور متطابقة/متشابهة بصرياً
3952,Hazem19792019_4645.jpg,منتج Hazem19792019_4645,أخرى,bfbfb0bebeb09018,
3953,Hazem19792019_4646.jpg,منتج Hazem19792019_4646,أخرى,fcf0003affeaf290,يوجد صور متطابقة/متشابهة بصرياً
3954,Hazem19792019_4647.jpg,منتج Hazem19792019_4647,أخرى,9e08fe047e7c00fe,يوجد صور متطابقة/متشابهة بصرياً
3955,Hazem19792019_4648.jpg,منتج Hazem19792019_4648,أخرى,3f7f7f3f3d3d3d00,
3956,Hazem19792019_4649.jpg,منتج Hazem19792019_4649,أخرى,fc7c6c7cfcfc14fc,يوجد صور متطابقة/متشابهة بصرياً
3957,Hazem19792019_465.jpg,منتج Hazem19792019_465,أخرى,fcfcfce00400002f,
3958,Hazem19792019_4650.jpg,منتج Hazem19792019_4650,أخرى,0187fffe42fec000,
3959,Hazem19792019_4651.jpg,منتج Hazem19792019_4651,أخرى,fffffd1103fd031c,
3960,Hazem19792019_4652.jpg,منتج Hazem19792019_4652,أخرى,1f3d37e7c7c7c7e7,يوجد صور متطابقة/متشابهة بصرياً
3961,Hazem19792019_4653.jpg,منتج Hazem19792019_4653,أخرى,00000ef81f8fffff,
3962,Hazem19792019_4654.jpg,منتج Hazem19792019_4654,أخرى,083c3c3e3b3f3e78,
3963,Hazem19792019_4655.jpg,منتج Hazem19792019_4655,أخرى,010006ff070787fb,
3964,Hazem19792019_4656.jpg,منتج Hazem19792019_4656,أخرى,fffd003667062680,
3965,Hazem19792019_4657.jpg,منتج Hazem19792019_4657,أخرى,010002323b32ffff,
3966,Hazem19792019_4658.jpg,منتج Hazem19792019_4658,أخرى,c70e1f6a610729dc,
3967,Hazem19792019_4659.jpg,منتج Hazem19792019_4659,أخرى,3400c07972f369df,
3968,Hazem19792019_466.jpg,منتج Hazem19792019_466,أخرى,ff878f8f85010080,
3969,Hazem19792019_4660.jpg,منتج Hazem19792019_4660,أخرى,0000c382c6feffff,
3970,Hazem19792019_4661.jpg,منتج Hazem19792019_4661,أخرى,cfc3c3c3c3c3c3c3,يوجد صور متطابقة/متشابهة بصرياً
3971,Hazem19792019_4662.jpg,منتج Hazem19792019_4662,أخرى,f78383f312f3f75f,يوجد صور متطابقة/متشابهة بصرياً
3972,Hazem19792019_4663.jpg,منتج Hazem19792019_4663,أخرى,83a38183b08187ff,
3973,Hazem19792019_4664.jpg,منتج Hazem19792019_4664,أخرى,ffe0001444047fff,
3974,Hazem19792019_4665.jpg,منتج Hazem19792019_4665,أخرى,00bebebefe7efefe,
3975,Hazem19792019_4666.jpg,منتج Hazem19792019_4666,أخرى,00003f277f7fffff,
3976,Hazem19792019_4667.jpg,منتج Hazem19792019_4667,أخرى,003c7dff7f3f0000,
3977,Hazem19792019_4668.jpg,منتج Hazem19792019_4668,أخرى,0343ffffff070000,
3978,Hazem19792019_4669.jpg,منتج Hazem19792019_4669,أخرى,ff3f1fc0ac818d3f,يوجد صور متطابقة/متشابهة بصرياً
3979,Hazem19792019_467.jpg,منتج Hazem19792019_467,أخرى,8080e08efeffdfff,
3980,Hazem19792019_4670.jpg,منتج Hazem19792019_4670,أخرى,7c7e7e4766fee040,
3981,Hazem19792019_4671.jpg,منتج Hazem19792019_4671,أخرى,b3b3b1a3a7a7a1f1,يوجد صور متطابقة/متشابهة بصرياً
3982,Hazem19792019_4672.jpg,منتج Hazem19792019_4672,أخرى,000088bcfebebe9e,
3983,Hazem19792019_4673.jpg,منتج Hazem19792019_4673,أخرى,e18080fb8181ffff,يوجد صور متطابقة/متشابهة بصرياً
3984,Hazem19792019_4674.jpg,منتج Hazem19792019_4674,أخرى,007f7f7b39af80e0,
3985,Hazem19792019_4675.jpg,منتج Hazem19792019_4675,أخرى,0000ecefdada80de,
3986,Hazem19792019_4676.jpg,منتج Hazem19792019_4676,أخرى,ffbf81f3f38381f5,يوجد صور متطابقة/متشابهة بصرياً
3987,Hazem19792019_4677.jpg,منتج Hazem19792019_4677,أخرى,ffffdf0f6f0f0f07,يوجد صور متطابقة/متشابهة بصرياً
3988,Hazem19792019_4678.jpg,منتج Hazem19792019_4678,أخرى,7bc0f81b19191fff,يوجد صور متطابقة/متشابهة بصرياً
3989,Hazem19792019_468.jpg,منتج Hazem19792019_468,أخرى,fffbe72723000000,
3990,Hazem19792019_4680.jpg,منتج Hazem19792019_4680,أخرى,00cf6d69b9787f60,
3991,Hazem19792019_4682.jpg,منتج Hazem19792019_4682,أخرى,d0d22ce0c2e34204,يوجد صور متطابقة/متشابهة بصرياً
3992,Hazem19792019_4683.jpg,منتج Hazem19792019_4683,أخرى,7fff1100181d1cfe,
3993,Hazem19792019_4684.jpg,منتج Hazem19792019_4684,أخرى,f98100948000939f,يوجد صور متطابقة/متشابهة بصرياً
3994,Hazem19792019_4685.jpg,منتج Hazem19792019_4685,أخرى,ff120000302487fe,يوجد صور متطابقة/متشابهة بصرياً
3995,Hazem19792019_4686.jpg,منتج Hazem19792019_4686,أخرى,f9030333030387ff,يوجد صور متطابقة/متشابهة بصرياً
3996,Hazem19792019_4687.jpg,منتج Hazem19792019_4687,أخرى,3f3f3f3f9fc7c1f0,يوجد صور متطابقة/متشابهة بصرياً
3997,Hazem19792019_4688.jpg,منتج Hazem19792019_4688,أخرى,fffffec800010300,يوجد صور متطابقة/متشابهة بصرياً
3998,Hazem19792019_4689.jpg,منتج Hazem19792019_4689,أخرى,001f3f3e1c1c1e3c,يوجد صور متطابقة/متشابهة بصرياً
3999,Hazem19792019_469.jpg,منتج Hazem19792019_469,أخرى,7f7f0d8d8c001f1f,
4000,Hazem19792019_4690.jpg,منتج Hazem19792019_4690,أخرى,83010101fb07ffff,يوجد صور متطابقة/متشابهة بصرياً
4001,Hazem19792019_4691.jpg,منتج Hazem19792019_4691,أخرى,bf9f8081879f8fff,يوجد صور متطابقة/متشابهة بصرياً
4002,Hazem19792019_4692.jpg,منتج Hazem19792019_4692,أخرى,e0e0e0df1f1f9ff7,يوجد صور متطابقة/متشابهة بصرياً
4003,Hazem19792019_4693.jpg,منتج Hazem19792019_4693,أخرى,00240c4c793b3307,يوجد صور متطابقة/متشابهة بصرياً
4004,Hazem19792019_4694.jpg,منتج Hazem19792019_4694,أخرى,70f8f8f1e7e18000,يوجد صور متطابقة/متشابهة بصرياً
4005,Hazem19792019_4695.jpg,منتج Hazem19792019_4695,أخرى,a1a5a4ec78303000,يوجد صور متطابقة/متشابهة بصرياً
4006,Hazem19792019_4696.jpg,منتج Hazem19792019_4696,أخرى,df4f6f66869ff700,يوجد صور متطابقة/متشابهة بصرياً
4007,Hazem19792019_4697.jpg,منتج Hazem19792019_4697,أخرى,ffc0c0c04040f0ff,يوجد صور متطابقة/متشابهة بصرياً
4008,Hazem19792019_4698.jpg,منتج Hazem19792019_4698,أخرى,9ffcfcfc2c2981f9,يوجد صور متطابقة/متشابهة بصرياً
4009,Hazem19792019_4699.jpg,منتج Hazem19792019_4699,أخرى,3ffdf1f51d0c1cfc,يوجد صور متطابقة/متشابهة بصرياً
4010,Hazem19792019_47.jpg,منتج Hazem19792019_47,أخرى,0100fefefefe1000,
4011,Hazem19792019_470.jpg,منتج Hazem19792019_470,أخرى,03031383838383a3,يوجد صور متطابقة/متشابهة بصرياً
4012,Hazem19792019_4700.jpg,منتج Hazem19792019_4700,أخرى,ffa7a7a333b989ff,يوجد صور متطابقة/متشابهة بصرياً
4013,Hazem19792019_4701.jpg,منتج Hazem19792019_4701,أخرى,02161f7e76766602,يوجد صور متطابقة/متشابهة بصرياً
4014,Hazem19792019_4702.jpg,منتج Hazem19792019_4702,أخرى,fc1c0081ffffc3c1,يوجد صور متطابقة/متشابهة بصرياً
4015,Hazem19792019_4703.jpg,منتج Hazem19792019_4703,أخرى,ff070217ffdfdc40,يوجد صور متطابقة/متشابهة بصرياً
4016,Hazem19792019_4704.jpg,منتج Hazem19792019_4704,أخرى,ff7f3f1f1f370001,يوجد صور متطابقة/متشابهة بصرياً
4017,Hazem19792019_4705.jpg,منتج Hazem19792019_4705,أخرى,fff2e208f8e0c49f,يوجد صور متطابقة/متشابهة بصرياً
4018,Hazem19792019_4706.jpg,منتج Hazem19792019_4706,أخرى,f8f8f8f888f8aa8f,يوجد صور متطابقة/متشابهة بصرياً
4019,Hazem19792019_4707.jpg,منتج Hazem19792019_4707,أخرى,f8f8f8980888ccff,يوجد صور متطابقة/متشابهة بصرياً
4020,Hazem19792019_4708.jpg,منتج Hazem19792019_4708,أخرى,93b3cb0901859cfe,يوجد صور متطابقة/متشابهة بصرياً
4021,Hazem19792019_4709.jpg,منتج Hazem19792019_4709,أخرى,f8f8f8f888f8ba8e,يوجد صور متطابقة/متشابهة بصرياً
4022,Hazem19792019_471.jpg,منتج Hazem19792019_471,أخرى,ffffff8303038787,
4023,Hazem19792019_4710.jpg,منتج Hazem19792019_4710,أخرى,b3b3fbf9c104061e,يوجد صور متطابقة/متشابهة بصرياً
4024,Hazem19792019_4711.jpg,منتج Hazem19792019_4711,أخرى,83908cf03fcff98c,يوجد صور متطابقة/متشابهة بصرياً
4025,Hazem19792019_4712.jpg,منتج Hazem19792019_4712,أخرى,ffb39381dbc18181,يوجد صور متطابقة/متشابهة بصرياً
4026,Hazem19792019_4713.jpg,منتج Hazem19792019_4713,أخرى,bf800000fff981ff,يوجد صور متطابقة/متشابهة بصرياً
4027,Hazem19792019_4714.jpg,منتج Hazem19792019_4714,أخرى,87808880ff1f38ff,يوجد صور متطابقة/متشابهة بصرياً
4028,Hazem19792019_4715.jpg,منتج Hazem19792019_4715,أخرى,800080ffffb1873f,يوجد صور متطابقة/متشابهة بصرياً
4029,Hazem19792019_4716.jpg,منتج Hazem19792019_4716,أخرى,91012107f901cf3f,يوجد صور متطابقة/متشابهة بصرياً
4030,Hazem19792019_4717.jpg,منتج Hazem19792019_4717,أخرى,ffb989998999899b,يوجد صور متطابقة/متشابهة بصرياً
4031,Hazem19792019_4718.jpg,منتج Hazem19792019_4718,أخرى,81808000f9ff093f,يوجد صور متطابقة/متشابهة بصرياً
4032,Hazem19792019_4719.jpg,منتج Hazem19792019_4719,أخرى,ffff878181911fc1,يوجد صور متطابقة/متشابهة بصرياً
4033,Hazem19792019_472.jpg,منتج Hazem19792019_472,أخرى,ffffc1818181e3e1,يوجد صور متطابقة/متشابهة بصرياً
4034,Hazem19792019_4720.jpg,منتج Hazem19792019_4720,أخرى,ffff8181939398bc,يوجد صور متطابقة/متشابهة بصرياً
4035,Hazem19792019_4721.jpg,منتج Hazem19792019_4721,أخرى,ffff81e1f3135011,يوجد صور متطابقة/متشابهة بصرياً
4036,Hazem19792019_4722.jpg,منتج Hazem19792019_4722,أخرى,ffb99999898989df,يوجد صور متطابقة/متشابهة بصرياً
4037,Hazem19792019_4723.jpg,منتج Hazem19792019_4723,أخرى,ffffdf0f6f0f0f07,يوجد صور متطابقة/متشابهة بصرياً
4038,Hazem19792019_4724.jpg,منتج Hazem19792019_4724,أخرى,7bc0f81b19191fff,يوجد صور متطابقة/متشابهة بصرياً
4039,Hazem19792019_4725.jpg,منتج Hazem19792019_4725,أخرى,ff8381f39383819c,يوجد صور متطابقة/متشابهة بصرياً
4040,Hazem19792019_4726.jpg,منتج Hazem19792019_4726,أخرى,e1808080b0f081ff,يوجد صور متطابقة/متشابهة بصرياً
4041,Hazem19792019_4727.jpg,منتج Hazem19792019_4727,أخرى,ff8381f1b79391f7,يوجد صور متطابقة/متشابهة بصرياً
4042,Hazem19792019_4728.jpg,منتج Hazem19792019_4728,أخرى,ffbf81f3f38381f5,يوجد صور متطابقة/متشابهة بصرياً
4043,Hazem19792019_4729.jpg,منتج Hazem19792019_4729,أخرى,df808581fd9b01ff,يوجد صور متطابقة/متشابهة بصرياً
4044,Hazem19792019_473.jpg,منتج Hazem19792019_473,أخرى,ff0f8f90010307bf,
4045,Hazem19792019_4730.jpg,منتج Hazem19792019_4730,أخرى,83b0f5fabf1f01bb,يوجد صور متطابقة/متشابهة بصرياً
4046,Hazem19792019_4731.jpg,منتج Hazem19792019_4731,أخرى,ff8f09018b8f81ff,يوجد صور متطابقة/متشابهة بصرياً
4047,Hazem19792019_4732.jpg,منتج Hazem19792019_4732,أخرى,fffe381c3f3f86c0,يوجد صور متطابقة/متشابهة بصرياً
4048,Hazem19792019_4733.jpg,منتج Hazem19792019_4733,أخرى,ffff00010387f100,يوجد صور متطابقة/متشابهة بصرياً
4049,Hazem19792019_4734.jpg,منتج Hazem19792019_4734,أخرى,d0d22ce0c2e34204,يوجد صور متطابقة/متشابهة بصرياً
4050,Hazem19792019_4735.jpg,منتج Hazem19792019_4735,أخرى,df4f6f66869ff700,يوجد صور متطابقة/متشابهة بصرياً
4051,Hazem19792019_4736.jpg,منتج Hazem19792019_4736,أخرى,f9c8e79ff1e0e0f1,يوجد صور متطابقة/متشابهة بصرياً
4052,Hazem19792019_4737.jpg,منتج Hazem19792019_4737,أخرى,7cf8f8fefcc0c0e0,يوجد صور متطابقة/متشابهة بصرياً
4053,Hazem19792019_4738.jpg,منتج Hazem19792019_4738,أخرى,83908cf03fcff98c,يوجد صور متطابقة/متشابهة بصرياً
4054,Hazem19792019_4739.jpg,منتج Hazem19792019_4739,أخرى,ffff8181939398bc,يوجد صور متطابقة/متشابهة بصرياً
4055,Hazem19792019_474.jpg,منتج Hazem19792019_474,أخرى,feffe38383830303,
4056,Hazem19792019_4740.jpg,منتج Hazem19792019_4740,أخرى,00240c4c793b3307,يوجد صور متطابقة/متشابهة بصرياً
4057,Hazem19792019_4741.jpg,منتج Hazem19792019_4741,أخرى,f0f89c8cbc8c8cfc,يوجد صور متطابقة/متشابهة بصرياً
4058,Hazem19792019_4742.jpg,منتج Hazem19792019_4742,أخرى,1f93e3f71f1d1fbf,يوجد صور متطابقة/متشابهة بصرياً
4059,Hazem19792019_4743.jpg,منتج Hazem19792019_4743,أخرى,1fa3e3fb191b13f3,يوجد صور متطابقة/متشابهة بصرياً
4060,Hazem19792019_4744.jpg,منتج Hazem19792019_4744,أخرى,dfff1f1be3e1e0e1,يوجد صور متطابقة/متشابهة بصرياً
4061,Hazem19792019_4745.jpg,منتج Hazem19792019_4745,أخرى,81c1fffdc1818101,يوجد صور متطابقة/متشابهة بصرياً
4062,Hazem19792019_4746.jpg,منتج Hazem19792019_4746,أخرى,07071580bdfdfd1d,يوجد صور متطابقة/متشابهة بصرياً
4063,Hazem19792019_4747.jpg,منتج Hazem19792019_4747,أخرى,08f4f0f0f0f07170,يوجد صور متطابقة/متشابهة بصرياً
4064,Hazem19792019_4748.jpg,منتج Hazem19792019_4748,أخرى,ff3f1fc0ac818d3f,يوجد صور متطابقة/متشابهة بصرياً
4065,Hazem19792019_4749.jpg,منتج Hazem19792019_4749,أخرى,e18080fb8181ffff,يوجد صور متطابقة/متشابهة بصرياً
4066,Hazem19792019_475.jpg,منتج Hazem19792019_475,أخرى,fefffffc808c0403,
4067,Hazem19792019_4750.jpg,منتج Hazem19792019_4750,أخرى,ff83838381f1f1ff,يوجد صور متطابقة/متشابهة بصرياً
4068,Hazem19792019_4751.jpg,منتج Hazem19792019_4751,أخرى,ff000000ff0100ff,يوجد صور متطابقة/متشابهة بصرياً
4069,Hazem19792019_4752.jpg,منتج Hazem19792019_4752,أخرى,cc8011b7a7b76d4d,يوجد صور متطابقة/متشابهة بصرياً
4070,Hazem19792019_4753.jpg,منتج Hazem19792019_4753,أخرى,08053733131f5d9f,يوجد صور متطابقة/متشابهة بصرياً
4071,Hazem19792019_4754.jpg,منتج Hazem19792019_4754,أخرى,59f8f0d0f0f8f9ff,يوجد صور متطابقة/متشابهة بصرياً
4072,Hazem19792019_4755.jpg,منتج Hazem19792019_4755,أخرى,a0f9f9ffff7e7201,يوجد صور متطابقة/متشابهة بصرياً
4073,Hazem19792019_4756.jpg,منتج Hazem19792019_4756,أخرى,f78383f312f3f75f,يوجد صور متطابقة/متشابهة بصرياً
4074,Hazem19792019_4757.jpg,منتج Hazem19792019_4757,أخرى,e0e0e2e2e3e2e3e4,يوجد صور متطابقة/متشابهة بصرياً
4075,Hazem19792019_4758.jpg,منتج Hazem19792019_4758,أخرى,ffbf03311044fbff,يوجد صور متطابقة/متشابهة بصرياً
4076,Hazem19792019_4759.jpg,منتج Hazem19792019_4759,أخرى,7f477f013f3f0500,يوجد صور متطابقة/متشابهة بصرياً
4077,Hazem19792019_476.jpg,منتج Hazem19792019_476,أخرى,07ffff7f5f07011d,يوجد صور متطابقة/متشابهة بصرياً
4078,Hazem19792019_4760.jpg,منتج Hazem19792019_4760,أخرى,fefec0c0a2f0fc80,يوجد صور متطابقة/متشابهة بصرياً
4079,Hazem19792019_4761.jpg,منتج Hazem19792019_4761,أخرى,ffffe1e7cefe1c04,
4080,Hazem19792019_4762.jpg,منتج Hazem19792019_4762,أخرى,ff000000ff0100ff,يوجد صور متطابقة/متشابهة بصرياً
4081,Hazem19792019_4763.jpg,منتج Hazem19792019_4763,أخرى,fffffffe788183f3,يوجد صور متطابقة/متشابهة بصرياً
4082,Hazem19792019_4764.jpg,منتج Hazem19792019_4764,أخرى,ffff810080e3c3ff,يوجد صور متطابقة/متشابهة بصرياً
4083,Hazem19792019_4765.jpg,منتج Hazem19792019_4765,أخرى,ff0b83838da901ff,يوجد صور متطابقة/متشابهة بصرياً
4084,Hazem19792019_4766.jpg,منتج Hazem19792019_4766,أخرى,f7e3c3e7efffe000,يوجد صور متطابقة/متشابهة بصرياً
4085,Hazem19792019_4767.jpg,منتج Hazem19792019_4767,أخرى,1878f0c0f0f17f1b,يوجد صور متطابقة/متشابهة بصرياً
4086,Hazem19792019_4768.jpg,منتج Hazem19792019_4768,أخرى,f9030333030387ff,يوجد صور متطابقة/متشابهة بصرياً
4087,Hazem19792019_4769.jpg,منتج Hazem19792019_4769,أخرى,ff120000302487fe,يوجد صور متطابقة/متشابهة بصرياً
4088,Hazem19792019_477.jpg,منتج Hazem19792019_477,أخرى,011e720f3f3f3f38,
4089,Hazem19792019_4770.jpg,منتج Hazem19792019_4770,أخرى,001f3f3e1c1c1e3c,يوجد صور متطابقة/متشابهة بصرياً
4090,Hazem19792019_4771.jpg,منتج Hazem19792019_4771,أخرى,fffffec800010300,يوجد صور متطابقة/متشابهة بصرياً
4091,Hazem19792019_4772.jpg,منتج Hazem19792019_4772,أخرى,3f190181968181c3,
4092,Hazem19792019_4773.jpg,منتج Hazem19792019_4773,أخرى,37e73339e0c7e707,يوجد صور متطابقة/متشابهة بصرياً
4093,Hazem19792019_4774.jpg,منتج Hazem19792019_4774,أخرى,f9808080bf8f83ff,
4094,Hazem19792019_4775.jpg,منتج Hazem19792019_4775,أخرى,ffb7f3f1f0c084ba,
4095,Hazem19792019_4776.jpg,منتج Hazem19792019_4776,أخرى,f0feccc0c2c0fefc,يوجد صور متطابقة/متشابهة بصرياً
4096,Hazem19792019_4777.jpg,منتج Hazem19792019_4777,أخرى,4001070f1f3f1f1f,يوجد صور متطابقة/متشابهة بصرياً
4097,Hazem19792019_4778.jpg,منتج Hazem19792019_4778,أخرى,7909497dcdcc9d0f,
4098,Hazem19792019_4779.jpg,منتج Hazem19792019_4779,أخرى,fcf8e0f0f8f0e0b8,يوجد صور متطابقة/متشابهة بصرياً
4099,Hazem19792019_478.jpg,منتج Hazem19792019_478,أخرى,d6ffff1110000800,يوجد صور متطابقة/متشابهة بصرياً
4100,Hazem19792019_4780.jpg,منتج Hazem19792019_4780,أخرى,be7c5d5808f7d100,يوجد صور متطابقة/متشابهة بصرياً
4101,Hazem19792019_4781.jpg,منتج Hazem19792019_4781,أخرى,f8f0e0f8f0e00c09,يوجد صور متطابقة/متشابهة بصرياً
4102,Hazem19792019_4782.jpg,منتج Hazem19792019_4782,أخرى,043fe1ffff0d0100,يوجد صور متطابقة/متشابهة بصرياً
4103,Hazem19792019_4783.jpg,منتج Hazem19792019_4783,أخرى,00006f38fdfcfc30,
4104,Hazem19792019_4784.jpg,منتج Hazem19792019_4784,أخرى,f9c8e79ff1e0e0f1,يوجد صور متطابقة/متشابهة بصرياً
4105,Hazem19792019_4785.jpg,منتج Hazem19792019_4785,أخرى,fdf8f00103098fdf,
4106,Hazem19792019_4786.jpg,منتج Hazem19792019_4786,أخرى,ffc00005810381f9,يوجد صور متطابقة/متشابهة بصرياً
4107,Hazem19792019_4787.jpg,منتج Hazem19792019_4787,أخرى,f0e0c0f8fcf860ff,يوجد صور متطابقة/متشابهة بصرياً
4108,Hazem19792019_4788.jpg,منتج Hazem19792019_4788,أخرى,07c33d01013d81cb,يوجد صور متطابقة/متشابهة بصرياً
4109,Hazem19792019_4789.jpg,منتج Hazem19792019_4789,أخرى,200fa7161672721f,يوجد صور متطابقة/متشابهة بصرياً
4110,Hazem19792019_479.jpg,منتج Hazem19792019_479,أخرى,c9cc849591083c3c,يوجد صور متطابقة/متشابهة بصرياً
4111,Hazem19792019_4790.jpg,منتج Hazem19792019_4790,أخرى,f93f1c00010913bf,
4112,Hazem19792019_4791.jpg,منتج Hazem19792019_4791,أخرى,01e40000f1ffe1db,يوجد صور متطابقة/متشابهة بصرياً
4113,Hazem19792019_4792.jpg,منتج Hazem19792019_4792,أخرى,ff0b83838da901ff,يوجد صور متطابقة/متشابهة بصرياً
4114,Hazem19792019_4793.jpg,منتج Hazem19792019_4793,أخرى,fb306cf2333c243f,يوجد صور متطابقة/متشابهة بصرياً
4115,Hazem19792019_4794.jpg,منتج Hazem19792019_4794,أخرى,ffb989998999899b,يوجد صور متطابقة/متشابهة بصرياً
4116,Hazem19792019_4795.jpg,منتج Hazem19792019_4795,أخرى,fff8cc8d8d8d8d8d,
4117,Hazem19792019_4796.jpg,منتج Hazem19792019_4796,أخرى,a4f0f2d3f3f800f8,يوجد صور متطابقة/متشابهة بصرياً
4118,Hazem19792019_4797.jpg,منتج Hazem19792019_4797,أخرى,7bc0f81b19191fff,يوجد صور متطابقة/متشابهة بصرياً
4119,Hazem19792019_4798.jpg,منتج Hazem19792019_4798,أخرى,ffe1e10009090dff,يوجد صور متطابقة/متشابهة بصرياً
4120,Hazem19792019_4799.jpg,منتج Hazem19792019_4799,أخرى,ff818181f19f81fb,يوجد صور متطابقة/متشابهة بصرياً
4121,Hazem19792019_48.jpg,منتج Hazem19792019_48,أخرى,f0f17373003220f1,يوجد صور متطابقة/متشابهة بصرياً
4122,Hazem19792019_480.jpg,منتج Hazem19792019_480,أخرى,20fefe5a5b3fff00,يوجد صور متطابقة/متشابهة بصرياً
4123,Hazem19792019_4800.jpg,منتج Hazem19792019_4800,أخرى,e4fcfaf2fe7e1640,يوجد صور متطابقة/متشابهة بصرياً
4124,Hazem19792019_4801.jpg,منتج Hazem19792019_4801,أخرى,ffdc0622ff1f0303,يوجد صور متطابقة/متشابهة بصرياً
4125,Hazem19792019_4802.jpg,منتج Hazem19792019_4802,أخرى,bf030181e1ffc381,يوجد صور متطابقة/متشابهة بصرياً
4126,Hazem19792019_4803.jpg,منتج Hazem19792019_4803,أخرى,0000020f6fffff6e,يوجد صور متطابقة/متشابهة بصرياً
4127,Hazem19792019_4804.jpg,منتج Hazem19792019_4804,أخرى,df808581fd9b01ff,يوجد صور متطابقة/متشابهة بصرياً
4128,Hazem19792019_4805.jpg,منتج Hazem19792019_4805,أخرى,dfff1f1be3e1e0e1,يوجد صور متطابقة/متشابهة بصرياً
4129,Hazem19792019_4806.jpg,منتج Hazem19792019_4806,أخرى,bfe4a0a0a09f9ffd,يوجد صور متطابقة/متشابهة بصرياً
4130,Hazem19792019_4807.jpg,منتج Hazem19792019_4807,أخرى,6f7ddffb8013c080,يوجد صور متطابقة/متشابهة بصرياً
4131,Hazem19792019_4808.jpg,منتج Hazem19792019_4808,أخرى,f0f070def6c00300,يوجد صور متطابقة/متشابهة بصرياً
4132,Hazem19792019_4809.jpg,منتج Hazem19792019_4809,أخرى,3fdefc9898989d9c,يوجد صور متطابقة/متشابهة بصرياً
4133,Hazem19792019_481.jpg,منتج Hazem19792019_481,أخرى,9ca4a581808096b6,يوجد صور متطابقة/متشابهة بصرياً
4134,Hazem19792019_4810.jpg,منتج Hazem19792019_4810,أخرى,0f5f8c0012f2d2df,يوجد صور متطابقة/متشابهة بصرياً
4135,Hazem19792019_4811.jpg,منتج Hazem19792019_4811,أخرى,7ff3c3b3800010fd,يوجد صور متطابقة/متشابهة بصرياً
4136,Hazem19792019_4812.jpg,منتج Hazem19792019_4812,أخرى,bffff59d818d8d9f,يوجد صور متطابقة/متشابهة بصرياً
4137,Hazem19792019_4813.jpg,منتج Hazem19792019_4813,أخرى,ffe988f82005a7fc,
4138,Hazem19792019_4814.jpg,منتج Hazem19792019_4814,أخرى,1ff083bfbf3101ff,يوجد صور متطابقة/متشابهة بصرياً
4139,Hazem19792019_4815.jpg,منتج Hazem19792019_4815,أخرى,3f9f989818a021fd,يوجد صور متطابقة/متشابهة بصرياً
4140,Hazem19792019_4816.jpg,منتج Hazem19792019_4816,أخرى,3f9f981818a0e7fd,يوجد صور متطابقة/متشابهة بصرياً
4141,Hazem19792019_4817.jpg,منتج Hazem19792019_4817,أخرى,bfbff08888c888fd,يوجد صور متطابقة/متشابهة بصرياً
4142,Hazem19792019_4818.jpg,منتج Hazem19792019_4818,أخرى,3c3cfb387c3c1e02,يوجد صور متطابقة/متشابهة بصرياً
4143,Hazem19792019_4819.jpg,منتج Hazem19792019_4819,أخرى,c3818189898989fb,يوجد صور متطابقة/متشابهة بصرياً
4144,Hazem19792019_482.jpg,منتج Hazem19792019_482,أخرى,ff0000424000ffff,يوجد صور متطابقة/متشابهة بصرياً
4145,Hazem19792019_4820.jpg,منتج Hazem19792019_4820,أخرى,ff83cfc3c1c181c3,يوجد صور متطابقة/متشابهة بصرياً
4146,Hazem19792019_4821.jpg,منتج Hazem19792019_4821,أخرى,81c1fffdc1818101,يوجد صور متطابقة/متشابهة بصرياً
4147,Hazem19792019_4822.jpg,منتج Hazem19792019_4822,أخرى,3ffdf1f51d0c1cfc,يوجد صور متطابقة/متشابهة بصرياً
4148,Hazem19792019_4823.jpg,منتج Hazem19792019_4823,أخرى,fcf0003affeaf290,يوجد صور متطابقة/متشابهة بصرياً
4149,Hazem19792019_4824.jpg,منتج Hazem19792019_4824,أخرى,fe76761e00030f0f,
4150,Hazem19792019_4826.jpg,منتج Hazem19792019_4826,أخرى,ff989890f03083c7,يوجد صور متطابقة/متشابهة بصرياً
4151,Hazem19792019_4827.jpg,منتج Hazem19792019_4827,أخرى,ff1919fb8080b0f9,يوجد صور متطابقة/متشابهة بصرياً
4152,Hazem19792019_4828.jpg,منتج Hazem19792019_4828,أخرى,ff989890f03083c7,يوجد صور متطابقة/متشابهة بصرياً
4153,Hazem19792019_4829.jpg,منتج Hazem19792019_4829,أخرى,ff1919fb8080b0f9,يوجد صور متطابقة/متشابهة بصرياً
4154,Hazem19792019_483.jpg,منتج Hazem19792019_483,أخرى,7f7b04636b230021,يوجد صور متطابقة/متشابهة بصرياً
4155,Hazem19792019_4830.jpg,منتج Hazem19792019_4830,أخرى,ff9f9d9d9f88cddb,
4156,Hazem19792019_4831.jpg,منتج Hazem19792019_4831,أخرى,007fffbafefe00de,
4157,Hazem19792019_4832.jpg,منتج Hazem19792019_4832,أخرى,ff9f872098f3ffff,يوجد صور متطابقة/متشابهة بصرياً
4158,Hazem19792019_4833.jpg,منتج Hazem19792019_4833,أخرى,feece7c5e5ed80dc,يوجد صور متطابقة/متشابهة بصرياً
4159,Hazem19792019_4834.jpg,منتج Hazem19792019_4834,أخرى,f1f0fef6161f51e0,يوجد صور متطابقة/متشابهة بصرياً
4160,Hazem19792019_4835.jpg,منتج Hazem19792019_4835,أخرى,38f8f8fcf60000ff,يوجد صور متطابقة/متشابهة بصرياً
4161,Hazem19792019_4836.jpg,منتج Hazem19792019_4836,أخرى,007e7f7f0283fffe,
4162,Hazem19792019_4837.jpg,منتج Hazem19792019_4837,أخرى,3f79f191f5f4e4ff,يوجد صور متطابقة/متشابهة بصرياً
4163,Hazem19792019_4838.jpg,منتج Hazem19792019_4838,أخرى,4e367e7d72171300,يوجد صور متطابقة/متشابهة بصرياً
4164,Hazem19792019_4839.jpg,منتج Hazem19792019_4839,أخرى,ffc3c7c7c7c0e8f9,يوجد صور متطابقة/متشابهة بصرياً
4165,Hazem19792019_484.jpg,منتج Hazem19792019_484,أخرى,ff19fd98380080c0,يوجد صور متطابقة/متشابهة بصرياً
4166,Hazem19792019_4840.jpg,منتج Hazem19792019_4840,أخرى,000107dfc3f3ffbf,يوجد صور متطابقة/متشابهة بصرياً
4167,Hazem19792019_4841.jpg,منتج Hazem19792019_4841,أخرى,f7c38081fcf9e9fe,يوجد صور متطابقة/متشابهة بصرياً
4168,Hazem19792019_4842.jpg,منتج Hazem19792019_4842,أخرى,c3a7d1ef8783f9fd,يوجد صور متطابقة/متشابهة بصرياً
4169,Hazem19792019_4843.jpg,منتج Hazem19792019_4843,أخرى,0ff7e1c1e1fffde1,يوجد صور متطابقة/متشابهة بصرياً
4170,Hazem19792019_4844.jpg,منتج Hazem19792019_4844,أخرى,f3f3fff7f3e5a3f7,يوجد صور متطابقة/متشابهة بصرياً
4171,Hazem19792019_4845.jpg,منتج Hazem19792019_4845,أخرى,fffff1cc070197ff,يوجد صور متطابقة/متشابهة بصرياً
4172,Hazem19792019_4846.jpg,منتج Hazem19792019_4846,أخرى,fdf9d9f8f8f0f8ff,يوجد صور متطابقة/متشابهة بصرياً
4173,Hazem19792019_4847.jpg,منتج Hazem19792019_4847,أخرى,79e3e361e1f5f73b,يوجد صور متطابقة/متشابهة بصرياً
4174,Hazem19792019_4848.jpg,منتج Hazem19792019_4848,أخرى,fff98189c9c9cfff,يوجد صور متطابقة/متشابهة بصرياً
4175,Hazem19792019_4849.jpg,منتج Hazem19792019_4849,أخرى,c3403c0081ffedef,يوجد صور متطابقة/متشابهة بصرياً
4176,Hazem19792019_485.jpg,منتج Hazem19792019_485,أخرى,ffffffc703030340,
4177,Hazem19792019_4850.jpg,منتج Hazem19792019_4850,أخرى,7efcffff672604c0,يوجد صور متطابقة/متشابهة بصرياً
4178,Hazem19792019_4851.jpg,منتج Hazem19792019_4851,أخرى,f78383f312f3f75f,يوجد صور متطابقة/متشابهة بصرياً
4179,Hazem19792019_4852.jpg,منتج Hazem19792019_4852,أخرى,800020766eefe6f4,يوجد صور متطابقة/متشابهة بصرياً
4180,Hazem19792019_4853.jpg,منتج Hazem19792019_4853,أخرى,010307fffffcfcff,
4181,Hazem19792019_4854.jpg,منتج Hazem19792019_4854,أخرى,3ffcf49c8c9c9cfd,يوجد صور متطابقة/متشابهة بصرياً
4182,Hazem19792019_4855.jpg,منتج Hazem19792019_4855,أخرى,e0e0e2e2e3e2e3e4,يوجد صور متطابقة/متشابهة بصرياً
4183,Hazem19792019_4856.jpg,منتج Hazem19792019_4856,أخرى,ff00000f81f0ffff,يوجد صور متطابقة/متشابهة بصرياً
4184,Hazem19792019_4857.jpg,منتج Hazem19792019_4857,أخرى,ffc00005810381f9,يوجد صور متطابقة/متشابهة بصرياً
4185,Hazem19792019_4858.jpg,منتج Hazem19792019_4858,أخرى,f8f8f8980888ccff,يوجد صور متطابقة/متشابهة بصرياً
4186,Hazem19792019_4859.jpg,منتج Hazem19792019_4859,أخرى,fc1c0081ffffc3c1,يوجد صور متطابقة/متشابهة بصرياً
4187,Hazem19792019_486.jpg,منتج Hazem19792019_486,أخرى,ffff830383030303,
4188,Hazem19792019_4860.jpg,منتج Hazem19792019_4860,أخرى,ff070217ffdfdc40,يوجد صور متطابقة/متشابهة بصرياً
4189,Hazem19792019_4861.jpg,منتج Hazem19792019_4861,أخرى,b3b3fbf9c104061e,يوجد صور متطابقة/متشابهة بصرياً
4190,Hazem19792019_4862.jpg,منتج Hazem19792019_4862,أخرى,fff2e208f8e0c49f,يوجد صور متطابقة/متشابهة بصرياً
4191,Hazem19792019_4863.jpg,منتج Hazem19792019_4863,أخرى,f8f8f8f888f8aa8f,يوجد صور متطابقة/متشابهة بصرياً
4192,Hazem19792019_4864.jpg,منتج Hazem19792019_4864,أخرى,bf800000fff981ff,يوجد صور متطابقة/متشابهة بصرياً
4193,Hazem19792019_4865.jpg,منتج Hazem19792019_4865,أخرى,93b3cb0901859cfe,يوجد صور متطابقة/متشابهة بصرياً
4194,Hazem19792019_4866.jpg,منتج Hazem19792019_4866,أخرى,f8f8f8f888f8ba8e,يوجد صور متطابقة/متشابهة بصرياً
4195,Hazem19792019_4867.jpg,منتج Hazem19792019_4867,أخرى,91012107f901cf3f,يوجد صور متطابقة/متشابهة بصرياً
4196,Hazem19792019_4868.jpg,منتج Hazem19792019_4868,أخرى,83908cf03fcff98c,يوجد صور متطابقة/متشابهة بصرياً
4197,Hazem19792019_4869.jpg,منتج Hazem19792019_4869,أخرى,ffb39381dbc18181,يوجد صور متطابقة/متشابهة بصرياً
4198,Hazem19792019_487.jpg,منتج Hazem19792019_487,أخرى,df81268d89670610,
4199,Hazem19792019_4870.jpg,منتج Hazem19792019_4870,أخرى,ffff878181911fc1,يوجد صور متطابقة/متشابهة بصرياً
4200,Hazem19792019_4871.jpg,منتج Hazem19792019_4871,أخرى,87808880ff1f38ff,يوجد صور متطابقة/متشابهة بصرياً
4201,Hazem19792019_4872.jpg,منتج Hazem19792019_4872,أخرى,800080ffffb1873f,يوجد صور متطابقة/متشابهة بصرياً
4202,Hazem19792019_4873.jpg,منتج Hazem19792019_4873,أخرى,ffb99999898989df,يوجد صور متطابقة/متشابهة بصرياً
4203,Hazem19792019_4874.jpg,منتج Hazem19792019_4874,أخرى,ffb989998999899b,يوجد صور متطابقة/متشابهة بصرياً
4204,Hazem19792019_4875.jpg,منتج Hazem19792019_4875,أخرى,81808000f9ff093f,يوجد صور متطابقة/متشابهة بصرياً
4205,Hazem19792019_4876.jpg,منتج Hazem19792019_4876,أخرى,ff8381f39383819c,يوجد صور متطابقة/متشابهة بصرياً
4206,Hazem19792019_4877.jpg,منتج Hazem19792019_4877,أخرى,ffff81e1f3135011,يوجد صور متطابقة/متشابهة بصرياً
4207,Hazem19792019_4878.jpg,منتج Hazem19792019_4878,أخرى,f9030333030387ff,يوجد صور متطابقة/متشابهة بصرياً
4208,Hazem19792019_4879.jpg,منتج Hazem19792019_4879,أخرى,a1a5a4ec78303000,يوجد صور متطابقة/متشابهة بصرياً
4209,Hazem19792019_488.jpg,منتج Hazem19792019_488,أخرى,38787871c199fdff,
4210,Hazem19792019_4880.jpg,منتج Hazem19792019_4880,أخرى,83010101fb07ffff,يوجد صور متطابقة/متشابهة بصرياً
4211,Hazem19792019_4881.jpg,منتج Hazem19792019_4881,أخرى,bf9f8081879f8fff,يوجد صور متطابقة/متشابهة بصرياً
4212,Hazem19792019_4882.jpg,منتج Hazem19792019_4882,أخرى,df4f6f66869ff700,يوجد صور متطابقة/متشابهة بصرياً
4213,Hazem19792019_4883.jpg,منتج Hazem19792019_4883,أخرى,00240c4c793b3307,يوجد صور متطابقة/متشابهة بصرياً
4214,Hazem19792019_4884.jpg,منتج Hazem19792019_4884,أخرى,70f8f8f1e7e18000,يوجد صور متطابقة/متشابهة بصرياً
4215,Hazem19792019_4885.jpg,منتج Hazem19792019_4885,أخرى,ffc0c0c04040f0ff,يوجد صور متطابقة/متشابهة بصرياً
4216,Hazem19792019_4886.jpg,منتج Hazem19792019_4886,أخرى,ffa7a7a333b989ff,يوجد صور متطابقة/متشابهة بصرياً
4217,Hazem19792019_4887.jpg,منتج Hazem19792019_4887,أخرى,3ffdf1f51d0c1cfc,يوجد صور متطابقة/متشابهة بصرياً
4218,Hazem19792019_4888.jpg,منتج Hazem19792019_4888,أخرى,59f8f0d0f0f8f9ff,يوجد صور متطابقة/متشابهة بصرياً
4219,Hazem19792019_4889.jpg,منتج Hazem19792019_4889,أخرى,08053733131f5d9f,يوجد صور متطابقة/متشابهة بصرياً
4220,Hazem19792019_489.jpg,منتج Hazem19792019_489,أخرى,00f0783e3eae2c00,
4221,Hazem19792019_4890.jpg,منتج Hazem19792019_4890,أخرى,cc8011b7a7b76d4d,يوجد صور متطابقة/متشابهة بصرياً
4222,Hazem19792019_4891.jpg,منتج Hazem19792019_4891,أخرى,a0f9f9ffff7e7201,يوجد صور متطابقة/متشابهة بصرياً
4223,Hazem19792019_4892.jpg,منتج Hazem19792019_4892,أخرى,ffff810080e3c3ff,يوجد صور متطابقة/متشابهة بصرياً
4224,Hazem19792019_4893.jpg,منتج Hazem19792019_4893,أخرى,fffffffe788183f3,يوجد صور متطابقة/متشابهة بصرياً
4225,Hazem19792019_4894.jpg,منتج Hazem19792019_4894,أخرى,f7e3c3e7efffe000,يوجد صور متطابقة/متشابهة بصرياً
4226,Hazem19792019_4895.jpg,منتج Hazem19792019_4895,أخرى,1878f0c0f0f17f1b,يوجد صور متطابقة/متشابهة بصرياً
4227,Hazem19792019_4896.jpg,منتج Hazem19792019_4896,أخرى,001f3f3e1c1c1e3c,يوجد صور متطابقة/متشابهة بصرياً
4228,Hazem19792019_4897.jpg,منتج Hazem19792019_4897,أخرى,ff120000302487fe,يوجد صور متطابقة/متشابهة بصرياً
4229,Hazem19792019_4898.jpg,منتج Hazem19792019_4898,أخرى,6f7ddffb8013c080,يوجد صور متطابقة/متشابهة بصرياً
4230,Hazem19792019_4899.jpg,منتج Hazem19792019_4899,أخرى,ff9f872098f3ffff,يوجد صور متطابقة/متشابهة بصرياً
4231,Hazem19792019_49.jpg,منتج Hazem19792019_49,أخرى,361010ffff1110ff,
4232,Hazem19792019_490.jpg,منتج Hazem19792019_490,أخرى,ff938383011081c7,
4233,Hazem19792019_4900.jpg,منتج Hazem19792019_4900,أخرى,feece7c5e5ed80dc,يوجد صور متطابقة/متشابهة بصرياً
4234,Hazem19792019_4901.jpg,منتج Hazem19792019_4901,أخرى,f1f0fef6161f51e0,يوجد صور متطابقة/متشابهة بصرياً
4235,Hazem19792019_4902.jpg,منتج Hazem19792019_4902,أخرى,3f79f191f5f4e4ff,يوجد صور متطابقة/متشابهة بصرياً
4236,Hazem19792019_4903.jpg,منتج Hazem19792019_4903,أخرى,38f8f8fcf60000ff,يوجد صور متطابقة/متشابهة بصرياً
4237,Hazem19792019_4904.jpg,منتج Hazem19792019_4904,أخرى,000107dfc3f3ffbf,يوجد صور متطابقة/متشابهة بصرياً
4238,Hazem19792019_4905.jpg,منتج Hazem19792019_4905,أخرى,4e367e7d72171300,يوجد صور متطابقة/متشابهة بصرياً
4239,Hazem19792019_4906.jpg,منتج Hazem19792019_4906,أخرى,0ff7e1c1e1fffde1,يوجد صور متطابقة/متشابهة بصرياً
4240,Hazem19792019_4907.jpg,منتج Hazem19792019_4907,أخرى,ffc3c7c7c7c0e8f9,يوجد صور متطابقة/متشابهة بصرياً
4241,Hazem19792019_4908.jpg,منتج Hazem19792019_4908,أخرى,f7c38081fcf9e9fe,يوجد صور متطابقة/متشابهة بصرياً
4242,Hazem19792019_4909.jpg,منتج Hazem19792019_4909,أخرى,fdf9d9f8f8f0f8ff,يوجد صور متطابقة/متشابهة بصرياً
4243,Hazem19792019_491.jpg,منتج Hazem19792019_491,أخرى,f0e0cf2ae0e40000,
4244,Hazem19792019_4910.jpg,منتج Hazem19792019_4910,أخرى,c3403c0081ffedef,يوجد صور متطابقة/متشابهة بصرياً
4245,Hazem19792019_4911.jpg,منتج Hazem19792019_4911,أخرى,fff98189c9c9cfff,يوجد صور متطابقة/متشابهة بصرياً
4246,Hazem19792019_4912.jpg,منتج Hazem19792019_4912,أخرى,79e3e361e1f5f73b,يوجد صور متطابقة/متشابهة بصرياً
4247,Hazem19792019_4913.jpg,منتج Hazem19792019_4913,أخرى,800020766eefe6f4,يوجد صور متطابقة/متشابهة بصرياً
4248,Hazem19792019_4914.jpg,منتج Hazem19792019_4914,أخرى,e0e0e2e2e3e2e3e4,يوجد صور متطابقة/متشابهة بصرياً
4249,Hazem19792019_4915.jpg,منتج Hazem19792019_4915,أخرى,7efcffff672604c0,يوجد صور متطابقة/متشابهة بصرياً
4250,Hazem19792019_4916.jpg,منتج Hazem19792019_4916,أخرى,f78383f312f3f75f,يوجد صور متطابقة/متشابهة بصرياً
4251,Hazem19792019_4917.jpg,منتج Hazem19792019_4917,أخرى,3ffcf49c8c9c9cfd,يوجد صور متطابقة/متشابهة بصرياً
4252,Hazem19792019_4918.jpg,منتج Hazem19792019_4918,أخرى,ff00000f81f0ffff,يوجد صور متطابقة/متشابهة بصرياً
4253,Hazem19792019_4919.jpg,منتج Hazem19792019_4919,أخرى,f8f0e0f8f0e00c09,يوجد صور متطابقة/متشابهة بصرياً
4254,Hazem19792019_492.jpg,منتج Hazem19792019_492,أخرى,ffe3c7ccc08191bf,
4255,Hazem19792019_4920.jpg,منتج Hazem19792019_4920,أخرى,f0e0c0f8fcf860ff,يوجد صور متطابقة/متشابهة بصرياً
4256,Hazem19792019_4921.jpg,منتج Hazem19792019_4921,أخرى,f0feccc0c2c0fefc,يوجد صور متطابقة/متشابهة بصرياً
4257,Hazem19792019_4922.jpg,منتج Hazem19792019_4922,أخرى,ffc00005810381f9,يوجد صور متطابقة/متشابهة بصرياً
4258,Hazem19792019_4923.jpg,منتج Hazem19792019_4923,أخرى,07c33d01013d81cb,يوجد صور متطابقة/متشابهة بصرياً
4259,Hazem19792019_4924.jpg,منتج Hazem19792019_4924,أخرى,200fa7161672721f,يوجد صور متطابقة/متشابهة بصرياً
4260,Hazem19792019_4925.jpg,منتج Hazem19792019_4925,أخرى,fb306cf2333c243f,يوجد صور متطابقة/متشابهة بصرياً
4261,Hazem19792019_4926.jpg,منتج Hazem19792019_4926,أخرى,a4f0f2d3f3f800f8,يوجد صور متطابقة/متشابهة بصرياً
4262,Hazem19792019_4927.jpg,منتج Hazem19792019_4927,أخرى,01e40000f1ffe1db,يوجد صور متطابقة/متشابهة بصرياً
4263,Hazem19792019_4928.jpg,منتج Hazem19792019_4928,أخرى,ff0b83838da901ff,يوجد صور متطابقة/متشابهة بصرياً
4264,Hazem19792019_4929.jpg,منتج Hazem19792019_4929,أخرى,8f8080c0f13fc39f,يوجد صور متطابقة/متشابهة بصرياً
4265,Hazem19792019_493.jpg,منتج Hazem19792019_493,أخرى,003cfcfafffff800,
4266,Hazem19792019_4930.jpg,منتج Hazem19792019_4930,أخرى,ffff8183d591809d,يوجد صور متطابقة/متشابهة بصرياً
4267,Hazem19792019_4931.jpg,منتج Hazem19792019_4931,أخرى,3f9f981818a0e7fd,يوجد صور متطابقة/متشابهة بصرياً
4268,Hazem19792019_4932.jpg,منتج Hazem19792019_4932,أخرى,ffbf9f9090f9e9ff,يوجد صور متطابقة/متشابهة بصرياً
4269,Hazem19792019_4933.jpg,منتج Hazem19792019_4933,أخرى,fff9d9e1c1c1c1f3,يوجد صور متطابقة/متشابهة بصرياً
4270,Hazem19792019_4934.jpg,منتج Hazem19792019_4934,أخرى,30f803f2ba82bfbd,يوجد صور متطابقة/متشابهة بصرياً
4271,Hazem19792019_4935.jpg,منتج Hazem19792019_4935,أخرى,f78183c79d81c7ff,
4272,Hazem19792019_4936.jpg,منتج Hazem19792019_4936,أخرى,043fe1ffff0d0100,يوجد صور متطابقة/متشابهة بصرياً
4273,Hazem19792019_4937.jpg,منتج Hazem19792019_4937,أخرى,ff8181ff9f8381ff,
4274,Hazem19792019_4938.jpg,منتج Hazem19792019_4938,أخرى,0f1f7f7f771c1f07,يوجد صور متطابقة/متشابهة بصرياً
4275,Hazem19792019_4939.jpg,منتج Hazem19792019_4939,أخرى,0078f0d090b090f0,يوجد صور متطابقة/متشابهة بصرياً
4276,Hazem19792019_494.jpg,منتج Hazem19792019_494,أخرى,c3c3c3cbcbc3c7ff,
4277,Hazem19792019_4940.jpg,منتج Hazem19792019_4940,أخرى,08c8fa7e7eecee00,يوجد صور متطابقة/متشابهة بصرياً
4278,Hazem19792019_4941.jpg,منتج Hazem19792019_4941,أخرى,0607575766771717,يوجد صور متطابقة/متشابهة بصرياً
4279,Hazem19792019_4942.jpg,منتج Hazem19792019_4942,أخرى,9f0f0f0f0f0f0f0f,يوجد صور متطابقة/متشابهة بصرياً
4280,Hazem19792019_4943.jpg,منتج Hazem19792019_4943,أخرى,f1f0fef6161f51e0,يوجد صور متطابقة/متشابهة بصرياً
4281,Hazem19792019_4944.jpg,منتج Hazem19792019_4944,أخرى,667ecac6e7e66203,
4282,Hazem19792019_4945.jpg,منتج Hazem19792019_4945,أخرى,ffff810080e3c3ff,يوجد صور متطابقة/متشابهة بصرياً
4283,Hazem19792019_4946.jpg,منتج Hazem19792019_4946,أخرى,f3c0c1939191b1ff,يوجد صور متطابقة/متشابهة بصرياً
4284,Hazem19792019_4947.jpg,منتج Hazem19792019_4947,أخرى,00240c4c793b3307,يوجد صور متطابقة/متشابهة بصرياً
4285,Hazem19792019_4948.jpg,منتج Hazem19792019_4948,أخرى,1f3989e1f3f3f3f3,يوجد صور متطابقة/متشابهة بصرياً
4286,Hazem19792019_4949.jpg,منتج Hazem19792019_4949,أخرى,00600f0f7e3f3f3f,
4287,Hazem19792019_495.jpg,منتج Hazem19792019_495,أخرى,ffffff4f0f010000,يوجد صور متطابقة/متشابهة بصرياً
4288,Hazem19792019_4950.jpg,منتج Hazem19792019_4950,أخرى,f0f0f0f6f6f6f000,يوجد صور متطابقة/متشابهة بصرياً
4289,Hazem19792019_4951.jpg,منتج Hazem19792019_4951,أخرى,fe3ab68bafabb1f1,يوجد صور متطابقة/متشابهة بصرياً
4290,Hazem19792019_4952.jpg,منتج Hazem19792019_4952,أخرى,fff9f3c5e5e58889,يوجد صور متطابقة/متشابهة بصرياً
4291,Hazem19792019_4953.jpg,منتج Hazem19792019_4953,أخرى,1ffff9f7f9e0e0c1,يوجد صور متطابقة/متشابهة بصرياً
4292,Hazem19792019_4954.jpg,منتج Hazem19792019_4954,أخرى,1787c7c7c7c7e7ef,
4293,Hazem19792019_4955.jpg,منتج Hazem19792019_4955,أخرى,c1c9bf00c50a08ff,يوجد صور متطابقة/متشابهة بصرياً
4294,Hazem19792019_4956.jpg,منتج Hazem19792019_4956,أخرى,ffbfbf0f010180ff,يوجد صور متطابقة/متشابهة بصرياً
4295,Hazem19792019_4957.jpg,منتج Hazem19792019_4957,أخرى,e7c3c787c7c7c7c7,يوجد صور متطابقة/متشابهة بصرياً
4296,Hazem19792019_4958.jpg,منتج Hazem19792019_4958,أخرى,ffe3c707038244df,يوجد صور متطابقة/متشابهة بصرياً
4297,Hazem19792019_4959.jpg,منتج Hazem19792019_4959,أخرى,ff1919fb8080b0f9,يوجد صور متطابقة/متشابهة بصرياً
4298,Hazem19792019_496.jpg,منتج Hazem19792019_496,أخرى,df8f878181818181,يوجد صور متطابقة/متشابهة بصرياً
4299,Hazem19792019_4960.jpg,منتج Hazem19792019_4960,أخرى,f78383f312f3f75f,يوجد صور متطابقة/متشابهة بصرياً
4300,Hazem19792019_4961.jpg,منتج Hazem19792019_4961,أخرى,3ffcf49c8c9c9cfd,يوجد صور متطابقة/متشابهة بصرياً
4301,Hazem19792019_4962.jpg,منتج Hazem19792019_4962,أخرى,e0e0e2e2e3e2e3e4,يوجد صور متطابقة/متشابهة بصرياً
4302,Hazem19792019_4963.jpg,منتج Hazem19792019_4963,أخرى,7efcffff672604c0,يوجد صور متطابقة/متشابهة بصرياً
4303,Hazem19792019_4964.jpg,منتج Hazem19792019_4964,أخرى,ff00000f81f0ffff,يوجد صور متطابقة/متشابهة بصرياً
4304,Hazem19792019_4965.jpg,منتج Hazem19792019_4965,أخرى,f0e0c0f8fcf860ff,يوجد صور متطابقة/متشابهة بصرياً
4305,Hazem19792019_4966.jpg,منتج Hazem19792019_4966,أخرى,ffc00005810381f9,يوجد صور متطابقة/متشابهة بصرياً
4306,Hazem19792019_4967.jpg,منتج Hazem19792019_4967,أخرى,f8f0e0f8f0e00c09,يوجد صور متطابقة/متشابهة بصرياً
4307,Hazem19792019_4968.jpg,منتج Hazem19792019_4968,أخرى,ffe1e10009090dff,يوجد صور متطابقة/متشابهة بصرياً
4308,Hazem19792019_4969.jpg,منتج Hazem19792019_4969,أخرى,ff818181f19f81fb,يوجد صور متطابقة/متشابهة بصرياً
4309,Hazem19792019_497.jpg,منتج Hazem19792019_497,أخرى,f9f9d99918181898,يوجد صور متطابقة/متشابهة بصرياً
4310,Hazem19792019_4970.jpg,منتج Hazem19792019_4970,أخرى,ffb989998999899b,يوجد صور متطابقة/متشابهة بصرياً
4311,Hazem19792019_4971.jpg,منتج Hazem19792019_4971,أخرى,7bc0f81b19191fff,يوجد صور متطابقة/متشابهة بصرياً
4312,Hazem19792019_4972.jpg,منتج Hazem19792019_4972,أخرى,bf030181e1ffc381,يوجد صور متطابقة/متشابهة بصرياً
4313,Hazem19792019_4973.jpg,منتج Hazem19792019_4973,أخرى,df808581fd9b01ff,يوجد صور متطابقة/متشابهة بصرياً
4314,Hazem19792019_4974.jpg,منتج Hazem19792019_4974,أخرى,dfff1f1be3e1e0e1,يوجد صور متطابقة/متشابهة بصرياً
4315,Hazem19792019_4975.jpg,منتج Hazem19792019_4975,أخرى,e4fcfaf2fe7e1640,يوجد صور متطابقة/متشابهة بصرياً
4316,Hazem19792019_4976.jpg,منتج Hazem19792019_4976,أخرى,0000020f6fffff6e,يوجد صور متطابقة/متشابهة بصرياً
4317,Hazem19792019_4977.jpg,منتج Hazem19792019_4977,أخرى,f0f070def6c00300,يوجد صور متطابقة/متشابهة بصرياً
4318,Hazem19792019_4978.jpg,منتج Hazem19792019_4978,أخرى,6f7ddffb8013c080,يوجد صور متطابقة/متشابهة بصرياً
4319,Hazem19792019_4979.jpg,منتج Hazem19792019_4979,أخرى,0f5f8c0012f2d2df,يوجد صور متطابقة/متشابهة بصرياً
4320,Hazem19792019_498.jpg,منتج Hazem19792019_498,أخرى,1c1df1f1999f9bef,يوجد صور متطابقة/متشابهة بصرياً
4321,Hazem19792019_4980.jpg,منتج Hazem19792019_4980,أخرى,7ff3c3b3800010fd,يوجد صور متطابقة/متشابهة بصرياً
4322,Hazem19792019_4981.jpg,منتج Hazem19792019_4981,أخرى,bfe4a0a0a09f9ffd,يوجد صور متطابقة/متشابهة بصرياً
4323,Hazem19792019_4982.jpg,منتج Hazem19792019_4982,أخرى,3fdefc9898989d9c,يوجد صور متطابقة/متشابهة بصرياً
4324,Hazem19792019_4983.jpg,منتج Hazem19792019_4983,أخرى,3f9f981818a0e7fd,يوجد صور متطابقة/متشابهة بصرياً
4325,Hazem19792019_4984.jpg,منتج Hazem19792019_4984,أخرى,bfbff08888c888fd,يوجد صور متطابقة/متشابهة بصرياً
4326,Hazem19792019_4985.jpg,منتج Hazem19792019_4985,أخرى,bffff59d818d8d9f,يوجد صور متطابقة/متشابهة بصرياً
4327,Hazem19792019_4986.jpg,منتج Hazem19792019_4986,أخرى,c3818189898989fb,يوجد صور متطابقة/متشابهة بصرياً
4328,Hazem19792019_4987.jpg,منتج Hazem19792019_4987,أخرى,ff83cfc3c1c181c3,يوجد صور متطابقة/متشابهة بصرياً
4329,Hazem19792019_4988.jpg,منتج Hazem19792019_4988,أخرى,3f9f989818a021fd,يوجد صور متطابقة/متشابهة بصرياً
4330,Hazem19792019_4989.jpg,منتج Hazem19792019_4989,أخرى,3ffdf1f51d0c1cfc,يوجد صور متطابقة/متشابهة بصرياً
4331,Hazem19792019_499.jpg,منتج Hazem19792019_499,أخرى,1eff5f6c7f3b00c0,يوجد صور متطابقة/متشابهة بصرياً
4332,Hazem19792019_4990.jpg,منتج Hazem19792019_4990,أخرى,fcf0003affeaf290,يوجد صور متطابقة/متشابهة بصرياً
4333,Hazem19792019_4991.jpg,منتج Hazem19792019_4991,أخرى,3c3cfb387c3c1e02,يوجد صور متطابقة/متشابهة بصرياً
4334,Hazem19792019_4992.jpg,منتج Hazem19792019_4992,أخرى,81c1fffdc1818101,يوجد صور متطابقة/متشابهة بصرياً
4335,Hazem19792019_4993.jpg,منتج Hazem19792019_4993,أخرى,07071580bdfdfd1d,يوجد صور متطابقة/متشابهة بصرياً
4336,Hazem19792019_4994.jpg,منتج Hazem19792019_4994,أخرى,ff3f1fc0ac818d3f,يوجد صور متطابقة/متشابهة بصرياً
4337,Hazem19792019_4995.jpg,منتج Hazem19792019_4995,أخرى,e18080fb8181ffff,يوجد صور متطابقة/متشابهة بصرياً
4338,Hazem19792019_4996.jpg,منتج Hazem19792019_4996,أخرى,08f4f0f0f0f07170,يوجد صور متطابقة/متشابهة بصرياً
4339,Hazem19792019_4997.jpg,منتج Hazem19792019_4997,أخرى,08053733131f5d9f,يوجد صور متطابقة/متشابهة بصرياً
4340,Hazem19792019_4998.jpg,منتج Hazem19792019_4998,أخرى,cc8011b7a7b76d4d,يوجد صور متطابقة/متشابهة بصرياً
4341,Hazem19792019_4999.jpg,منتج Hazem19792019_4999,أخرى,ff000000ff0100ff,يوجد صور متطابقة/متشابهة بصرياً
4342,Hazem19792019_50.jpg,منتج Hazem19792019_50,أخرى,04446060fffe3077,
4343,Hazem19792019_500.jpg,منتج Hazem19792019_500,أخرى,f830fe1cbcb880f9,
4344,Hazem19792019_5000.jpg,منتج Hazem19792019_5000,أخرى,a0f9f9ffff7e7201,يوجد صور متطابقة/متشابهة بصرياً
4345,Hazem19792019_5001.jpg,منتج Hazem19792019_5001,أخرى,59f8f0d0f0f8f9ff,يوجد صور متطابقة/متشابهة بصرياً
4346,Hazem19792019_5002.jpg,منتج Hazem19792019_5002,أخرى,f7e3c3e7efffe000,يوجد صور متطابقة/متشابهة بصرياً
4347,Hazem19792019_5003.jpg,منتج Hazem19792019_5003,أخرى,ff120000302487fe,يوجد صور متطابقة/متشابهة بصرياً
4348,Hazem19792019_5004.jpg,منتج Hazem19792019_5004,أخرى,f9030333030387ff,يوجد صور متطابقة/متشابهة بصرياً
4349,Hazem19792019_5005.jpg,منتج Hazem19792019_5005,أخرى,1878f0c0f0f17f1b,يوجد صور متطابقة/متشابهة بصرياً
4350,Hazem19792019_5006.jpg,منتج Hazem19792019_5006,أخرى,001f3f3e1c1c1e3c,يوجد صور متطابقة/متشابهة بصرياً
4351,Hazem19792019_5007.jpg,منتج Hazem19792019_5007,أخرى,fffffec800010300,يوجد صور متطابقة/متشابهة بصرياً
4352,Hazem19792019_5008.jpg,منتج Hazem19792019_5008,أخرى,3f3f3f3f9fc7c1f0,يوجد صور متطابقة/متشابهة بصرياً
4353,Hazem19792019_5009.jpg,منتج Hazem19792019_5009,أخرى,bf9f8081879f8fff,يوجد صور متطابقة/متشابهة بصرياً
4354,Hazem19792019_501.jpg,منتج Hazem19792019_501,أخرى,0000f7ffffdb00ff,يوجد صور متطابقة/متشابهة بصرياً
4355,Hazem19792019_5010.jpg,منتج Hazem19792019_5010,أخرى,e0e0e0df1f1f9ff7,يوجد صور متطابقة/متشابهة بصرياً
4356,Hazem19792019_5011.jpg,منتج Hazem19792019_5011,أخرى,df4f6f66869ff700,يوجد صور متطابقة/متشابهة بصرياً
4357,Hazem19792019_5012.jpg,منتج Hazem19792019_5012,أخرى,3ffdf1f51d0c1cfc,يوجد صور متطابقة/متشابهة بصرياً
4358,Hazem19792019_5013.jpg,منتج Hazem19792019_5013,أخرى,ffa7a7a333b989ff,يوجد صور متطابقة/متشابهة بصرياً
4359,Hazem19792019_5014.jpg,منتج Hazem19792019_5014,أخرى,02161f7e76766602,يوجد صور متطابقة/متشابهة بصرياً
4360,Hazem19792019_5015.jpg,منتج Hazem19792019_5015,أخرى,fc1c0081ffffc3c1,يوجد صور متطابقة/متشابهة بصرياً
4361,Hazem19792019_5016.jpg,منتج Hazem19792019_5016,أخرى,ff7f3f1f1f370001,يوجد صور متطابقة/متشابهة بصرياً
4362,Hazem19792019_5017.jpg,منتج Hazem19792019_5017,أخرى,fff2e208f8e0c49f,يوجد صور متطابقة/متشابهة بصرياً
4363,Hazem19792019_5018.jpg,منتج Hazem19792019_5018,أخرى,f8f8f8f888f8aa8f,يوجد صور متطابقة/متشابهة بصرياً
4364,Hazem19792019_5019.jpg,منتج Hazem19792019_5019,أخرى,f8f8f8980888ccff,يوجد صور متطابقة/متشابهة بصرياً
4365,Hazem19792019_502.jpg,منتج Hazem19792019_502,أخرى,df8f878181818181,يوجد صور متطابقة/متشابهة بصرياً
4366,Hazem19792019_5020.jpg,منتج Hazem19792019_5020,أخرى,93b3cb0901859cfe,يوجد صور متطابقة/متشابهة بصرياً
4367,Hazem19792019_5021.jpg,منتج Hazem19792019_5021,أخرى,f8f8f8f888f8ba8e,يوجد صور متطابقة/متشابهة بصرياً
4368,Hazem19792019_5022.jpg,منتج Hazem19792019_5022,أخرى,b3b3fbf9c104061e,يوجد صور متطابقة/متشابهة بصرياً
4369,Hazem19792019_5023.jpg,منتج Hazem19792019_5023,أخرى,83908cf03fcff98c,يوجد صور متطابقة/متشابهة بصرياً
4370,Hazem19792019_5024.jpg,منتج Hazem19792019_5024,أخرى,ffb39381dbc18181,يوجد صور متطابقة/متشابهة بصرياً
4371,Hazem19792019_5025.jpg,منتج Hazem19792019_5025,أخرى,bf800000fff981ff,يوجد صور متطابقة/متشابهة بصرياً
4372,Hazem19792019_5026.jpg,منتج Hazem19792019_5026,أخرى,ecccfffb1b120000,يوجد صور متطابقة/متشابهة بصرياً
4373,Hazem19792019_5027.jpg,منتج Hazem19792019_5027,أخرى,fff9f10081cfc7ff,
4374,Hazem19792019_5028.jpg,منتج Hazem19792019_5028,أخرى,f1f0fef6161f51e0,يوجد صور متطابقة/متشابهة بصرياً
4375,Hazem19792019_5029.jpg,منتج Hazem19792019_5029,أخرى,6606061367e71918,يوجد صور متطابقة/متشابهة بصرياً
4376,Hazem19792019_503.jpg,منتج Hazem19792019_503,أخرى,ff39b99999010000,يوجد صور متطابقة/متشابهة بصرياً
4377,Hazem19792019_5030.jpg,منتج Hazem19792019_5030,أخرى,c9cf8f830f3f878f,يوجد صور متطابقة/متشابهة بصرياً
4378,Hazem19792019_5031.jpg,منتج Hazem19792019_5031,أخرى,8dc9d9fd003c3c3e,يوجد صور متطابقة/متشابهة بصرياً
4379,Hazem19792019_5032.jpg,منتج Hazem19792019_5032,أخرى,1f3d37e7c7c7c7e7,يوجد صور متطابقة/متشابهة بصرياً
4380,Hazem19792019_5033.jpg,منتج Hazem19792019_5033,أخرى,ffb39381dbc18181,يوجد صور متطابقة/متشابهة بصرياً
4381,Hazem19792019_5034.jpg,منتج Hazem19792019_5034,أخرى,7c6a530757272300,يوجد صور متطابقة/متشابهة بصرياً
4382,Hazem19792019_5035.jpg,منتج Hazem19792019_5035,أخرى,8fff7341c9eae8f8,يوجد صور متطابقة/متشابهة بصرياً
4383,Hazem19792019_5036.jpg,منتج Hazem19792019_5036,أخرى,cf00c80000141f1f,يوجد صور متطابقة/متشابهة بصرياً
4384,Hazem19792019_5037.jpg,منتج Hazem19792019_5037,أخرى,ff10715f1b1b1f3f,
4385,Hazem19792019_5038.jpg,منتج Hazem19792019_5038,أخرى,a1a5a4ec78303000,يوجد صور متطابقة/متشابهة بصرياً
4386,Hazem19792019_5039.jpg,منتج Hazem19792019_5039,أخرى,009181e1f0f78581,
4387,Hazem19792019_504.jpg,منتج Hazem19792019_504,أخرى,fc0041390c1edfd3,
4388,Hazem19792019_5040.jpg,منتج Hazem19792019_5040,أخرى,f0fcfcfec0008800,
4389,Hazem19792019_5041.jpg,منتج Hazem19792019_5041,أخرى,081e1b99a586e7ff,يوجد صور متطابقة/متشابهة بصرياً
4390,Hazem19792019_5042.jpg,منتج Hazem19792019_5042,أخرى,07010000a0ffffff,
4391,Hazem19792019_5043.jpg,منتج Hazem19792019_5043,أخرى,001f3f3e1c1c1e3c,يوجد صور متطابقة/متشابهة بصرياً
4392,Hazem19792019_5044.jpg,منتج Hazem19792019_5044,أخرى,f9030333030387ff,يوجد صور متطابقة/متشابهة بصرياً
4393,Hazem19792019_5045.jpg,منتج Hazem19792019_5045,أخرى,df808581fd9b01ff,يوجد صور متطابقة/متشابهة بصرياً
4394,Hazem19792019_5046.jpg,منتج Hazem19792019_5046,أخرى,0000020f6fffff6e,يوجد صور متطابقة/متشابهة بصرياً
4395,Hazem19792019_5047.jpg,منتج Hazem19792019_5047,أخرى,1dfce4ed898d8d8b,
4396,Hazem19792019_5048.jpg,منتج Hazem19792019_5048,أخرى,8fc0f90b0b0f0f7f,يوجد صور متطابقة/متشابهة بصرياً
4397,Hazem19792019_5049.jpg,منتج Hazem19792019_5049,أخرى,ff8f09018b8f81ff,يوجد صور متطابقة/متشابهة بصرياً
4398,Hazem19792019_505.jpg,منتج Hazem19792019_505,أخرى,ff0186003830787c,
4399,Hazem19792019_5050.jpg,منتج Hazem19792019_5050,أخرى,30f803f2ba82bfbd,يوجد صور متطابقة/متشابهة بصرياً
4400,Hazem19792019_5051.jpg,منتج Hazem19792019_5051,أخرى,ffffa18181c1c7ff,
4401,Hazem19792019_5052.jpg,منتج Hazem19792019_5052,أخرى,fff56464fc2505a7,يوجد صور متطابقة/متشابهة بصرياً
4402,Hazem19792019_5053.jpg,منتج Hazem19792019_5053,أخرى,00165e7e36667400,يوجد صور متطابقة/متشابهة بصرياً
4403,Hazem19792019_5054.jpg,منتج Hazem19792019_5054,أخرى,9fbc8cfc0ca4a5fc,
4404,Hazem19792019_5055.jpg,منتج Hazem19792019_5055,أخرى,fffe0471fbf9f1e0,
4405,Hazem19792019_5056.jpg,منتج Hazem19792019_5056,أخرى,fff1f1d1818181f9,يوجد صور متطابقة/متشابهة بصرياً
4406,Hazem19792019_5057.jpg,منتج Hazem19792019_5057,أخرى,fcfe0670f0f1f0f0,يوجد صور متطابقة/متشابهة بصرياً
4407,Hazem19792019_5058.jpg,منتج Hazem19792019_5058,أخرى,ffaf0706fcfcfc00,
4408,Hazem19792019_5059.jpg,منتج Hazem19792019_5059,أخرى,ff070217ffdfdc40,يوجد صور متطابقة/متشابهة بصرياً
4409,Hazem19792019_506.jpg,منتج Hazem19792019_506,أخرى,2c00001efe30ffff,
4410,Hazem19792019_5060.jpg,منتج Hazem19792019_5060,أخرى,df808581fd9b01ff,يوجد صور متطابقة/متشابهة بصرياً
4411,Hazem19792019_5061.jpg,منتج Hazem19792019_5061,أخرى,ff8f09018b8f81ff,يوجد صور متطابقة/متشابهة بصرياً
4412,Hazem19792019_5062.jpg,منتج Hazem19792019_5062,أخرى,8fc0f90b0b0f0f7f,يوجد صور متطابقة/متشابهة بصرياً
4413,Hazem19792019_5063.jpg,منتج Hazem19792019_5063,أخرى,8f8080c0f13fc39f,يوجد صور متطابقة/متشابهة بصرياً
4414,Hazem19792019_5064.jpg,منتج Hazem19792019_5064,أخرى,8f808181fd9fc1bf,يوجد صور متطابقة/متشابهة بصرياً
4415,Hazem19792019_5065.jpg,منتج Hazem19792019_5065,أخرى,c3c1c1c3f7c38181,
4416,Hazem19792019_5066.jpg,منتج Hazem19792019_5066,أخرى,ffbf9f9090f9e9ff,يوجد صور متطابقة/متشابهة بصرياً
4417,Hazem19792019_5067.jpg,منتج Hazem19792019_5067,أخرى,3f9f981818a0e7fd,يوجد صور متطابقة/متشابهة بصرياً
4418,Hazem19792019_5068.jpg,منتج Hazem19792019_5068,أخرى,0078f0d090b090f0,يوجد صور متطابقة/متشابهة بصرياً
4419,Hazem19792019_5069.jpg,منتج Hazem19792019_5069,أخرى,0f1f7f7f771c1f07,يوجد صور متطابقة/متشابهة بصرياً
4420,Hazem19792019_507.jpg,منتج Hazem19792019_507,أخرى,ff0082dbd9d98080,
4421,Hazem19792019_5070.jpg,منتج Hazem19792019_5070,أخرى,ffff810080e3c3ff,يوجد صور متطابقة/متشابهة بصرياً
4422,Hazem19792019_5071.jpg,منتج Hazem19792019_5071,أخرى,0607575766771717,يوجد صور متطابقة/متشابهة بصرياً
4423,Hazem19792019_5072.jpg,منتج Hazem19792019_5072,أخرى,f3c0c1939191b1ff,يوجد صور متطابقة/متشابهة بصرياً
4424,Hazem19792019_5073.jpg,منتج Hazem19792019_5073,أخرى,fe3ab68bafabb1f1,يوجد صور متطابقة/متشابهة بصرياً
4425,Hazem19792019_5074.jpg,منتج Hazem19792019_5074,أخرى,00240c4c793b3307,يوجد صور متطابقة/متشابهة بصرياً
4426,Hazem19792019_5075.jpg,منتج Hazem19792019_5075,أخرى,1ffff9f7f9e0e0c1,يوجد صور متطابقة/متشابهة بصرياً
4427,Hazem19792019_5076.jpg,منتج Hazem19792019_5076,أخرى,00efa098fff1e0f1,
4428,Hazem19792019_5077.jpg,منتج Hazem19792019_5077,أخرى,c1c9bf00c50a08ff,يوجد صور متطابقة/متشابهة بصرياً
4429,Hazem19792019_5078.jpg,منتج Hazem19792019_5078,أخرى,fff9f3c5e5e58889,يوجد صور متطابقة/متشابهة بصرياً
4430,Hazem19792019_5079.jpg,منتج Hazem19792019_5079,أخرى,f0f0f0f6f6f6f000,يوجد صور متطابقة/متشابهة بصرياً
4431,Hazem19792019_508.jpg,منتج Hazem19792019_508,أخرى,fefef67eb6b60004,
4432,Hazem19792019_5080.jpg,منتج Hazem19792019_5080,أخرى,ffbfbf0f010180ff,يوجد صور متطابقة/متشابهة بصرياً
4433,Hazem19792019_5081.jpg,منتج Hazem19792019_5081,أخرى,ffe3c707038244df,يوجد صور متطابقة/متشابهة بصرياً
4434,Hazem19792019_5082.jpg,منتج Hazem19792019_5082,أخرى,3f9fc381818181fc,
4435,Hazem19792019_5083.jpg,منتج Hazem19792019_5083,أخرى,f8fc0230fcececf0,
4436,Hazem19792019_5084.jpg,منتج Hazem19792019_5084,أخرى,3ffcfc1c1c8cacfc,
4437,Hazem19792019_5085.jpg,منتج Hazem19792019_5085,أخرى,01fb9ff3678dd101,يوجد صور متطابقة/متشابهة بصرياً
4438,Hazem19792019_5086.jpg,منتج Hazem19792019_5086,أخرى,3dbc00fc14159ffd,يوجد صور متطابقة/متشابهة بصرياً
4439,Hazem19792019_5087.jpg,منتج Hazem19792019_5087,أخرى,3f8c8cbc14941cfc,يوجد صور متطابقة/متشابهة بصرياً
4440,Hazem19792019_5088.jpg,منتج Hazem19792019_5088,أخرى,1fffc1c385c1fffc,
4441,Hazem19792019_5089.jpg,منتج Hazem19792019_5089,أخرى,ecccfffb1b120000,يوجد صور متطابقة/متشابهة بصرياً
4442,Hazem19792019_509.jpg,منتج Hazem19792019_509,أخرى,4f6f05efef6e0c00,
4443,Hazem19792019_5090.jpg,منتج Hazem19792019_5090,أخرى,ffff888080f8bffd,
4444,Hazem19792019_5091.jpg,منتج Hazem19792019_5091,أخرى,c3bd000019c3c3ff,
4445,Hazem19792019_5092.jpg,منتج Hazem19792019_5092,أخرى,7f7f47dfffef0001,يوجد صور متطابقة/متشابهة بصرياً
4446,Hazem19792019_5093.jpg,منتج Hazem19792019_5093,أخرى,f27f7f7e42507020,يوجد صور متطابقة/متشابهة بصرياً
4447,Hazem19792019_5094.jpg,منتج Hazem19792019_5094,أخرى,ffdf832307e1f1f1,يوجد صور متطابقة/متشابهة بصرياً
4448,Hazem19792019_5095.jpg,منتج Hazem19792019_5095,أخرى,fffff3e1c18383e7,يوجد صور متطابقة/متشابهة بصرياً
4449,Hazem19792019_5096.jpg,منتج Hazem19792019_5096,أخرى,f3e3818081e767cf,
4450,Hazem19792019_5097.jpg,منتج Hazem19792019_5097,أخرى,ff7791d1f0f0f8f0,يوجد صور متطابقة/متشابهة بصرياً
4451,Hazem19792019_5098.jpg,منتج Hazem19792019_5098,أخرى,f7c38081fcf9e9fe,يوجد صور متطابقة/متشابهة بصرياً
4452,Hazem19792019_5099.jpg,منتج Hazem19792019_5099,أخرى,fffff1cc070197ff,يوجد صور متطابقة/متشابهة بصرياً
4453,Hazem19792019_51.jpg,منتج Hazem19792019_51,أخرى,fe1c0181a1ec80ff,يوجد صور متطابقة/متشابهة بصرياً
4454,Hazem19792019_510.jpg,منتج Hazem19792019_510,أخرى,006bfafe6060fe02,
4455,Hazem19792019_5100.jpg,منتج Hazem19792019_5100,أخرى,fffd01818281839f,
4456,Hazem19792019_5101.jpg,منتج Hazem19792019_5101,أخرى,ffffc4c0c0c0c0c0,
4457,Hazem19792019_5102.jpg,منتج Hazem19792019_5102,أخرى,ffffff4d0d0f0000,يوجد صور متطابقة/متشابهة بصرياً
4458,Hazem19792019_5103.jpg,منتج Hazem19792019_5103,أخرى,ff0105858787878f,يوجد صور متطابقة/متشابهة بصرياً
4459,Hazem19792019_5104.jpg,منتج Hazem19792019_5104,أخرى,fd8103458d8f8187,يوجد صور متطابقة/متشابهة بصرياً
4460,Hazem19792019_5105.jpg,منتج Hazem19792019_5105,أخرى,ff8104050505059f,
4461,Hazem19792019_5106.jpg,منتج Hazem19792019_5106,أخرى,f7c38081fcf9e9fe,يوجد صور متطابقة/متشابهة بصرياً
4462,Hazem19792019_5107.jpg,منتج Hazem19792019_5107,أخرى,f27f7f7e42507020,يوجد صور متطابقة/متشابهة بصرياً
4463,Hazem19792019_5108.jpg,منتج Hazem19792019_5108,أخرى,7f7f47dfffef0001,يوجد صور متطابقة/متشابهة بصرياً
4464,Hazem19792019_5109.jpg,منتج Hazem19792019_5109,أخرى,003838b090d9c1f9,يوجد صور متطابقة/متشابهة بصرياً
4465,Hazem19792019_511.jpg,منتج Hazem19792019_511,أخرى,01f9f8f879fcec9e,
4466,Hazem19792019_5110.jpg,منتج Hazem19792019_5110,أخرى,cf00c80000141f1f,يوجد صور متطابقة/متشابهة بصرياً
4467,Hazem19792019_5111.jpg,منتج Hazem19792019_5111,أخرى,ecccfffb1b120000,يوجد صور متطابقة/متشابهة بصرياً
4468,Hazem19792019_5112.jpg,منتج Hazem19792019_5112,أخرى,3dbc00fc14159ffd,يوجد صور متطابقة/متشابهة بصرياً
4469,Hazem19792019_5113.jpg,منتج Hazem19792019_5113,أخرى,3f8c8cbc14941cfc,يوجد صور متطابقة/متشابهة بصرياً
4470,Hazem19792019_5114.jpg,منتج Hazem19792019_5114,أخرى,c9cf8f830f3f878f,يوجد صور متطابقة/متشابهة بصرياً
4471,Hazem19792019_5115.jpg,منتج Hazem19792019_5115,أخرى,f1f0fef6161f51e0,يوجد صور متطابقة/متشابهة بصرياً
4472,Hazem19792019_5116.jpg,منتج Hazem19792019_5116,أخرى,6606061367e71918,يوجد صور متطابقة/متشابهة بصرياً
4473,Hazem19792019_5117.jpg,منتج Hazem19792019_5117,أخرى,1f3d37e7c7c7c7e7,يوجد صور متطابقة/متشابهة بصرياً
4474,Hazem19792019_5118.jpg,منتج Hazem19792019_5118,أخرى,8dc9d9fd003c3c3e,يوجد صور متطابقة/متشابهة بصرياً
4475,Hazem19792019_5119.jpg,منتج Hazem19792019_5119,أخرى,8fff7341c9eae8f8,يوجد صور متطابقة/متشابهة بصرياً
4476,Hazem19792019_512.jpg,منتج Hazem19792019_512,أخرى,26049ebebe8203c3,
4477,Hazem19792019_5120.jpg,منتج Hazem19792019_5120,أخرى,ffb39381dbc18181,يوجد صور متطابقة/متشابهة بصرياً
4478,Hazem19792019_5121.jpg,منتج Hazem19792019_5121,أخرى,7f31333e30307f77,
4479,Hazem19792019_5122.jpg,منتج Hazem19792019_5122,أخرى,c3c3830101037fff,
4480,Hazem19792019_5123.jpg,منتج Hazem19792019_5123,أخرى,ffe7434343030100,
4481,Hazem19792019_5124.jpg,منتج Hazem19792019_5124,أخرى,ff0081c1c181f7ff,
4482,Hazem19792019_5125.jpg,منتج Hazem19792019_5125,أخرى,fedcc4dce4dce88c,
4483,Hazem19792019_5126.jpg,منتج Hazem19792019_5126,أخرى,ffc7410181c0e0f0,
4484,Hazem19792019_5128.jpg,منتج Hazem19792019_5128,أخرى,df8f84c7f10000ff,يوجد صور متطابقة/متشابهة بصرياً
4485,Hazem19792019_5129.jpg,منتج Hazem19792019_5129,أخرى,ffc1d993101b3f3c,
4486,Hazem19792019_513.jpg,منتج Hazem19792019_513,أخرى,8888b8d88888acff,
4487,Hazem19792019_5132.jpg,منتج Hazem19792019_5132,أخرى,f3f3f3e3e3e3f7e3,
4488,Hazem19792019_5133.jpg,منتج Hazem19792019_5133,أخرى,e1f1e1e1e1e1e1e1,
4489,Hazem19792019_5134.jpg,منتج Hazem19792019_5134,أخرى,f3f3f3f1f3f3f3f1,
4490,Hazem19792019_5135.jpg,منتج Hazem19792019_5135,أخرى,e1e1e1e1fbe5f5f5,
4491,Hazem19792019_5136.jpg,منتج Hazem19792019_5136,أخرى,f5f1e3e3f1e1f7f3,
4492,Hazem19792019_5137.jpg,منتج Hazem19792019_5137,أخرى,e3e3e3e1f3e3e3e1,
4493,Hazem19792019_5138.jpg,منتج Hazem19792019_5138,أخرى,f3e3e3f3e1e1e1f3,
4494,Hazem19792019_5139.jpg,منتج Hazem19792019_5139,أخرى,f3f3e1e1f3f5e3e3,
4495,Hazem19792019_514.jpg,منتج Hazem19792019_514,أخرى,104102167e7e81ff,
4496,Hazem19792019_5140.jpg,منتج Hazem19792019_5140,أخرى,e1f7e1e1e1e1e1e3,
4497,Hazem19792019_5141.jpg,منتج Hazem19792019_5141,أخرى,f3e3e3f3e3e1e1f3,
4498,Hazem19792019_5142.jpg,منتج Hazem19792019_5142,أخرى,e3e3e3e3e3e3e3e3,
4499,Hazem19792019_5143.jpg,منتج Hazem19792019_5143,أخرى,f3e3e3f3f7e3f3f9,
4500,Hazem19792019_5144.jpg,منتج Hazem19792019_5144,أخرى,e3e3f3f3f3e1f3f1,
4501,Hazem19792019_5145.jpg,منتج Hazem19792019_5145,أخرى,f1f1f3e3e3f3e1e3,
4502,Hazem19792019_5146.jpg,منتج Hazem19792019_5146,أخرى,838383c78383cfc7,
4503,Hazem19792019_5147.jpg,منتج Hazem19792019_5147,أخرى,8f8fc7878f8f8707,
4504,Hazem19792019_5148.jpg,منتج Hazem19792019_5148,أخرى,fbe30101f39f8fe7,
4505,Hazem19792019_5149.jpg,منتج Hazem19792019_5149,أخرى,efe3e3c3e38181c3,
4506,Hazem19792019_515.jpg,منتج Hazem19792019_515,أخرى,ffffff87838181ff,
4507,Hazem19792019_5150.jpg,منتج Hazem19792019_5150,أخرى,9383c7cd8183c3c7,
4508,Hazem19792019_5151.jpg,منتج Hazem19792019_5151,أخرى,070f9ebcfcece0f1,
4509,Hazem19792019_5152.jpg,منتج Hazem19792019_5152,أخرى,3d3f07ec651f0f03,
4510,Hazem19792019_5153.jpg,منتج Hazem19792019_5153,أخرى,00c49bb1868e9eb2,
4511,Hazem19792019_5154.jpg,منتج Hazem19792019_5154,أخرى,000080bfdfcfff7f,
4512,Hazem19792019_5155.jpg,منتج Hazem19792019_5155,أخرى,ff813f1f0e7e6100,
4513,Hazem19792019_5156.jpg,منتج Hazem19792019_5156,أخرى,8000003ffffcff03,
4514,Hazem19792019_5157.jpg,منتج Hazem19792019_5157,أخرى,03031fcf7fffe301,
4515,Hazem19792019_5158.jpg,منتج Hazem19792019_5158,أخرى,80005a1b99dbffc0,
4516,Hazem19792019_5159.jpg,منتج Hazem19792019_5159,أخرى,fd3fbcbc3c3c1c86,
4517,Hazem19792019_516.jpg,منتج Hazem19792019_516,أخرى,e4fbffff1e140100,
4518,Hazem19792019_5160.jpg,منتج Hazem19792019_5160,أخرى,7f0d0d3f31370f7c,
4519,Hazem19792019_5161.jpg,منتج Hazem19792019_5161,أخرى,03232323b391f1fe,
4520,Hazem19792019_5162.jpg,منتج Hazem19792019_5162,أخرى,ffb39381dbc18181,يوجد صور متطابقة/متشابهة بصرياً
4521,Hazem19792019_5163.jpg,منتج Hazem19792019_5163,أخرى,0058382c3b7f7f1f,
4522,Hazem19792019_5164.jpg,منتج Hazem19792019_5164,أخرى,fe7c000d8de5c1fc,
4523,Hazem19792019_5165.jpg,منتج Hazem19792019_5165,أخرى,01fffdfc7c4c0089,
4524,Hazem19792019_5166.jpg,منتج Hazem19792019_5166,أخرى,c2c0f8c0dcf8c0fe,
4525,Hazem19792019_5167.jpg,منتج Hazem19792019_5167,أخرى,3dbdc84cc0d4fc07,
4526,Hazem19792019_5168.jpg,منتج Hazem19792019_5168,أخرى,df8f84c7f10000ff,يوجد صور متطابقة/متشابهة بصرياً
4527,Hazem19792019_517.jpg,منتج Hazem19792019_517,أخرى,fe00befe86fede00,
4528,Hazem19792019_5171.jpg,منتج Hazem19792019_5171,أخرى,fffff3e1c18383e7,يوجد صور متطابقة/متشابهة بصرياً
4529,Hazem19792019_5172.jpg,منتج Hazem19792019_5172,أخرى,ffdf832307e1f1f1,يوجد صور متطابقة/متشابهة بصرياً
4530,Hazem19792019_5173.jpg,منتج Hazem19792019_5173,أخرى,f7c38081fcf9e9fe,يوجد صور متطابقة/متشابهة بصرياً
4531,Hazem19792019_5174.jpg,منتج Hazem19792019_5174,أخرى,0868288d80c0e7ef,
4532,Hazem19792019_5175.jpg,منتج Hazem19792019_5175,أخرى,78387c3c0f3f87ff,
4533,Hazem19792019_5176.jpg,منتج Hazem19792019_5176,أخرى,ff7791d1f0f0f8f0,يوجد صور متطابقة/متشابهة بصرياً
4534,Hazem19792019_5177.jpg,منتج Hazem19792019_5177,أخرى,ffffff4d0d0f0000,يوجد صور متطابقة/متشابهة بصرياً
4535,Hazem19792019_5178.jpg,منتج Hazem19792019_5178,أخرى,003838b090d9c1f9,يوجد صور متطابقة/متشابهة بصرياً
4536,Hazem19792019_5179.jpg,منتج Hazem19792019_5179,أخرى,01fb9ff3678dd101,يوجد صور متطابقة/متشابهة بصرياً
4537,Hazem19792019_518.jpg,منتج Hazem19792019_518,أخرى,00ffff0e4040f903,
4538,Hazem19792019_5180.jpg,منتج Hazem19792019_5180,أخرى,3f8c8cbc14941cfc,يوجد صور متطابقة/متشابهة بصرياً
4539,Hazem19792019_5181.jpg,منتج Hazem19792019_5181,أخرى,3dbc00fc14159ffd,يوجد صور متطابقة/متشابهة بصرياً
4540,Hazem19792019_5182.jpg,منتج Hazem19792019_5182,أخرى,ecccfffb1b120000,يوجد صور متطابقة/متشابهة بصرياً
4541,Hazem19792019_5183.jpg,منتج Hazem19792019_5183,أخرى,f1f0fef6161f51e0,يوجد صور متطابقة/متشابهة بصرياً
4542,Hazem19792019_5184.jpg,منتج Hazem19792019_5184,أخرى,c9cf8f830f3f878f,يوجد صور متطابقة/متشابهة بصرياً
4543,Hazem19792019_5185.jpg,منتج Hazem19792019_5185,أخرى,6606061367e71918,يوجد صور متطابقة/متشابهة بصرياً
4544,Hazem19792019_5186.jpg,منتج Hazem19792019_5186,أخرى,83010101fb07ffff,يوجد صور متطابقة/متشابهة بصرياً
4545,Hazem19792019_5187.jpg,منتج Hazem19792019_5187,أخرى,e703e3e7e0f838f8,
4546,Hazem19792019_5188.jpg,منتج Hazem19792019_5188,أخرى,e1f3f3e3f3e3e3e1,
4547,Hazem19792019_5189.jpg,منتج Hazem19792019_5189,أخرى,f1f8f1f1f1f0f1fb,
4548,Hazem19792019_519.jpg,منتج Hazem19792019_519,أخرى,ffff00000000ff80,يوجد صور متطابقة/متشابهة بصرياً
4549,Hazem19792019_5190.jpg,منتج Hazem19792019_5190,أخرى,ff83838381f1f1ff,يوجد صور متطابقة/متشابهة بصرياً
4550,Hazem19792019_5191.jpg,منتج Hazem19792019_5191,أخرى,b3b3b1a3a7a7a1f1,يوجد صور متطابقة/متشابهة بصرياً
4551,Hazem19792019_5192.jpg,منتج Hazem19792019_5192,أخرى,f9f1f1f5f0f0f0f1,
4552,Hazem19792019_5193.jpg,منتج Hazem19792019_5193,أخرى,007e7e3c7e7e7e7e,يوجد صور متطابقة/متشابهة بصرياً
4553,Hazem19792019_5194.jpg,منتج Hazem19792019_5194,أخرى,f98b8b8989f838cf,
4554,Hazem19792019_5195.jpg,منتج Hazem19792019_5195,أخرى,00fefef2808efce0,
4555,Hazem19792019_5196.jpg,منتج Hazem19792019_5196,أخرى,b7a3e3a3a3e327bf,يوجد صور متطابقة/متشابهة بصرياً
4556,Hazem19792019_5197.jpg,منتج Hazem19792019_5197,أخرى,0161091f9fbfbfbf,
4557,Hazem19792019_5198.jpg,منتج Hazem19792019_5198,أخرى,ffe3c3ff05050500,
4558,Hazem19792019_5199.jpg,منتج Hazem19792019_5199,أخرى,037f6c7271317f0f,
4559,Hazem19792019_52.jpg,منتج Hazem19792019_52,أخرى,ff1f061e2c06007f,
4560,Hazem19792019_520.jpg,منتج Hazem19792019_520,أخرى,febeffffffff0000,يوجد صور متطابقة/متشابهة بصرياً
4561,Hazem19792019_5200.jpg,منتج Hazem19792019_5200,أخرى,878081818bfbfdff,
4562,Hazem19792019_5202.jpg,منتج Hazem19792019_5202,أخرى,f6f07e422281c387,
4563,Hazem19792019_5203.jpg,منتج Hazem19792019_5203,أخرى,007e7e3e3e3ce0c0,
4564,Hazem19792019_5204.jpg,منتج Hazem19792019_5204,أخرى,f27f7f7e42507020,يوجد صور متطابقة/متشابهة بصرياً
4565,Hazem19792019_5205.jpg,منتج Hazem19792019_5205,أخرى,2867677f7f7f6000,
4566,Hazem19792019_5206.jpg,منتج Hazem19792019_5206,أخرى,0e063c3c7e3e3bb3,يوجد صور متطابقة/متشابهة بصرياً
4567,Hazem19792019_5207.jpg,منتج Hazem19792019_5207,أخرى,b10000e02237ffef,
4568,Hazem19792019_5208.jpg,منتج Hazem19792019_5208,أخرى,040600ec2818fcff,
4569,Hazem19792019_5209.jpg,منتج Hazem19792019_5209,أخرى,a2a7bfa181979e1e,
4570,Hazem19792019_521.jpg,منتج Hazem19792019_521,أخرى,00023e7edefe7c00,يوجد صور متطابقة/متشابهة بصرياً
4571,Hazem19792019_5210.jpg,منتج Hazem19792019_5210,أخرى,0b00003f3f8cfcff,
4572,Hazem19792019_5211.jpg,منتج Hazem19792019_5211,أخرى,ffff81808181ffff,يوجد صور متطابقة/متشابهة بصرياً
4573,Hazem19792019_5212.jpg,منتج Hazem19792019_5212,أخرى,ffc78383c1fb83cf,يوجد صور متطابقة/متشابهة بصرياً
4574,Hazem19792019_5213.jpg,منتج Hazem19792019_5213,أخرى,ff8381c3e3838381,يوجد صور متطابقة/متشابهة بصرياً
4575,Hazem19792019_5214.jpg,منتج Hazem19792019_5214,أخرى,cf8181c3c38383f1,يوجد صور متطابقة/متشابهة بصرياً
4576,Hazem19792019_5215.jpg,منتج Hazem19792019_5215,أخرى,81c183c39fe7f73f,يوجد صور متطابقة/متشابهة بصرياً
4577,Hazem19792019_5216.jpg,منتج Hazem19792019_5216,أخرى,5d3d900001007cff,
4578,Hazem19792019_5217.jpg,منتج Hazem19792019_5217,أخرى,190007efcb8bbf02,
4579,Hazem19792019_5218.jpg,منتج Hazem19792019_5218,أخرى,c3c1c1c3f7c381c1,يوجد صور متطابقة/متشابهة بصرياً
4580,Hazem19792019_5219.jpg,منتج Hazem19792019_5219,أخرى,f3ef8787d1b1d9ff,يوجد صور متطابقة/متشابهة بصرياً
4581,Hazem19792019_522.jpg,منتج Hazem19792019_522,أخرى,183c7c7e7e7e7e7c,
4582,Hazem19792019_5220.jpg,منتج Hazem19792019_5220,أخرى,39ffe7c3c3c3e7fe,
4583,Hazem19792019_5221.jpg,منتج Hazem19792019_5221,أخرى,2ce6c539c3c4ecbb,يوجد صور متطابقة/متشابهة بصرياً
4584,Hazem19792019_5222.jpg,منتج Hazem19792019_5222,أخرى,1e9ebfbef9e3fce0,
4585,Hazem19792019_5223.jpg,منتج Hazem19792019_5223,أخرى,ffffe7e7ff3f0000,يوجد صور متطابقة/متشابهة بصرياً
4586,Hazem19792019_5224.jpg,منتج Hazem19792019_5224,أخرى,f7c1818387dbefff,
4587,Hazem19792019_5225.jpg,منتج Hazem19792019_5225,أخرى,ffe7c1c1c7e1e0f8,
4588,Hazem19792019_5226.jpg,منتج Hazem19792019_5226,أخرى,f9c8e79ff1e0e0f1,يوجد صور متطابقة/متشابهة بصرياً
4589,Hazem19792019_5227.jpg,منتج Hazem19792019_5227,أخرى,f7c7cbd9efff83a1,يوجد صور متطابقة/متشابهة بصرياً
4590,Hazem19792019_5228.jpg,منتج Hazem19792019_5228,أخرى,ff5f7f7e64646660,يوجد صور متطابقة/متشابهة بصرياً
4591,Hazem19792019_5229.jpg,منتج Hazem19792019_5229,أخرى,043fe1ffff0d0100,يوجد صور متطابقة/متشابهة بصرياً
4592,Hazem19792019_523.jpg,منتج Hazem19792019_523,أخرى,fff8587f7d583000,يوجد صور متطابقة/متشابهة بصرياً
4593,Hazem19792019_5230.jpg,منتج Hazem19792019_5230,أخرى,ff81819d9991c1cf,يوجد صور متطابقة/متشابهة بصرياً
4594,Hazem19792019_5231.jpg,منتج Hazem19792019_5231,أخرى,30f803f2baa2bfbd,يوجد صور متطابقة/متشابهة بصرياً
4595,Hazem19792019_5232.jpg,منتج Hazem19792019_5232,أخرى,00010185c7fffff7,
4596,Hazem19792019_5233.jpg,منتج Hazem19792019_5233,أخرى,3f0d0373180e3fff,
4597,Hazem19792019_5234.jpg,منتج Hazem19792019_5234,أخرى,df808581fd9b01ff,يوجد صور متطابقة/متشابهة بصرياً
4598,Hazem19792019_5235.jpg,منتج Hazem19792019_5235,أخرى,87808880ff1f38ff,يوجد صور متطابقة/متشابهة بصرياً
4599,Hazem19792019_5236.jpg,منتج Hazem19792019_5236,أخرى,3efc1ce1911b111f,
4600,Hazem19792019_5237.jpg,منتج Hazem19792019_5237,أخرى,8fc123a3e3c3e3f3,يوجد صور متطابقة/متشابهة بصرياً
4601,Hazem19792019_5238.jpg,منتج Hazem19792019_5238,أخرى,e0ffbdeda5a4a520,
4602,Hazem19792019_5239.jpg,منتج Hazem19792019_5239,أخرى,ffffffff7e3c0000,يوجد صور متطابقة/متشابهة بصرياً
4603,Hazem19792019_524.jpg,منتج Hazem19792019_524,أخرى,bfa000ffff8181ff,يوجد صور متطابقة/متشابهة بصرياً
4604,Hazem19792019_5240.jpg,منتج Hazem19792019_5240,أخرى,c9cf8f830f3f878f,يوجد صور متطابقة/متشابهة بصرياً
4605,Hazem19792019_5241.jpg,منتج Hazem19792019_5241,أخرى,f78383f312f3f75f,يوجد صور متطابقة/متشابهة بصرياً
4606,Hazem19792019_5242.jpg,منتج Hazem19792019_5242,أخرى,63ffffff70000018,يوجد صور متطابقة/متشابهة بصرياً
4607,Hazem19792019_5243.jpg,منتج Hazem19792019_5243,أخرى,ffffcee6f0404040,
4608,Hazem19792019_5244.jpg,منتج Hazem19792019_5244,أخرى,bf3f0c0c003fffff,
4609,Hazem19792019_5245.jpg,منتج Hazem19792019_5245,أخرى,f8001010e0ffdbdf,
4610,Hazem19792019_5246.jpg,منتج Hazem19792019_5246,أخرى,ff21202020fffefc,
4611,Hazem19792019_5247.jpg,منتج Hazem19792019_5247,أخرى,fe3e000000ffffff,
4612,Hazem19792019_5248.jpg,منتج Hazem19792019_5248,أخرى,3f0000000bf3ffff,
4613,Hazem19792019_5249.jpg,منتج Hazem19792019_5249,أخرى,fefc0000000fffff,
4614,Hazem19792019_525.jpg,منتج Hazem19792019_525,أخرى,fffcd7ffc3c33800,يوجد صور متطابقة/متشابهة بصرياً
4615,Hazem19792019_5250.jpg,منتج Hazem19792019_5250,أخرى,9f0f0f0f0ce4f4e7,
4616,Hazem19792019_5251.jpg,منتج Hazem19792019_5251,أخرى,fff181018100cfff,
4617,Hazem19792019_5252.jpg,منتج Hazem19792019_5252,أخرى,fff000000000fbff,
4618,Hazem19792019_5253.jpg,منتج Hazem19792019_5253,أخرى,fdbc000000f0fcff,
4619,Hazem19792019_5254.jpg,منتج Hazem19792019_5254,أخرى,dfffffb9000080ff,
4620,Hazem19792019_5255.jpg,منتج Hazem19792019_5255,أخرى,0f731f060f1e7c00,
4621,Hazem19792019_5256.jpg,منتج Hazem19792019_5256,أخرى,ffc00005810381f9,يوجد صور متطابقة/متشابهة بصرياً
4622,Hazem19792019_5257.jpg,منتج Hazem19792019_5257,أخرى,e3e5ff81000000ff,
4623,Hazem19792019_5258.jpg,منتج Hazem19792019_5258,أخرى,fff838200001ffff,
4624,Hazem19792019_5259.jpg,منتج Hazem19792019_5259,أخرى,f0e0c0f8fcf860ff,يوجد صور متطابقة/متشابهة بصرياً
4625,Hazem19792019_526.jpg,منتج Hazem19792019_526,أخرى,feff7f7b63624020,يوجد صور متطابقة/متشابهة بصرياً
4626,Hazem19792019_5260.jpg,منتج Hazem19792019_5260,أخرى,731b06060f7c0c30,
4627,Hazem19792019_5261.jpg,منتج Hazem19792019_5261,أخرى,c3838383e7efefff,
4628,Hazem19792019_5262.jpg,منتج Hazem19792019_5262,أخرى,0106036f9f838f1f,يوجد صور متطابقة/متشابهة بصرياً
4629,Hazem19792019_5263.jpg,منتج Hazem19792019_5263,أخرى,ff00b080c0c0fdff,يوجد صور متطابقة/متشابهة بصرياً
4630,Hazem19792019_5264.jpg,منتج Hazem19792019_5264,أخرى,ff00b080c0c0fdff,يوجد صور متطابقة/متشابهة بصرياً
4631,Hazem19792019_5265.jpg,منتج Hazem19792019_5265,أخرى,3c7edb3818181802,
4632,Hazem19792019_5266.jpg,منتج Hazem19792019_5266,أخرى,e1808080b0f081ff,يوجد صور متطابقة/متشابهة بصرياً
4633,Hazem19792019_5267.jpg,منتج Hazem19792019_5267,أخرى,ffc1c03bfb9b8b9b,
4634,Hazem19792019_5268.jpg,منتج Hazem19792019_5268,أخرى,9f0d01e3afa1c7ec,
4635,Hazem19792019_5269.jpg,منتج Hazem19792019_5269,أخرى,9f9f81818181f3ff,
4636,Hazem19792019_527.jpg,منتج Hazem19792019_527,أخرى,0ffffffd8f0f0000,
4637,Hazem19792019_5270.jpg,منتج Hazem19792019_5270,أخرى,00404c6e6f7f7f4a,
4638,Hazem19792019_5271.jpg,منتج Hazem19792019_5271,أخرى,3c009b3830383a40,
4639,Hazem19792019_5272.jpg,منتج Hazem19792019_5272,أخرى,ff3838f8d0d0d9fd,
4640,Hazem19792019_5273.jpg,منتج Hazem19792019_5273,أخرى,fb90f0f0c8d88ffd,
4641,Hazem19792019_5274.jpg,منتج Hazem19792019_5274,أخرى,3fff88b838088ffd,
4642,Hazem19792019_5275.jpg,منتج Hazem19792019_5275,أخرى,3f3703fd8dcd8dfd,يوجد صور متطابقة/متشابهة بصرياً
4643,Hazem19792019_5276.jpg,منتج Hazem19792019_5276,أخرى,fcfe0670f1f1f0f0,يوجد صور متطابقة/متشابهة بصرياً
4644,Hazem19792019_5277.jpg,منتج Hazem19792019_5277,أخرى,fd01c1fd1c1c8dbd,
4645,Hazem19792019_5278.jpg,منتج Hazem19792019_5278,أخرى,ffffffff7e3c0000,يوجد صور متطابقة/متشابهة بصرياً
4646,Hazem19792019_5279.jpg,منتج Hazem19792019_5279,أخرى,c3818189898989fb,يوجد صور متطابقة/متشابهة بصرياً
4647,Hazem19792019_528.jpg,منتج Hazem19792019_528,أخرى,043c017f7f7f7c38,يوجد صور متطابقة/متشابهة بصرياً
4648,Hazem19792019_5280.jpg,منتج Hazem19792019_5280,أخرى,203c7e3e3e3c9cc4,يوجد صور متطابقة/متشابهة بصرياً
4649,Hazem19792019_5281.jpg,منتج Hazem19792019_5281,أخرى,8f8788f8fdfc9dff,يوجد صور متطابقة/متشابهة بصرياً
4650,Hazem19792019_5282.jpg,منتج Hazem19792019_5282,أخرى,c9cf8f830f3f878f,يوجد صور متطابقة/متشابهة بصرياً
4651,Hazem19792019_5283.jpg,منتج Hazem19792019_5283,أخرى,007e7e3c7e7e7e7e,يوجد صور متطابقة/متشابهة بصرياً
4652,Hazem19792019_5284.jpg,منتج Hazem19792019_5284,أخرى,08053733131f5d9f,يوجد صور متطابقة/متشابهة بصرياً
4653,Hazem19792019_5285.jpg,منتج Hazem19792019_5285,أخرى,f3181cfffdbfb9f8,يوجد صور متطابقة/متشابهة بصرياً
4654,Hazem19792019_5286.jpg,منتج Hazem19792019_5286,أخرى,ff8080ffffcecfc3,يوجد صور متطابقة/متشابهة بصرياً
4655,Hazem19792019_5287.jpg,منتج Hazem19792019_5287,أخرى,043878207cfcde7e,
4656,Hazem19792019_5288.jpg,منتج Hazem19792019_5288,أخرى,fff8f4e0d0f171fe,
4657,Hazem19792019_5289.jpg,منتج Hazem19792019_5289,أخرى,8f8788f8fdfc9dff,يوجد صور متطابقة/متشابهة بصرياً
4658,Hazem19792019_529.jpg,منتج Hazem19792019_529,أخرى,1fe7e7c7c3c3c7e7,
4659,Hazem19792019_5290.jpg,منتج Hazem19792019_5290,أخرى,ffef830181e4c1c7,يوجد صور متطابقة/متشابهة بصرياً
4660,Hazem19792019_5291.jpg,منتج Hazem19792019_5291,أخرى,e38101c1c1c3e7ff,يوجد صور متطابقة/متشابهة بصرياً
4661,Hazem19792019_5292.jpg,منتج Hazem19792019_5292,أخرى,00fcfc3c3e7e7e00,
4662,Hazem19792019_5293.jpg,منتج Hazem19792019_5293,أخرى,f7c7cbd9efff83a1,يوجد صور متطابقة/متشابهة بصرياً
4663,Hazem19792019_5294.jpg,منتج Hazem19792019_5294,أخرى,0f000104c5c3e3e7,يوجد صور متطابقة/متشابهة بصرياً
4664,Hazem19792019_5295.jpg,منتج Hazem19792019_5295,أخرى,0106036f9f838f1f,يوجد صور متطابقة/متشابهة بصرياً
4665,Hazem19792019_5296.jpg,منتج Hazem19792019_5296,أخرى,fed187078787ff8f,يوجد صور متطابقة/متشابهة بصرياً
4666,Hazem19792019_5297.jpg,منتج Hazem19792019_5297,أخرى,838383838393a7ff,
4667,Hazem19792019_5298.jpg,منتج Hazem19792019_5298,أخرى,ffc38181818199ff,
4668,Hazem19792019_5299.jpg,منتج Hazem19792019_5299,أخرى,ff2123e1cb80b3ff,
4669,Hazem19792019_53.jpg,منتج Hazem19792019_53,أخرى,00fefefefef00200,
4670,Hazem19792019_530.jpg,منتج Hazem19792019_530,أخرى,ffe1e1e1e1c1f9ff,
4671,Hazem19792019_5300.jpg,منتج Hazem19792019_5300,أخرى,21819f9f9f9f0101,
4672,Hazem19792019_5301.jpg,منتج Hazem19792019_5301,أخرى,ff0301498383c1e0,
4673,Hazem19792019_5302.jpg,منتج Hazem19792019_5302,أخرى,ffe70000000081f9,
4674,Hazem19792019_5303.jpg,منتج Hazem19792019_5303,أخرى,fdd98f8f818183e7,
4675,Hazem19792019_5304.jpg,منتج Hazem19792019_5304,أخرى,fff99f0f89000083,
4676,Hazem19792019_5305.jpg,منتج Hazem19792019_5305,أخرى,ffffffc100000fbb,
4677,Hazem19792019_5306.jpg,منتج Hazem19792019_5306,أخرى,ffffffff01010181,
4678,Hazem19792019_5307.jpg,منتج Hazem19792019_5307,أخرى,fdfdff8f8b8181c7,
4679,Hazem19792019_5308.jpg,منتج Hazem19792019_5308,أخرى,fdfc8f8f83a181fd,
4680,Hazem19792019_5309.jpg,منتج Hazem19792019_5309,أخرى,fdf99f8f8100c1ef,
4681,Hazem19792019_531.jpg,منتج Hazem19792019_531,أخرى,fff1810380e3efff,يوجد صور متطابقة/متشابهة بصرياً
4682,Hazem19792019_5310.jpg,منتج Hazem19792019_5310,أخرى,ffff1f0f190010ff,
4683,Hazem19792019_5311.jpg,منتج Hazem19792019_5311,أخرى,1f1f1f8c40e0e8e8,يوجد صور متطابقة/متشابهة بصرياً
4684,Hazem19792019_5312.jpg,منتج Hazem19792019_5312,أخرى,1f1f1f8c40e0e8e8,يوجد صور متطابقة/متشابهة بصرياً
4685,Hazem19792019_5313.jpg,منتج Hazem19792019_5313,أخرى,0511dff99bd9c901,
4686,Hazem19792019_5314.jpg,منتج Hazem19792019_5314,أخرى,0e063c3c7e3e3bb3,يوجد صور متطابقة/متشابهة بصرياً
4687,Hazem19792019_5315.jpg,منتج Hazem19792019_5315,أخرى,fe27c3437f40c080,
4688,Hazem19792019_5316.jpg,منتج Hazem19792019_5316,أخرى,ff948383089f97ff,يوجد صور متطابقة/متشابهة بصرياً
4689,Hazem19792019_5317.jpg,منتج Hazem19792019_5317,أخرى,ffff000000c0ffff,يوجد صور متطابقة/متشابهة بصرياً
4690,Hazem19792019_5318.jpg,منتج Hazem19792019_5318,أخرى,00000240706bffff,يوجد صور متطابقة/متشابهة بصرياً
4691,Hazem19792019_5319.jpg,منتج Hazem19792019_5319,أخرى,fe0040fefefef2ff,يوجد صور متطابقة/متشابهة بصرياً
4692,Hazem19792019_532.jpg,منتج Hazem19792019_532,أخرى,00bdfffffefc0c00,
4693,Hazem19792019_5320.jpg,منتج Hazem19792019_5320,أخرى,bf33330d2527cdcd,يوجد صور متطابقة/متشابهة بصرياً
4694,Hazem19792019_5321.jpg,منتج Hazem19792019_5321,أخرى,78f0b2f0f4367eff,يوجد صور متطابقة/متشابهة بصرياً
4695,Hazem19792019_5322.jpg,منتج Hazem19792019_5322,أخرى,ff0000eaff027aff,يوجد صور متطابقة/متشابهة بصرياً
4696,Hazem19792019_5323.jpg,منتج Hazem19792019_5323,أخرى,f9f8b880c0e8e1ff,يوجد صور متطابقة/متشابهة بصرياً
4697,Hazem19792019_5324.jpg,منتج Hazem19792019_5324,أخرى,0000008080b6ffff,يوجد صور متطابقة/متشابهة بصرياً
4698,Hazem19792019_5325.jpg,منتج Hazem19792019_5325,أخرى,fffffcf2302060fb,يوجد صور متطابقة/متشابهة بصرياً
4699,Hazem19792019_5326.jpg,منتج Hazem19792019_5326,أخرى,ff8080ffffcecfc3,يوجد صور متطابقة/متشابهة بصرياً
4700,Hazem19792019_5327.jpg,منتج Hazem19792019_5327,أخرى,c2dada80c0c988ff,يوجد صور متطابقة/متشابهة بصرياً
4701,Hazem19792019_5328.jpg,منتج Hazem19792019_5328,أخرى,8f8788f8fdfc9dff,يوجد صور متطابقة/متشابهة بصرياً
4702,Hazem19792019_5329.jpg,منتج Hazem19792019_5329,أخرى,02c27afafafa0e8f,يوجد صور متطابقة/متشابهة بصرياً
4703,Hazem19792019_533.jpg,منتج Hazem19792019_533,أخرى,00bddddcddddc800,
4704,Hazem19792019_5330.jpg,منتج Hazem19792019_5330,أخرى,cc8011b7a7b76d4d,يوجد صور متطابقة/متشابهة بصرياً
4705,Hazem19792019_5331.jpg,منتج Hazem19792019_5331,أخرى,7e7e7efefedc0000,يوجد صور متطابقة/متشابهة بصرياً
4706,Hazem19792019_5332.jpg,منتج Hazem19792019_5332,أخرى,e17ff0821fdb1115,
4707,Hazem19792019_5333.jpg,منتج Hazem19792019_5333,أخرى,ff991d9f9f9f9999,يوجد صور متطابقة/متشابهة بصرياً
4708,Hazem19792019_5334.jpg,منتج Hazem19792019_5334,أخرى,08053733131f5d9f,يوجد صور متطابقة/متشابهة بصرياً
4709,Hazem19792019_5335.jpg,منتج Hazem19792019_5335,أخرى,f3181cfffdbfb9f8,يوجد صور متطابقة/متشابهة بصرياً
4710,Hazem19792019_5336.jpg,منتج Hazem19792019_5336,أخرى,f0f89c8cbc8c8cfc,يوجد صور متطابقة/متشابهة بصرياً
4711,Hazem19792019_5337.jpg,منتج Hazem19792019_5337,أخرى,3c7cfc9c1ed10000,يوجد صور متطابقة/متشابهة بصرياً
4712,Hazem19792019_5338.jpg,منتج Hazem19792019_5338,أخرى,1f13b7ff4f054dff,يوجد صور متطابقة/متشابهة بصرياً
4713,Hazem19792019_5339.jpg,منتج Hazem19792019_5339,أخرى,4001070f1f3f1f1f,يوجد صور متطابقة/متشابهة بصرياً
4714,Hazem19792019_534.jpg,منتج Hazem19792019_534,أخرى,702021ffef7e0000,
4715,Hazem19792019_5340.jpg,منتج Hazem19792019_5340,أخرى,fff3c3c3c7e7c1ff,يوجد صور متطابقة/متشابهة بصرياً
4716,Hazem19792019_5341.jpg,منتج Hazem19792019_5341,أخرى,f9c18d98ff1999df,
4717,Hazem19792019_5342.jpg,منتج Hazem19792019_5342,أخرى,e0e0e2c3c3e3c3e0,يوجد صور متطابقة/متشابهة بصرياً
4718,Hazem19792019_5343.jpg,منتج Hazem19792019_5343,أخرى,cf8787c1c1c1c1f3,يوجد صور متطابقة/متشابهة بصرياً
4719,Hazem19792019_5344.jpg,منتج Hazem19792019_5344,أخرى,ffffdf0f6f0f0f07,يوجد صور متطابقة/متشابهة بصرياً
4720,Hazem19792019_5345.jpg,منتج Hazem19792019_5345,أخرى,ff776b0301013ef7,يوجد صور متطابقة/متشابهة بصرياً
4721,Hazem19792019_5346.jpg,منتج Hazem19792019_5346,أخرى,ffdfff000087c7c7,يوجد صور متطابقة/متشابهة بصرياً
4722,Hazem19792019_5347.jpg,منتج Hazem19792019_5347,أخرى,3fc1e0999b8b8b9f,يوجد صور متطابقة/متشابهة بصرياً
4723,Hazem19792019_5348.jpg,منتج Hazem19792019_5348,أخرى,9f900000ff1f01bf,يوجد صور متطابقة/متشابهة بصرياً
4724,Hazem19792019_5349.jpg,منتج Hazem19792019_5349,أخرى,1f93e3f71f1d1fbf,يوجد صور متطابقة/متشابهة بصرياً
4725,Hazem19792019_535.jpg,منتج Hazem19792019_535,أخرى,ffff01200101002f,يوجد صور متطابقة/متشابهة بصرياً
4726,Hazem19792019_5350.jpg,منتج Hazem19792019_5350,أخرى,07070f076f6f4200,يوجد صور متطابقة/متشابهة بصرياً
4727,Hazem19792019_5351.jpg,منتج Hazem19792019_5351,أخرى,38f8f8fcf60000ff,يوجد صور متطابقة/متشابهة بصرياً
4728,Hazem19792019_5352.jpg,منتج Hazem19792019_5352,أخرى,81808000f9ff093f,يوجد صور متطابقة/متشابهة بصرياً
4729,Hazem19792019_5353.jpg,منتج Hazem19792019_5353,أخرى,dfc0f00b0b0b0f7f,يوجد صور متطابقة/متشابهة بصرياً
4730,Hazem19792019_5354.jpg,منتج Hazem19792019_5354,أخرى,9f900000ff1f01bf,يوجد صور متطابقة/متشابهة بصرياً
4731,Hazem19792019_5355.jpg,منتج Hazem19792019_5355,أخرى,ffffdf0f6f0f0f07,يوجد صور متطابقة/متشابهة بصرياً
4732,Hazem19792019_5356.jpg,منتج Hazem19792019_5356,أخرى,fff1f1191b1f0f1f,يوجد صور متطابقة/متشابهة بصرياً
4733,Hazem19792019_5357.jpg,منتج Hazem19792019_5357,أخرى,3fc1e0999b8b8b9f,يوجد صور متطابقة/متشابهة بصرياً
4734,Hazem19792019_5358.jpg,منتج Hazem19792019_5358,أخرى,f7d000af6300e3c3,يوجد صور متطابقة/متشابهة بصرياً
4735,Hazem19792019_5359.jpg,منتج Hazem19792019_5359,أخرى,ffc0c0c04040f0ff,يوجد صور متطابقة/متشابهة بصرياً
4736,Hazem19792019_536.jpg,منتج Hazem19792019_536,أخرى,ffff878787873f07,يوجد صور متطابقة/متشابهة بصرياً
4737,Hazem19792019_5360.jpg,منتج Hazem19792019_5360,أخرى,ffc3c3c3c3d3c3c3,يوجد صور متطابقة/متشابهة بصرياً
4738,Hazem19792019_5361.jpg,منتج Hazem19792019_5361,أخرى,3e7f667e74004000,يوجد صور متطابقة/متشابهة بصرياً
4739,Hazem19792019_5362.jpg,منتج Hazem19792019_5362,أخرى,fcfe0670f1f1f0f0,يوجد صور متطابقة/متشابهة بصرياً
4740,Hazem19792019_5363.jpg,منتج Hazem19792019_5363,أخرى,fc1c141c9c9c1cfe,يوجد صور متطابقة/متشابهة بصرياً
4741,Hazem19792019_5364.jpg,منتج Hazem19792019_5364,أخرى,bd0d8dbd2db5b5b9,يوجد صور متطابقة/متشابهة بصرياً
4742,Hazem19792019_5365.jpg,منتج Hazem19792019_5365,أخرى,bd0c0cbca4bcbcbd,يوجد صور متطابقة/متشابهة بصرياً
4743,Hazem19792019_5366.jpg,منتج Hazem19792019_5366,أخرى,3fbd89190919bdf9,
4744,Hazem19792019_5367.jpg,منتج Hazem19792019_5367,أخرى,7d7dffc38183c187,يوجد صور متطابقة/متشابهة بصرياً
4745,Hazem19792019_5368.jpg,منتج Hazem19792019_5368,أخرى,5f672323a3a3381f,يوجد صور متطابقة/متشابهة بصرياً
4746,Hazem19792019_5369.jpg,منتج Hazem19792019_5369,أخرى,ffed81fd050d05ef,يوجد صور متطابقة/متشابهة بصرياً
4747,Hazem19792019_537.jpg,منتج Hazem19792019_537,أخرى,7e7c3cbc353f1800,
4748,Hazem19792019_5370.jpg,منتج Hazem19792019_5370,أخرى,0fe0ffc2e1c3cfff,يوجد صور متطابقة/متشابهة بصرياً
4749,Hazem19792019_5371.jpg,منتج Hazem19792019_5371,أخرى,e0e0e2c3c3e3c3e0,يوجد صور متطابقة/متشابهة بصرياً
4750,Hazem19792019_5372.jpg,منتج Hazem19792019_5372,أخرى,787c7e674c6e4600,يوجد صور متطابقة/متشابهة بصرياً
4751,Hazem19792019_5373.jpg,منتج Hazem19792019_5373,أخرى,ffedc0bc642c050f,يوجد صور متطابقة/متشابهة بصرياً
4752,Hazem19792019_5374.jpg,منتج Hazem19792019_5374,أخرى,ff776b0301013ef7,يوجد صور متطابقة/متشابهة بصرياً
4753,Hazem19792019_5375.jpg,منتج Hazem19792019_5375,أخرى,f0e0f090909018bb,
4754,Hazem19792019_5376.jpg,منتج Hazem19792019_5376,أخرى,ffdfff000087c7c7,يوجد صور متطابقة/متشابهة بصرياً
4755,Hazem19792019_5377.jpg,منتج Hazem19792019_5377,أخرى,80fff76e6dff0100,
4756,Hazem19792019_5378.jpg,منتج Hazem19792019_5378,أخرى,0000fcf27eff7cfe,
4757,Hazem19792019_5379.jpg,منتج Hazem19792019_5379,أخرى,e0fe98fe7c7c7c00,
4758,Hazem19792019_538.jpg,منتج Hazem19792019_538,أخرى,f4800d1d3c7c3c9f,
4759,Hazem19792019_5380.jpg,منتج Hazem19792019_5380,أخرى,f3f3e0e0800000f0,
4760,Hazem19792019_5381.jpg,منتج Hazem19792019_5381,أخرى,0080809f9f9fbda0,
4761,Hazem19792019_5382.jpg,منتج Hazem19792019_5382,أخرى,f0f0c0b0b00090f0,
4762,Hazem19792019_5383.jpg,منتج Hazem19792019_5383,أخرى,0000247c7c7c7e7a,
4763,Hazem19792019_5384.jpg,منتج Hazem19792019_5384,أخرى,c2dada80c0c988ff,يوجد صور متطابقة/متشابهة بصرياً
4764,Hazem19792019_5385.jpg,منتج Hazem19792019_5385,أخرى,3b00181800d85fc3,يوجد صور متطابقة/متشابهة بصرياً
4765,Hazem19792019_5386.jpg,منتج Hazem19792019_5386,أخرى,9800ac3cbcbc8000,
4766,Hazem19792019_5387.jpg,منتج Hazem19792019_5387,أخرى,c2dada80c0c988ff,يوجد صور متطابقة/متشابهة بصرياً
4767,Hazem19792019_5388.jpg,منتج Hazem19792019_5388,أخرى,8f0f80940787c3fb,يوجد صور متطابقة/متشابهة بصرياً
4768,Hazem19792019_5389.jpg,منتج Hazem19792019_5389,أخرى,ff8080ffffcecfc3,يوجد صور متطابقة/متشابهة بصرياً
4769,Hazem19792019_539.jpg,منتج Hazem19792019_539,أخرى,00363e2c7e7e7e74,يوجد صور متطابقة/متشابهة بصرياً
4770,Hazem19792019_5390.jpg,منتج Hazem19792019_5390,أخرى,f0f89c8cbc8c8cfc,يوجد صور متطابقة/متشابهة بصرياً
4771,Hazem19792019_5391.jpg,منتج Hazem19792019_5391,أخرى,8f8788f8fdfc9dff,يوجد صور متطابقة/متشابهة بصرياً
4772,Hazem19792019_5392.jpg,منتج Hazem19792019_5392,أخرى,0303070361f3ffff,
4773,Hazem19792019_5393.jpg,منتج Hazem19792019_5393,أخرى,ff808480c1c1cf41,
4774,Hazem19792019_5394.jpg,منتج Hazem19792019_5394,أخرى,5b5f2929214d597f,
4775,Hazem19792019_5395.jpg,منتج Hazem19792019_5395,أخرى,6203070f07878e8e,يوجد صور متطابقة/متشابهة بصرياً
4776,Hazem19792019_5396.jpg,منتج Hazem19792019_5396,أخرى,cfc7c7e7818181fd,يوجد صور متطابقة/متشابهة بصرياً
4777,Hazem19792019_5397.jpg,منتج Hazem19792019_5397,أخرى,f901010180818fff,يوجد صور متطابقة/متشابهة بصرياً
4778,Hazem19792019_5398.jpg,منتج Hazem19792019_5398,أخرى,9f900000ff1f01bf,يوجد صور متطابقة/متشابهة بصرياً
4779,Hazem19792019_5399.jpg,منتج Hazem19792019_5399,أخرى,87808880ff1f38ff,يوجد صور متطابقة/متشابهة بصرياً
4780,Hazem19792019_54.jpg,منتج Hazem19792019_54,أخرى,0000187c7fff7f3f,
4781,Hazem19792019_540.jpg,منتج Hazem19792019_540,أخرى,40003e7e7f777e00,يوجد صور متطابقة/متشابهة بصرياً
4782,Hazem19792019_5400.jpg,منتج Hazem19792019_5400,أخرى,ffff81e1f3135011,يوجد صور متطابقة/متشابهة بصرياً
4783,Hazem19792019_5401.jpg,منتج Hazem19792019_5401,أخرى,3fc1e0999b8b8b9f,يوجد صور متطابقة/متشابهة بصرياً
4784,Hazem19792019_5402.jpg,منتج Hazem19792019_5402,أخرى,ff0f0f01e0e0e0f3,يوجد صور متطابقة/متشابهة بصرياً
4785,Hazem19792019_5403.jpg,منتج Hazem19792019_5403,أخرى,a0b8acbcff8f0381,يوجد صور متطابقة/متشابهة بصرياً
4786,Hazem19792019_5404.jpg,منتج Hazem19792019_5404,أخرى,ffffdf0f6f0f0f07,يوجد صور متطابقة/متشابهة بصرياً
4787,Hazem19792019_5405.jpg,منتج Hazem19792019_5405,أخرى,bf030181e1ffc381,يوجد صور متطابقة/متشابهة بصرياً
4788,Hazem19792019_5406.jpg,منتج Hazem19792019_5406,أخرى,8f808181fd9fc1bf,يوجد صور متطابقة/متشابهة بصرياً
4789,Hazem19792019_5407.jpg,منتج Hazem19792019_5407,أخرى,8f8080c0f13fc39f,يوجد صور متطابقة/متشابهة بصرياً
4790,Hazem19792019_5408.jpg,منتج Hazem19792019_5408,أخرى,ffdc0622ff1f0303,يوجد صور متطابقة/متشابهة بصرياً
4791,Hazem19792019_5409.jpg,منتج Hazem19792019_5409,أخرى,81808000f9ff093f,يوجد صور متطابقة/متشابهة بصرياً
4792,Hazem19792019_541.jpg,منتج Hazem19792019_541,أخرى,ffff7f3e1b060200,
4793,Hazem19792019_5410.jpg,منتج Hazem19792019_5410,أخرى,bf808080e1bf07f1,يوجد صور متطابقة/متشابهة بصرياً
4794,Hazem19792019_5411.jpg,منتج Hazem19792019_5411,أخرى,ff9f81f3f38381f5,يوجد صور متطابقة/متشابهة بصرياً
4795,Hazem19792019_5412.jpg,منتج Hazem19792019_5412,أخرى,ffe1e10009090dff,يوجد صور متطابقة/متشابهة بصرياً
4796,Hazem19792019_5413.jpg,منتج Hazem19792019_5413,أخرى,01012107078787ff,يوجد صور متطابقة/متشابهة بصرياً
4797,Hazem19792019_5414.jpg,منتج Hazem19792019_5414,أخرى,ff8381f1b79391f7,يوجد صور متطابقة/متشابهة بصرياً
4798,Hazem19792019_5415.jpg,منتج Hazem19792019_5415,أخرى,ffff8183d591809d,يوجد صور متطابقة/متشابهة بصرياً
4799,Hazem19792019_5416.jpg,منتج Hazem19792019_5416,أخرى,83b0f5fabf1f01bb,يوجد صور متطابقة/متشابهة بصرياً
4800,Hazem19792019_5417.jpg,منتج Hazem19792019_5417,أخرى,007c73d1f101a1ff,يوجد صور متطابقة/متشابهة بصرياً
4801,Hazem19792019_5418.jpg,منتج Hazem19792019_5418,أخرى,fee8c0e8fee0e0fc,يوجد صور متطابقة/متشابهة بصرياً
4802,Hazem19792019_5419.jpg,منتج Hazem19792019_5419,أخرى,df808581fd9b01ff,يوجد صور متطابقة/متشابهة بصرياً
4803,Hazem19792019_542.jpg,منتج Hazem19792019_542,أخرى,f8fcfc9dfd7c1600,
4804,Hazem19792019_5420.jpg,منتج Hazem19792019_5420,أخرى,f98100948000939f,يوجد صور متطابقة/متشابهة بصرياً
4805,Hazem19792019_5421.jpg,منتج Hazem19792019_5421,أخرى,ff120000302487fe,يوجد صور متطابقة/متشابهة بصرياً
4806,Hazem19792019_5422.jpg,منتج Hazem19792019_5422,أخرى,001f3f3e1c1c1e3c,يوجد صور متطابقة/متشابهة بصرياً
4807,Hazem19792019_5423.jpg,منتج Hazem19792019_5423,أخرى,ffffc78f971f9f7f,يوجد صور متطابقة/متشابهة بصرياً
4808,Hazem19792019_5424.jpg,منتج Hazem19792019_5424,أخرى,1fff1f1393e3c0ed,يوجد صور متطابقة/متشابهة بصرياً
4809,Hazem19792019_5425.jpg,منتج Hazem19792019_5425,أخرى,f9030333030387ff,يوجد صور متطابقة/متشابهة بصرياً
4810,Hazem19792019_5426.jpg,منتج Hazem19792019_5426,أخرى,ff3133beb8bee680,يوجد صور متطابقة/متشابهة بصرياً
4811,Hazem19792019_5427.jpg,منتج Hazem19792019_5427,أخرى,df83c1e1f98f8fff,يوجد صور متطابقة/متشابهة بصرياً
4812,Hazem19792019_5428.jpg,منتج Hazem19792019_5428,أخرى,8f8788f8fdfc9dff,يوجد صور متطابقة/متشابهة بصرياً
4813,Hazem19792019_5429.jpg,منتج Hazem19792019_5429,أخرى,3e7f667e74004000,يوجد صور متطابقة/متشابهة بصرياً
4814,Hazem19792019_543.jpg,منتج Hazem19792019_543,أخرى,1f0fe3901fe3f0fc,
4815,Hazem19792019_5430.jpg,منتج Hazem19792019_5430,أخرى,fdb904248d8dadfc,يوجد صور متطابقة/متشابهة بصرياً
4816,Hazem19792019_5431.jpg,منتج Hazem19792019_5431,أخرى,fff9f99d0d05ccfd,يوجد صور متطابقة/متشابهة بصرياً
4817,Hazem19792019_5432.jpg,منتج Hazem19792019_5432,أخرى,ffe0007ffff2b8d0,يوجد صور متطابقة/متشابهة بصرياً
4818,Hazem19792019_5433.jpg,منتج Hazem19792019_5433,أخرى,fcf0003affeaf280,يوجد صور متطابقة/متشابهة بصرياً
4819,Hazem19792019_5434.jpg,منتج Hazem19792019_5434,أخرى,3f3703fd8dcd8dfd,يوجد صور متطابقة/متشابهة بصرياً
4820,Hazem19792019_5435.jpg,منتج Hazem19792019_5435,أخرى,bf0dcde59d8d8d9d,يوجد صور متطابقة/متشابهة بصرياً
4821,Hazem19792019_5436.jpg,منتج Hazem19792019_5436,أخرى,9f9f838391998983,يوجد صور متطابقة/متشابهة بصرياً
4822,Hazem19792019_5437.jpg,منتج Hazem19792019_5437,أخرى,fdf5b1112dada9fc,يوجد صور متطابقة/متشابهة بصرياً
4823,Hazem19792019_5438.jpg,منتج Hazem19792019_5438,أخرى,ffedc0bc642c050f,يوجد صور متطابقة/متشابهة بصرياً
4824,Hazem19792019_5439.jpg,منتج Hazem19792019_5439,أخرى,ffed81fd050d05ef,يوجد صور متطابقة/متشابهة بصرياً
4825,Hazem19792019_544.jpg,منتج Hazem19792019_544,أخرى,ff8501050d1f059f,
4826,Hazem19792019_5440.jpg,منتج Hazem19792019_5440,أخرى,39f09008e0fbdf0f,يوجد صور متطابقة/متشابهة بصرياً
4827,Hazem19792019_5441.jpg,منتج Hazem19792019_5441,أخرى,fc00fcf4bcc48dcd,يوجد صور متطابقة/متشابهة بصرياً
4828,Hazem19792019_5442.jpg,منتج Hazem19792019_5442,أخرى,fb9080a0e8df8fed,يوجد صور متطابقة/متشابهة بصرياً
4829,Hazem19792019_5443.jpg,منتج Hazem19792019_5443,أخرى,ff070217ffdfdc40,يوجد صور متطابقة/متشابهة بصرياً
4830,Hazem19792019_5444.jpg,منتج Hazem19792019_5444,أخرى,7c245b183b185802,يوجد صور متطابقة/متشابهة بصرياً
4831,Hazem19792019_5445.jpg,منتج Hazem19792019_5445,أخرى,fc1c141c9c9c1cfe,يوجد صور متطابقة/متشابهة بصرياً
4832,Hazem19792019_5446.jpg,منتج Hazem19792019_5446,أخرى,38f0f8f010979fbd,يوجد صور متطابقة/متشابهة بصرياً
4833,Hazem19792019_5447.jpg,منتج Hazem19792019_5447,أخرى,3ffd949c8c9c9dfd,يوجد صور متطابقة/متشابهة بصرياً
4834,Hazem19792019_5448.jpg,منتج Hazem19792019_5448,أخرى,bd0d8dbd2db5b5b9,يوجد صور متطابقة/متشابهة بصرياً
4835,Hazem19792019_5449.jpg,منتج Hazem19792019_5449,أخرى,bd0c0cbca4bcbcbd,يوجد صور متطابقة/متشابهة بصرياً
4836,Hazem19792019_545.jpg,منتج Hazem19792019_545,أخرى,1f11101f1f1dcfcf,
4837,Hazem19792019_5450.jpg,منتج Hazem19792019_5450,أخرى,3fdf8181819f81fd,يوجد صور متطابقة/متشابهة بصرياً
4838,Hazem19792019_5451.jpg,منتج Hazem19792019_5451,أخرى,3fdf8181819f81fd,يوجد صور متطابقة/متشابهة بصرياً
4839,Hazem19792019_5452.jpg,منتج Hazem19792019_5452,أخرى,f9b9b989898989fc,يوجد صور متطابقة/متشابهة بصرياً
4840,Hazem19792019_5453.jpg,منتج Hazem19792019_5453,أخرى,5f672323a3a3381f,يوجد صور متطابقة/متشابهة بصرياً
4841,Hazem19792019_5454.jpg,منتج Hazem19792019_5454,أخرى,fff5fc9c94941c9c,يوجد صور متطابقة/متشابهة بصرياً
4842,Hazem19792019_5455.jpg,منتج Hazem19792019_5455,أخرى,bfcf8183819f81fd,يوجد صور متطابقة/متشابهة بصرياً
4843,Hazem19792019_5456.jpg,منتج Hazem19792019_5456,أخرى,1c34f6b63434befc,يوجد صور متطابقة/متشابهة بصرياً
4844,Hazem19792019_5457.jpg,منتج Hazem19792019_5457,أخرى,3fbf80b81890bafd,يوجد صور متطابقة/متشابهة بصرياً
4845,Hazem19792019_5458.jpg,منتج Hazem19792019_5458,أخرى,1ffce404042c2cfc,يوجد صور متطابقة/متشابهة بصرياً
4846,Hazem19792019_5459.jpg,منتج Hazem19792019_5459,أخرى,fff3c3c3c7e7c1ff,يوجد صور متطابقة/متشابهة بصرياً
4847,Hazem19792019_546.jpg,منتج Hazem19792019_546,أخرى,a4f083c7c3013f14,
4848,Hazem19792019_5460.jpg,منتج Hazem19792019_5460,أخرى,bdfc80fc149c9fbd,يوجد صور متطابقة/متشابهة بصرياً
4849,Hazem19792019_5461.jpg,منتج Hazem19792019_5461,أخرى,3fbfff01a8ff07cc,يوجد صور متطابقة/متشابهة بصرياً
4850,Hazem19792019_5462.jpg,منتج Hazem19792019_5462,أخرى,8fc123a3e3c3e3f3,يوجد صور متطابقة/متشابهة بصرياً
4851,Hazem19792019_5463.jpg,منتج Hazem19792019_5463,أخرى,8f0f80940787c3fb,يوجد صور متطابقة/متشابهة بصرياً
4852,Hazem19792019_5464.jpg,منتج Hazem19792019_5464,أخرى,ffff1f13327a1e02,يوجد صور متطابقة/متشابهة بصرياً
4853,Hazem19792019_5465.jpg,منتج Hazem19792019_5465,أخرى,8f0f80940787c3fb,يوجد صور متطابقة/متشابهة بصرياً
4854,Hazem19792019_5466.jpg,منتج Hazem19792019_5466,أخرى,ffc38081fcf9e9fe,يوجد صور متطابقة/متشابهة بصرياً
4855,Hazem19792019_5467.jpg,منتج Hazem19792019_5467,أخرى,9f9d9d99999f9fff,يوجد صور متطابقة/متشابهة بصرياً
4856,Hazem19792019_5468.jpg,منتج Hazem19792019_5468,أخرى,f0f89c8cbc8c8cfc,يوجد صور متطابقة/متشابهة بصرياً
4857,Hazem19792019_5469.jpg,منتج Hazem19792019_5469,أخرى,71f379f3f343e0f0,يوجد صور متطابقة/متشابهة بصرياً
4858,Hazem19792019_547.jpg,منتج Hazem19792019_547,أخرى,00ba383afefe7e00,
4859,Hazem19792019_5470.jpg,منتج Hazem19792019_5470,أخرى,ef0081a3b3b3a0e0,
4860,Hazem19792019_5471.jpg,منتج Hazem19792019_5471,أخرى,8f0f80940787c3fb,يوجد صور متطابقة/متشابهة بصرياً
4861,Hazem19792019_5472.jpg,منتج Hazem19792019_5472,أخرى,3b00181800d85fc3,يوجد صور متطابقة/متشابهة بصرياً
4862,Hazem19792019_5473.jpg,منتج Hazem19792019_5473,أخرى,7e7e7efefedc0000,يوجد صور متطابقة/متشابهة بصرياً
4863,Hazem19792019_5474.jpg,منتج Hazem19792019_5474,أخرى,1f13b7ff4f054dff,يوجد صور متطابقة/متشابهة بصرياً
4864,Hazem19792019_5475.jpg,منتج Hazem19792019_5475,أخرى,e0e0e2c3c3e3c3e0,يوجد صور متطابقة/متشابهة بصرياً
4865,Hazem19792019_5476.jpg,منتج Hazem19792019_5476,أخرى,ffdfff000087c7c7,يوجد صور متطابقة/متشابهة بصرياً
4866,Hazem19792019_5477.jpg,منتج Hazem19792019_5477,أخرى,38f8f8fcf60000ff,يوجد صور متطابقة/متشابهة بصرياً
4867,Hazem19792019_5478.jpg,منتج Hazem19792019_5478,أخرى,1f93e3f71f1d1fbf,يوجد صور متطابقة/متشابهة بصرياً
4868,Hazem19792019_5479.jpg,منتج Hazem19792019_5479,أخرى,fff1f1191b1f0f1f,يوجد صور متطابقة/متشابهة بصرياً
4869,Hazem19792019_548.jpg,منتج Hazem19792019_548,أخرى,3f26767e7e7e7000,
4870,Hazem19792019_5480.jpg,منتج Hazem19792019_5480,أخرى,f7d000af6300e3c3,يوجد صور متطابقة/متشابهة بصرياً
4871,Hazem19792019_5481.jpg,منتج Hazem19792019_5481,أخرى,cf8181c3c38383f1,يوجد صور متطابقة/متشابهة بصرياً
4872,Hazem19792019_5482.jpg,منتج Hazem19792019_5482,أخرى,ff5f7f7e64646660,يوجد صور متطابقة/متشابهة بصرياً
4873,Hazem19792019_5483.jpg,منتج Hazem19792019_5483,أخرى,800020766eefe6f4,يوجد صور متطابقة/متشابهة بصرياً
4874,Hazem19792019_5484.jpg,منتج Hazem19792019_5484,أخرى,6203070f07878e8e,يوجد صور متطابقة/متشابهة بصرياً
4875,Hazem19792019_5485.jpg,منتج Hazem19792019_5485,أخرى,87808880ff1f38ff,يوجد صور متطابقة/متشابهة بصرياً
4876,Hazem19792019_5486.jpg,منتج Hazem19792019_5486,أخرى,cfc7c7e7818181fd,يوجد صور متطابقة/متشابهة بصرياً
4877,Hazem19792019_5487.jpg,منتج Hazem19792019_5487,أخرى,ff0f0f01e0e0e0f3,يوجد صور متطابقة/متشابهة بصرياً
4878,Hazem19792019_5488.jpg,منتج Hazem19792019_5488,أخرى,f901010180818fff,يوجد صور متطابقة/متشابهة بصرياً
4879,Hazem19792019_5489.jpg,منتج Hazem19792019_5489,أخرى,fc7c6c7cfcfc14fc,يوجد صور متطابقة/متشابهة بصرياً
4880,Hazem19792019_549.jpg,منتج Hazem19792019_549,أخرى,ffc7c7c7c7c7c79f,
4881,Hazem19792019_5490.jpg,منتج Hazem19792019_5490,أخرى,9e08fe047e7c00fe,يوجد صور متطابقة/متشابهة بصرياً
4882,Hazem19792019_5491.jpg,منتج Hazem19792019_5491,أخرى,1f1f0d2d0fdfcfcc,يوجد صور متطابقة/متشابهة بصرياً
4883,Hazem19792019_5492.jpg,منتج Hazem19792019_5492,أخرى,fcf0003affeaf290,يوجد صور متطابقة/متشابهة بصرياً
4884,Hazem19792019_5493.jpg,منتج Hazem19792019_5493,أخرى,1f93e3f71f1d1fbf,يوجد صور متطابقة/متشابهة بصرياً
4885,Hazem19792019_5494.jpg,منتج Hazem19792019_5494,أخرى,cfc7e7e7e70703e3,
4886,Hazem19792019_5495.jpg,منتج Hazem19792019_5495,أخرى,bf1180f99f999c80,
4887,Hazem19792019_5496.jpg,منتج Hazem19792019_5496,أخرى,ffff0783f1700e0f,
4888,Hazem19792019_5497.jpg,منتج Hazem19792019_5497,أخرى,87808880ff1f38ff,يوجد صور متطابقة/متشابهة بصرياً
4889,Hazem19792019_5498.jpg,منتج Hazem19792019_5498,أخرى,6203070f07878e8e,يوجد صور متطابقة/متشابهة بصرياً
4890,Hazem19792019_5499.jpg,منتج Hazem19792019_5499,أخرى,ff0f0f01e0e0e0f3,يوجد صور متطابقة/متشابهة بصرياً
4891,Hazem19792019_55.jpg,منتج Hazem19792019_55,أخرى,000040e1ffff7f3c,
4892,Hazem19792019_550.jpg,منتج Hazem19792019_550,أخرى,7c7c7c7c7c7c7c00,
4893,Hazem19792019_5500.jpg,منتج Hazem19792019_5500,أخرى,f901010180818fff,يوجد صور متطابقة/متشابهة بصرياً
4894,Hazem19792019_5501.jpg,منتج Hazem19792019_5501,أخرى,9f900000ff1f01bf,يوجد صور متطابقة/متشابهة بصرياً
4895,Hazem19792019_5502.jpg,منتج Hazem19792019_5502,أخرى,3fc1e0999b8b8b9f,يوجد صور متطابقة/متشابهة بصرياً
4896,Hazem19792019_5503.jpg,منتج Hazem19792019_5503,أخرى,ffff81e1f3135011,يوجد صور متطابقة/متشابهة بصرياً
4897,Hazem19792019_5504.jpg,منتج Hazem19792019_5504,أخرى,ffffdf0f6f0f0f07,يوجد صور متطابقة/متشابهة بصرياً
4898,Hazem19792019_5505.jpg,منتج Hazem19792019_5505,أخرى,a0b8acbcff8f0381,يوجد صور متطابقة/متشابهة بصرياً
4899,Hazem19792019_5506.jpg,منتج Hazem19792019_5506,أخرى,8f8080c0f13fc39f,يوجد صور متطابقة/متشابهة بصرياً
4900,Hazem19792019_5507.jpg,منتج Hazem19792019_5507,أخرى,8f808181fd9fc1bf,يوجد صور متطابقة/متشابهة بصرياً
4901,Hazem19792019_5508.jpg,منتج Hazem19792019_5508,أخرى,bf030181e1ffc381,يوجد صور متطابقة/متشابهة بصرياً
4902,Hazem19792019_5509.jpg,منتج Hazem19792019_5509,أخرى,ffdc0622ff1f0303,يوجد صور متطابقة/متشابهة بصرياً
4903,Hazem19792019_551.jpg,منتج Hazem19792019_551,أخرى,2023f9fdebe9f900,
4904,Hazem19792019_5510.jpg,منتج Hazem19792019_5510,أخرى,81808000f9ff093f,يوجد صور متطابقة/متشابهة بصرياً
4905,Hazem19792019_5511.jpg,منتج Hazem19792019_5511,أخرى,bf808080e1bf07f1,يوجد صور متطابقة/متشابهة بصرياً
4906,Hazem19792019_5512.jpg,منتج Hazem19792019_5512,أخرى,01012107078787ff,يوجد صور متطابقة/متشابهة بصرياً
4907,Hazem19792019_5513.jpg,منتج Hazem19792019_5513,أخرى,ffe1e10009090dff,يوجد صور متطابقة/متشابهة بصرياً
4908,Hazem19792019_5514.jpg,منتج Hazem19792019_5514,أخرى,ff9f81f3f38381f5,يوجد صور متطابقة/متشابهة بصرياً
4909,Hazem19792019_5515.jpg,منتج Hazem19792019_5515,أخرى,ff8381f1b79391f7,يوجد صور متطابقة/متشابهة بصرياً
4910,Hazem19792019_5516.jpg,منتج Hazem19792019_5516,أخرى,ffff8183d591809d,يوجد صور متطابقة/متشابهة بصرياً
4911,Hazem19792019_5517.jpg,منتج Hazem19792019_5517,أخرى,83b0f5fabf1f01bb,يوجد صور متطابقة/متشابهة بصرياً
4912,Hazem19792019_5518.jpg,منتج Hazem19792019_5518,أخرى,df808581fd9b01ff,يوجد صور متطابقة/متشابهة بصرياً
4913,Hazem19792019_5519.jpg,منتج Hazem19792019_5519,أخرى,fee8c0e8fee0e0fc,يوجد صور متطابقة/متشابهة بصرياً
4914,Hazem19792019_552.jpg,منتج Hazem19792019_552,أخرى,080c1e3aa8d0feff,
4915,Hazem19792019_5520.jpg,منتج Hazem19792019_5520,أخرى,007c73d1f101a1ff,يوجد صور متطابقة/متشابهة بصرياً
4916,Hazem19792019_5521.jpg,منتج Hazem19792019_5521,أخرى,f98100948000939f,يوجد صور متطابقة/متشابهة بصرياً
4917,Hazem19792019_5522.jpg,منتج Hazem19792019_5522,أخرى,ff120000302487fe,يوجد صور متطابقة/متشابهة بصرياً
4918,Hazem19792019_5523.jpg,منتج Hazem19792019_5523,أخرى,001f3f3e1c1c1e3c,يوجد صور متطابقة/متشابهة بصرياً
4919,Hazem19792019_5524.jpg,منتج Hazem19792019_5524,أخرى,f9030333030387ff,يوجد صور متطابقة/متشابهة بصرياً
4920,Hazem19792019_5525.jpg,منتج Hazem19792019_5525,أخرى,1fff1f1393e3c0ed,يوجد صور متطابقة/متشابهة بصرياً
4921,Hazem19792019_5526.jpg,منتج Hazem19792019_5526,أخرى,8f8788f8fdfc9dff,يوجد صور متطابقة/متشابهة بصرياً
4922,Hazem19792019_5527.jpg,منتج Hazem19792019_5527,أخرى,df83c1e1f98f8fff,يوجد صور متطابقة/متشابهة بصرياً
4923,Hazem19792019_5528.jpg,منتج Hazem19792019_5528,أخرى,ffffc78f971f9f7f,يوجد صور متطابقة/متشابهة بصرياً
4924,Hazem19792019_5529.jpg,منتج Hazem19792019_5529,أخرى,fdb904248d8dadfc,يوجد صور متطابقة/متشابهة بصرياً
4925,Hazem19792019_553.jpg,منتج Hazem19792019_553,أخرى,81b2323f0f0f2380,
4926,Hazem19792019_5530.jpg,منتج Hazem19792019_5530,أخرى,ff3133beb8bee680,يوجد صور متطابقة/متشابهة بصرياً
4927,Hazem19792019_5531.jpg,منتج Hazem19792019_5531,أخرى,3e7f667e74004000,يوجد صور متطابقة/متشابهة بصرياً
4928,Hazem19792019_5532.jpg,منتج Hazem19792019_5532,أخرى,3f3703fd8dcd8dfd,يوجد صور متطابقة/متشابهة بصرياً
4929,Hazem19792019_5533.jpg,منتج Hazem19792019_5533,أخرى,fcf0003affeaf280,يوجد صور متطابقة/متشابهة بصرياً
4930,Hazem19792019_5534.jpg,منتج Hazem19792019_5534,أخرى,ffe0007ffff2b8d0,يوجد صور متطابقة/متشابهة بصرياً
4931,Hazem19792019_5535.jpg,منتج Hazem19792019_5535,أخرى,fdf5b1112dada9fc,يوجد صور متطابقة/متشابهة بصرياً
4932,Hazem19792019_5536.jpg,منتج Hazem19792019_5536,أخرى,9f9f838391998983,يوجد صور متطابقة/متشابهة بصرياً
4933,Hazem19792019_5537.jpg,منتج Hazem19792019_5537,أخرى,bf0dcde59d8d8d9d,يوجد صور متطابقة/متشابهة بصرياً
4934,Hazem19792019_5538.jpg,منتج Hazem19792019_5538,أخرى,39f09008e0fbdf0f,يوجد صور متطابقة/متشابهة بصرياً
4935,Hazem19792019_5539.jpg,منتج Hazem19792019_5539,أخرى,ffed81fd050d05ef,يوجد صور متطابقة/متشابهة بصرياً
4936,Hazem19792019_554.jpg,منتج Hazem19792019_554,أخرى,3e3e0e061614033f,
4937,Hazem19792019_5540.jpg,منتج Hazem19792019_5540,أخرى,ffedc0bc642c050f,يوجد صور متطابقة/متشابهة بصرياً
4938,Hazem19792019_5541.jpg,منتج Hazem19792019_5541,أخرى,ff070217ffdfdc40,يوجد صور متطابقة/متشابهة بصرياً
4939,Hazem19792019_5542.jpg,منتج Hazem19792019_5542,أخرى,fb9080a0e8df8fed,يوجد صور متطابقة/متشابهة بصرياً
4940,Hazem19792019_5543.jpg,منتج Hazem19792019_5543,أخرى,fc00fcf4bcc48dcd,يوجد صور متطابقة/متشابهة بصرياً
4941,Hazem19792019_5544.jpg,منتج Hazem19792019_5544,أخرى,38f0f8f010979fbd,يوجد صور متطابقة/متشابهة بصرياً
4942,Hazem19792019_5545.jpg,منتج Hazem19792019_5545,أخرى,fc1c141c9c9c1cfe,يوجد صور متطابقة/متشابهة بصرياً
4943,Hazem19792019_5546.jpg,منتج Hazem19792019_5546,أخرى,7c245b183b185802,يوجد صور متطابقة/متشابهة بصرياً
4944,Hazem19792019_5547.jpg,منتج Hazem19792019_5547,أخرى,bd0c0cbca4bcbcbd,يوجد صور متطابقة/متشابهة بصرياً
4945,Hazem19792019_5548.jpg,منتج Hazem19792019_5548,أخرى,bd0d8dbd2db5b5b9,يوجد صور متطابقة/متشابهة بصرياً
4946,Hazem19792019_5549.jpg,منتج Hazem19792019_5549,أخرى,3ffd949c8c9c9dfd,يوجد صور متطابقة/متشابهة بصرياً
4947,Hazem19792019_555.jpg,منتج Hazem19792019_555,أخرى,000626848dbdfffe,
4948,Hazem19792019_5550.jpg,منتج Hazem19792019_5550,أخرى,f9b9b989898989fc,يوجد صور متطابقة/متشابهة بصرياً
4949,Hazem19792019_5551.jpg,منتج Hazem19792019_5551,أخرى,3fdf8181819f81fd,يوجد صور متطابقة/متشابهة بصرياً
4950,Hazem19792019_5552.jpg,منتج Hazem19792019_5552,أخرى,3fdf8181819f81fd,يوجد صور متطابقة/متشابهة بصرياً
4951,Hazem19792019_5553.jpg,منتج Hazem19792019_5553,أخرى,bfcf8183819f81fd,يوجد صور متطابقة/متشابهة بصرياً
4952,Hazem19792019_5554.jpg,منتج Hazem19792019_5554,أخرى,fff5fc9c94941c9c,يوجد صور متطابقة/متشابهة بصرياً
4953,Hazem19792019_5555.jpg,منتج Hazem19792019_5555,أخرى,5f672323a3a3381f,يوجد صور متطابقة/متشابهة بصرياً
4954,Hazem19792019_5556.jpg,منتج Hazem19792019_5556,أخرى,1ffce404042c2cfc,يوجد صور متطابقة/متشابهة بصرياً
4955,Hazem19792019_5557.jpg,منتج Hazem19792019_5557,أخرى,3fbf80b81890bafd,يوجد صور متطابقة/متشابهة بصرياً
4956,Hazem19792019_5558.jpg,منتج Hazem19792019_5558,أخرى,1c34f6b63434befc,يوجد صور متطابقة/متشابهة بصرياً
4957,Hazem19792019_5559.jpg,منتج Hazem19792019_5559,أخرى,3fbfff01a8ff07cc,يوجد صور متطابقة/متشابهة بصرياً
4958,Hazem19792019_556.jpg,منتج Hazem19792019_556,أخرى,cfcfeffdcc1cc181,
4959,Hazem19792019_5560.jpg,منتج Hazem19792019_5560,أخرى,bdfc80fc149c9fbd,يوجد صور متطابقة/متشابهة بصرياً
4960,Hazem19792019_5561.jpg,منتج Hazem19792019_5561,أخرى,fff3c3c3c7e7c1ff,يوجد صور متطابقة/متشابهة بصرياً
4961,Hazem19792019_5562.jpg,منتج Hazem19792019_5562,أخرى,ffff1f13327a1e02,يوجد صور متطابقة/متشابهة بصرياً
4962,Hazem19792019_5563.jpg,منتج Hazem19792019_5563,أخرى,8f0f80940787c3fb,يوجد صور متطابقة/متشابهة بصرياً
4963,Hazem19792019_5564.jpg,منتج Hazem19792019_5564,أخرى,8fc123a3e3c3e3f3,يوجد صور متطابقة/متشابهة بصرياً
4964,Hazem19792019_5565.jpg,منتج Hazem19792019_5565,أخرى,9f9d9d99999f9fff,يوجد صور متطابقة/متشابهة بصرياً
4965,Hazem19792019_5566.jpg,منتج Hazem19792019_5566,أخرى,ffc38081fcf9e9fe,يوجد صور متطابقة/متشابهة بصرياً
4966,Hazem19792019_5567.jpg,منتج Hazem19792019_5567,أخرى,8f0f80940787c3fb,يوجد صور متطابقة/متشابهة بصرياً
4967,Hazem19792019_5568.jpg,منتج Hazem19792019_5568,أخرى,ff8080ffffcecfc3,يوجد صور متطابقة/متشابهة بصرياً
4968,Hazem19792019_5569.jpg,منتج Hazem19792019_5569,أخرى,c2dada80c0c988ff,يوجد صور متطابقة/متشابهة بصرياً
4969,Hazem19792019_557.jpg,منتج Hazem19792019_557,أخرى,3e06263e3e0c0600,
4970,Hazem19792019_5570.jpg,منتج Hazem19792019_5570,أخرى,7e7e7efefedc0000,يوجد صور متطابقة/متشابهة بصرياً
4971,Hazem19792019_5571.jpg,منتج Hazem19792019_5571,أخرى,02c27afafafa0e8f,يوجد صور متطابقة/متشابهة بصرياً
4972,Hazem19792019_5572.jpg,منتج Hazem19792019_5572,أخرى,f3181cfffdbfb9f8,يوجد صور متطابقة/متشابهة بصرياً
4973,Hazem19792019_5573.jpg,منتج Hazem19792019_5573,أخرى,1f13b7ff4f054dff,يوجد صور متطابقة/متشابهة بصرياً
4974,Hazem19792019_5574.jpg,منتج Hazem19792019_5574,أخرى,f9c18998ff1999df,يوجد صور متطابقة/متشابهة بصرياً
4975,Hazem19792019_5575.jpg,منتج Hazem19792019_5575,أخرى,e0e0e2c3c3e3c3e0,يوجد صور متطابقة/متشابهة بصرياً
4976,Hazem19792019_5576.jpg,منتج Hazem19792019_5576,أخرى,cf8787c1c1c1c1f3,يوجد صور متطابقة/متشابهة بصرياً
4977,Hazem19792019_5577.jpg,منتج Hazem19792019_5577,أخرى,38f8f8fcf60000ff,يوجد صور متطابقة/متشابهة بصرياً
4978,Hazem19792019_5578.jpg,منتج Hazem19792019_5578,أخرى,1f93e3f71f1d1fbf,يوجد صور متطابقة/متشابهة بصرياً
4979,Hazem19792019_5579.jpg,منتج Hazem19792019_5579,أخرى,81808000f9ff093f,يوجد صور متطابقة/متشابهة بصرياً
4980,Hazem19792019_558.jpg,منتج Hazem19792019_558,أخرى,0000267f5f7f3e1e,
4981,Hazem19792019_5580.jpg,منتج Hazem19792019_5580,أخرى,bf808080e1bf07f1,يوجد صور متطابقة/متشابهة بصرياً
4982,Hazem19792019_5581.jpg,منتج Hazem19792019_5581,أخرى,cf8181c3c38383f1,يوجد صور متطابقة/متشابهة بصرياً
4983,Hazem19792019_5582.jpg,منتج Hazem19792019_5582,أخرى,ffc3c3c3c3d3c3c3,يوجد صور متطابقة/متشابهة بصرياً
4984,Hazem19792019_5583.jpg,منتج Hazem19792019_5583,أخرى,f7760ebfbf3e2080,يوجد صور متطابقة/متشابهة بصرياً
4985,Hazem19792019_5584.jpg,منتج Hazem19792019_5584,أخرى,f7d000af6300e3c3,يوجد صور متطابقة/متشابهة بصرياً
4986,Hazem19792019_5585.jpg,منتج Hazem19792019_5585,أخرى,fcfe0670f1f1f0f0,يوجد صور متطابقة/متشابهة بصرياً
4987,Hazem19792019_5586.jpg,منتج Hazem19792019_5586,أخرى,3e7f667e74004000,يوجد صور متطابقة/متشابهة بصرياً
4988,Hazem19792019_5587.jpg,منتج Hazem19792019_5587,أخرى,9f1f179f9bb57f20,
4989,Hazem19792019_5588.jpg,منتج Hazem19792019_5588,أخرى,ffe5c4400076b2c0,
4990,Hazem19792019_5589.jpg,منتج Hazem19792019_5589,أخرى,ffff000000c0ffff,يوجد صور متطابقة/متشابهة بصرياً
4991,Hazem19792019_559.jpg,منتج Hazem19792019_559,أخرى,3f18ee861e7c1e9f,يوجد صور متطابقة/متشابهة بصرياً
4992,Hazem19792019_5590.jpg,منتج Hazem19792019_5590,أخرى,3c7cfc9c1ed10000,يوجد صور متطابقة/متشابهة بصرياً
4993,Hazem19792019_5591.jpg,منتج Hazem19792019_5591,أخرى,e0e72438a5f7ffdf,يوجد صور متطابقة/متشابهة بصرياً
4994,Hazem19792019_5592.jpg,منتج Hazem19792019_5592,أخرى,fe0040fefefef2ff,يوجد صور متطابقة/متشابهة بصرياً
4995,Hazem19792019_5593.jpg,منتج Hazem19792019_5593,أخرى,ff948383089f97ff,يوجد صور متطابقة/متشابهة بصرياً
4996,Hazem19792019_5594.jpg,منتج Hazem19792019_5594,أخرى,fffffcf2302060fb,يوجد صور متطابقة/متشابهة بصرياً
4997,Hazem19792019_5595.jpg,منتج Hazem19792019_5595,أخرى,bf33330d2527cdcd,يوجد صور متطابقة/متشابهة بصرياً
4998,Hazem19792019_5596.jpg,منتج Hazem19792019_5596,أخرى,ff0000eaff027aff,يوجد صور متطابقة/متشابهة بصرياً
4999,Hazem19792019_5597.jpg,منتج Hazem19792019_5597,أخرى,ffc3c3c1efefcfe7,
5000,Hazem19792019_5598.jpg,منتج Hazem19792019_5598,أخرى,1f0f015f333f0f1f,يوجد صور متطابقة/متشابهة بصرياً
5001,Hazem19792019_5599.jpg,منتج Hazem19792019_5599,أخرى,0000008080b6ffff,يوجد صور متطابقة/متشابهة بصرياً
5002,Hazem19792019_56.jpg,منتج Hazem19792019_56,أخرى,f0fff63630306c38,
5003,Hazem19792019_560.jpg,منتج Hazem19792019_560,أخرى,00f0ff8f898fff00,
5004,Hazem19792019_5600.jpg,منتج Hazem19792019_5600,أخرى,fc00660616003cff,يوجد صور متطابقة/متشابهة بصرياً
5005,Hazem19792019_5601.jpg,منتج Hazem19792019_5601,أخرى,fcf8e0f0f8f0e0b8,يوجد صور متطابقة/متشابهة بصرياً
5006,Hazem19792019_5602.jpg,منتج Hazem19792019_5602,أخرى,031f99ffbbff0f0c,
5007,Hazem19792019_5603.jpg,منتج Hazem19792019_5603,أخرى,fc80c0e0d0f8fcfc,
5008,Hazem19792019_5604.jpg,منتج Hazem19792019_5604,أخرى,fff7270ebef7250e,يوجد صور متطابقة/متشابهة بصرياً
5009,Hazem19792019_5605.jpg,منتج Hazem19792019_5605,أخرى,feeceeacacace000,
5010,Hazem19792019_5606.jpg,منتج Hazem19792019_5606,أخرى,fefafe787ef01074,يوجد صور متطابقة/متشابهة بصرياً
5011,Hazem19792019_5607.jpg,منتج Hazem19792019_5607,أخرى,3f01c3c4243fffff,يوجد صور متطابقة/متشابهة بصرياً
5012,Hazem19792019_5608.jpg,منتج Hazem19792019_5608,أخرى,ffc38081fcf9e9fe,يوجد صور متطابقة/متشابهة بصرياً
5013,Hazem19792019_5609.jpg,منتج Hazem19792019_5609,أخرى,7e7e7e66667f7e3e,
5014,Hazem19792019_561.jpg,منتج Hazem19792019_561,أخرى,fffd8584878d8585,
5015,Hazem19792019_5610.jpg,منتج Hazem19792019_5610,أخرى,7c6a530757272300,يوجد صور متطابقة/متشابهة بصرياً
5016,Hazem19792019_5611.jpg,منتج Hazem19792019_5611,أخرى,ff93b7b1818188f8,
5017,Hazem19792019_5612.jpg,منتج Hazem19792019_5612,أخرى,0170787e7a7f7030,
5018,Hazem19792019_5613.jpg,منتج Hazem19792019_5613,أخرى,0345fdfdcccdc1c0,يوجد صور متطابقة/متشابهة بصرياً
5019,Hazem19792019_5614.jpg,منتج Hazem19792019_5614,أخرى,ffffff9901009193,
5020,Hazem19792019_5615.jpg,منتج Hazem19792019_5615,أخرى,3f01c3c4243fffff,يوجد صور متطابقة/متشابهة بصرياً
5021,Hazem19792019_5616.jpg,منتج Hazem19792019_5616,أخرى,f7a78595b7b7b5b5,يوجد صور متطابقة/متشابهة بصرياً
5022,Hazem19792019_5617.jpg,منتج Hazem19792019_5617,أخرى,ff090109191d198d,
5023,Hazem19792019_5618.jpg,منتج Hazem19792019_5618,أخرى,787c7e674c6e4600,يوجد صور متطابقة/متشابهة بصرياً
5024,Hazem19792019_5619.jpg,منتج Hazem19792019_5619,أخرى,ffff910d0901038f,يوجد صور متطابقة/متشابهة بصرياً
5025,Hazem19792019_562.jpg,منتج Hazem19792019_562,أخرى,ffdf03018181f700,يوجد صور متطابقة/متشابهة بصرياً
5026,Hazem19792019_5620.jpg,منتج Hazem19792019_5620,أخرى,87ff83c7889898d8,
5027,Hazem19792019_5621.jpg,منتج Hazem19792019_5621,أخرى,f78383f312f3f75f,يوجد صور متطابقة/متشابهة بصرياً
5028,Hazem19792019_5622.jpg,منتج Hazem19792019_5622,أخرى,ffc3c7c7c7c0e8f9,يوجد صور متطابقة/متشابهة بصرياً
5029,Hazem19792019_5623.jpg,منتج Hazem19792019_5623,أخرى,78f878383a734300,يوجد صور متطابقة/متشابهة بصرياً
5030,Hazem19792019_5624.jpg,منتج Hazem19792019_5624,أخرى,cefe30188c0e42ff,
5031,Hazem19792019_5625.jpg,منتج Hazem19792019_5625,أخرى,fff5f0708048e1c0,
5032,Hazem19792019_5626.jpg,منتج Hazem19792019_5626,أخرى,fc00660616003cff,يوجد صور متطابقة/متشابهة بصرياً
5033,Hazem19792019_5627.jpg,منتج Hazem19792019_5627,أخرى,ff0000161e78feff,
5034,Hazem19792019_5628.jpg,منتج Hazem19792019_5628,أخرى,c181810d4d6da9f7,
5035,Hazem19792019_5629.jpg,منتج Hazem19792019_5629,أخرى,661f7e321082109c,
5036,Hazem19792019_563.jpg,منتج Hazem19792019_563,أخرى,ff8fffe7c3c3c3c3,
5037,Hazem19792019_5630.jpg,منتج Hazem19792019_5630,أخرى,3034373b13031dc1,
5038,Hazem19792019_5631.jpg,منتج Hazem19792019_5631,أخرى,30fccece6e663c00,
5039,Hazem19792019_5632.jpg,منتج Hazem19792019_5632,أخرى,0179019383c3c3e7,
5040,Hazem19792019_5633.jpg,منتج Hazem19792019_5633,أخرى,7f00ff7f6743633f,يوجد صور متطابقة/متشابهة بصرياً
5041,Hazem19792019_5634.jpg,منتج Hazem19792019_5634,أخرى,0971f1f9f1f979f8,
5042,Hazem19792019_5635.jpg,منتج Hazem19792019_5635,أخرى,0313034b0b01079f,
5043,Hazem19792019_5636.jpg,منتج Hazem19792019_5636,أخرى,b3b3b1a3a7a7a1f1,يوجد صور متطابقة/متشابهة بصرياً
5044,Hazem19792019_5637.jpg,منتج Hazem19792019_5637,أخرى,5f0f9f0707040cbf,يوجد صور متطابقة/متشابهة بصرياً
5045,Hazem19792019_5638.jpg,منتج Hazem19792019_5638,أخرى,ffef830181e4c1c7,يوجد صور متطابقة/متشابهة بصرياً
5046,Hazem19792019_5639.jpg,منتج Hazem19792019_5639,أخرى,ffe38000393fbfdf,
5047,Hazem19792019_564.jpg,منتج Hazem19792019_564,أخرى,ffffa3a30301dfff,يوجد صور متطابقة/متشابهة بصرياً
5048,Hazem19792019_5640.jpg,منتج Hazem19792019_5640,أخرى,bfb1bfbf1f170e00,
5049,Hazem19792019_5641.jpg,منتج Hazem19792019_5641,أخرى,f4041c1c44d2db01,
5050,Hazem19792019_5642.jpg,منتج Hazem19792019_5642,أخرى,9f900000ff1f01bf,يوجد صور متطابقة/متشابهة بصرياً
5051,Hazem19792019_5643.jpg,منتج Hazem19792019_5643,أخرى,8fa080f9ff01f3f3,يوجد صور متطابقة/متشابهة بصرياً
5052,Hazem19792019_5644.jpg,منتج Hazem19792019_5644,أخرى,fed187078787ff8f,يوجد صور متطابقة/متشابهة بصرياً
5053,Hazem19792019_5645.jpg,منتج Hazem19792019_5645,أخرى,bf0707078793f3ff,يوجد صور متطابقة/متشابهة بصرياً
5054,Hazem19792019_5646.jpg,منتج Hazem19792019_5646,أخرى,ffcfcba190c1e7ff,يوجد صور متطابقة/متشابهة بصرياً
5055,Hazem19792019_5647.jpg,منتج Hazem19792019_5647,أخرى,ff8080e09f019ff7,يوجد صور متطابقة/متشابهة بصرياً
5056,Hazem19792019_5648.jpg,منتج Hazem19792019_5648,أخرى,ffaf91d0f89191f9,
5057,Hazem19792019_5649.jpg,منتج Hazem19792019_5649,أخرى,fffff1cc070197ff,يوجد صور متطابقة/متشابهة بصرياً
5058,Hazem19792019_565.jpg,منتج Hazem19792019_565,أخرى,fe667918e1ff8001,
5059,Hazem19792019_5650.jpg,منتج Hazem19792019_5650,أخرى,1ffb999999199989,يوجد صور متطابقة/متشابهة بصرياً
5060,Hazem19792019_5651.jpg,منتج Hazem19792019_5651,أخرى,6203070f07878e8e,يوجد صور متطابقة/متشابهة بصرياً
5061,Hazem19792019_5652.jpg,منتج Hazem19792019_5652,أخرى,cfc7c7e7818181fd,يوجد صور متطابقة/متشابهة بصرياً
5062,Hazem19792019_5653.jpg,منتج Hazem19792019_5653,أخرى,1c0303f77377b300,
5063,Hazem19792019_5654.jpg,منتج Hazem19792019_5654,أخرى,f901010180818fff,يوجد صور متطابقة/متشابهة بصرياً
5064,Hazem19792019_5655.jpg,منتج Hazem19792019_5655,أخرى,9f900000ff1f01bf,يوجد صور متطابقة/متشابهة بصرياً
5065,Hazem19792019_5656.jpg,منتج Hazem19792019_5656,أخرى,87808880ff1f38ff,يوجد صور متطابقة/متشابهة بصرياً
5066,Hazem19792019_5657.jpg,منتج Hazem19792019_5657,أخرى,ffff81e1f3135011,يوجد صور متطابقة/متشابهة بصرياً
5067,Hazem19792019_5658.jpg,منتج Hazem19792019_5658,أخرى,3fc1e0999b8b8b9f,يوجد صور متطابقة/متشابهة بصرياً
5068,Hazem19792019_5659.jpg,منتج Hazem19792019_5659,أخرى,ff0f0f01e0e0e0f3,يوجد صور متطابقة/متشابهة بصرياً
5069,Hazem19792019_566.jpg,منتج Hazem19792019_566,أخرى,017979f97979c9ff,
5070,Hazem19792019_5660.jpg,منتج Hazem19792019_5660,أخرى,8f8080c0f13fc39f,يوجد صور متطابقة/متشابهة بصرياً
5071,Hazem19792019_5661.jpg,منتج Hazem19792019_5661,أخرى,a0b8acbcff8f0381,يوجد صور متطابقة/متشابهة بصرياً
5072,Hazem19792019_5662.jpg,منتج Hazem19792019_5662,أخرى,ffffdf0f6f0f0f07,يوجد صور متطابقة/متشابهة بصرياً
5073,Hazem19792019_5663.jpg,منتج Hazem19792019_5663,أخرى,ffdc0622ff1f0303,يوجد صور متطابقة/متشابهة بصرياً
5074,Hazem19792019_5664.jpg,منتج Hazem19792019_5664,أخرى,bf030181e1ffc381,يوجد صور متطابقة/متشابهة بصرياً
5075,Hazem19792019_5665.jpg,منتج Hazem19792019_5665,أخرى,8f808181fd9fc1bf,يوجد صور متطابقة/متشابهة بصرياً
5076,Hazem19792019_5666.jpg,منتج Hazem19792019_5666,أخرى,bf808080e1bf07f1,يوجد صور متطابقة/متشابهة بصرياً
5077,Hazem19792019_5667.jpg,منتج Hazem19792019_5667,أخرى,81808000f9ff093f,يوجد صور متطابقة/متشابهة بصرياً
5078,Hazem19792019_5668.jpg,منتج Hazem19792019_5668,أخرى,ff8381f1b79391f7,يوجد صور متطابقة/متشابهة بصرياً
5079,Hazem19792019_5669.jpg,منتج Hazem19792019_5669,أخرى,ff9f81f3f38381f5,يوجد صور متطابقة/متشابهة بصرياً
5080,Hazem19792019_567.jpg,منتج Hazem19792019_567,أخرى,23f3e7ffc0e4f078,
5081,Hazem19792019_5670.jpg,منتج Hazem19792019_5670,أخرى,ffe1e10009090dff,يوجد صور متطابقة/متشابهة بصرياً
5082,Hazem19792019_5671.jpg,منتج Hazem19792019_5671,أخرى,df808581fd9b01ff,يوجد صور متطابقة/متشابهة بصرياً
5083,Hazem19792019_5672.jpg,منتج Hazem19792019_5672,أخرى,83b0f5fabf1f01bb,يوجد صور متطابقة/متشابهة بصرياً
5084,Hazem19792019_5673.jpg,منتج Hazem19792019_5673,أخرى,ffff8183d591809d,يوجد صور متطابقة/متشابهة بصرياً
5085,Hazem19792019_5674.jpg,منتج Hazem19792019_5674,أخرى,f98100948000939f,يوجد صور متطابقة/متشابهة بصرياً
5086,Hazem19792019_5675.jpg,منتج Hazem19792019_5675,أخرى,007c73d1f101a1ff,يوجد صور متطابقة/متشابهة بصرياً
5087,Hazem19792019_5676.jpg,منتج Hazem19792019_5676,أخرى,fee8c0e8fee0e0fc,يوجد صور متطابقة/متشابهة بصرياً
5088,Hazem19792019_5677.jpg,منتج Hazem19792019_5677,أخرى,f9030333030387ff,يوجد صور متطابقة/متشابهة بصرياً
5089,Hazem19792019_5678.jpg,منتج Hazem19792019_5678,أخرى,001f3f3e1c1c1e3c,يوجد صور متطابقة/متشابهة بصرياً
5090,Hazem19792019_5679.jpg,منتج Hazem19792019_5679,أخرى,ff120000302487fe,يوجد صور متطابقة/متشابهة بصرياً
5091,Hazem19792019_568.jpg,منتج Hazem19792019_568,أخرى,0034fefefc66fefc,
5092,Hazem19792019_5680.jpg,منتج Hazem19792019_5680,أخرى,ffffc78f971f9f7f,يوجد صور متطابقة/متشابهة بصرياً
5093,Hazem19792019_5681.jpg,منتج Hazem19792019_5681,أخرى,1fff1f1393e3c0ed,يوجد صور متطابقة/متشابهة بصرياً
5094,Hazem19792019_5682.jpg,منتج Hazem19792019_5682,أخرى,fff9f99d0d05ccfd,يوجد صور متطابقة/متشابهة بصرياً
5095,Hazem19792019_5683.jpg,منتج Hazem19792019_5683,أخرى,ff3133beb8bee680,يوجد صور متطابقة/متشابهة بصرياً
5096,Hazem19792019_5684.jpg,منتج Hazem19792019_5684,أخرى,df83c1e1f98f8fff,يوجد صور متطابقة/متشابهة بصرياً
5097,Hazem19792019_5685.jpg,منتج Hazem19792019_5685,أخرى,3f3703fd8dcd8dfd,يوجد صور متطابقة/متشابهة بصرياً
5098,Hazem19792019_5688.jpg,منتج Hazem19792019_5688,أخرى,12807f7b79033e20,
5099,Hazem19792019_5689.jpg,منتج Hazem19792019_5689,أخرى,00e0df874f017f78,
5100,Hazem19792019_569.jpg,منتج Hazem19792019_569,أخرى,607efee700ff6646,
5101,Hazem19792019_5690.jpg,منتج Hazem19792019_5690,أخرى,011f470303070307,
5102,Hazem19792019_5691.jpg,منتج Hazem19792019_5691,أخرى,021e2d4dbfff9f00,
5103,Hazem19792019_5692.jpg,منتج Hazem19792019_5692,أخرى,9b0b1b09afe7e0e6,
5104,Hazem19792019_5693.jpg,منتج Hazem19792019_5693,أخرى,ffffc1c1c3c3c3ff,
5105,Hazem19792019_5694.jpg,منتج Hazem19792019_5694,أخرى,fff10101018fffff,
5106,Hazem19792019_5695.jpg,منتج Hazem19792019_5695,أخرى,ffff85c08080e1ff,
5107,Hazem19792019_5696.jpg,منتج Hazem19792019_5696,أخرى,e3c1c3f7f3f7e1ed,
5108,Hazem19792019_5697.jpg,منتج Hazem19792019_5697,أخرى,e7e3e7ffefefc783,
5109,Hazem19792019_5698.jpg,منتج Hazem19792019_5698,أخرى,40c40f0e0e0e2cfe,يوجد صور متطابقة/متشابهة بصرياً
5110,Hazem19792019_5699.jpg,منتج Hazem19792019_5699,أخرى,c1c3d3d3f171f7f7,يوجد صور متطابقة/متشابهة بصرياً
5111,Hazem19792019_57.jpg,منتج Hazem19792019_57,أخرى,f9b9b9a181b999b9,
5112,Hazem19792019_570.jpg,منتج Hazem19792019_570,أخرى,003effffffff3b7f,
5113,Hazem19792019_5700.jpg,منتج Hazem19792019_5700,أخرى,0f000104c5c3e3e7,يوجد صور متطابقة/متشابهة بصرياً
5114,Hazem19792019_5701.jpg,منتج Hazem19792019_5701,أخرى,e38101c1c1c3e7ff,يوجد صور متطابقة/متشابهة بصرياً
5115,Hazem19792019_5702.jpg,منتج Hazem19792019_5702,أخرى,d324e7ff377f63c3,
5116,Hazem19792019_5703.jpg,منتج Hazem19792019_5703,أخرى,63ffffff70000018,يوجد صور متطابقة/متشابهة بصرياً
5117,Hazem19792019_5704.jpg,منتج Hazem19792019_5704,أخرى,ffff378082fdefff,يوجد صور متطابقة/متشابهة بصرياً
5118,Hazem19792019_5705.jpg,منتج Hazem19792019_5705,أخرى,ffffefffcf8581e1,يوجد صور متطابقة/متشابهة بصرياً
5119,Hazem19792019_5706.jpg,منتج Hazem19792019_5706,أخرى,f3f3fff7f3e5a3f7,يوجد صور متطابقة/متشابهة بصرياً
5120,Hazem19792019_5707.jpg,منتج Hazem19792019_5707,أخرى,2f0f717878700000,
5121,Hazem19792019_5708.jpg,منتج Hazem19792019_5708,أخرى,ffbfbf8f90f0f8ff,يوجد صور متطابقة/متشابهة بصرياً
5122,Hazem19792019_5709.jpg,منتج Hazem19792019_5709,أخرى,bf800000fff981ff,يوجد صور متطابقة/متشابهة بصرياً
5123,Hazem19792019_571.jpg,منتج Hazem19792019_571,أخرى,ffff80000028ffff,
5124,Hazem19792019_5710.jpg,منتج Hazem19792019_5710,أخرى,fffff1cc070197ff,يوجد صور متطابقة/متشابهة بصرياً
5125,Hazem19792019_5711.jpg,منتج Hazem19792019_5711,أخرى,3c7cfc9c1ed10000,يوجد صور متطابقة/متشابهة بصرياً
5126,Hazem19792019_5712.jpg,منتج Hazem19792019_5712,أخرى,df9b1b090d010101,يوجد صور متطابقة/متشابهة بصرياً
5127,Hazem19792019_5713.jpg,منتج Hazem19792019_5713,أخرى,f787878787a78fff,
5128,Hazem19792019_5714.jpg,منتج Hazem19792019_5714,أخرى,3f01c3c4243fffff,يوجد صور متطابقة/متشابهة بصرياً
5129,Hazem19792019_5715.jpg,منتج Hazem19792019_5715,أخرى,ff818181818199fc,يوجد صور متطابقة/متشابهة بصرياً
5130,Hazem19792019_5716.jpg,منتج Hazem19792019_5716,أخرى,007c7e7efefe0170,
5131,Hazem19792019_5717.jpg,منتج Hazem19792019_5717,أخرى,ff7f4300bcfcf000,يوجد صور متطابقة/متشابهة بصرياً
5132,Hazem19792019_5718.jpg,منتج Hazem19792019_5718,أخرى,3f351f33b5a1a1fd,يوجد صور متطابقة/متشابهة بصرياً
5133,Hazem19792019_5719.jpg,منتج Hazem19792019_5719,أخرى,ffb8981898f8f9ff,يوجد صور متطابقة/متشابهة بصرياً
5134,Hazem19792019_572.jpg,منتج Hazem19792019_572,أخرى,38287cd048edcd6d,
5135,Hazem19792019_5720.jpg,منتج Hazem19792019_5720,أخرى,0083c3c3a181ebf9,يوجد صور متطابقة/متشابهة بصرياً
5136,Hazem19792019_5721.jpg,منتج Hazem19792019_5721,أخرى,01012107078787ff,يوجد صور متطابقة/متشابهة بصرياً
5137,Hazem19792019_5722.jpg,منتج Hazem19792019_5722,أخرى,df9b1b090d010101,يوجد صور متطابقة/متشابهة بصرياً
5138,Hazem19792019_5723.jpg,منتج Hazem19792019_5723,أخرى,81838383f1d3377f,يوجد صور متطابقة/متشابهة بصرياً
5139,Hazem19792019_5724.jpg,منتج Hazem19792019_5724,أخرى,e0e8e0fcc4f4fcfc,يوجد صور متطابقة/متشابهة بصرياً
5140,Hazem19792019_5725.jpg,منتج Hazem19792019_5725,أخرى,fee8c0e8fee0e0fc,يوجد صور متطابقة/متشابهة بصرياً
5141,Hazem19792019_5726.jpg,منتج Hazem19792019_5726,أخرى,f3181cfffdbfb9f8,يوجد صور متطابقة/متشابهة بصرياً
5142,Hazem19792019_5727.jpg,منتج Hazem19792019_5727,أخرى,ff7f3f1f1f370001,يوجد صور متطابقة/متشابهة بصرياً
5143,Hazem19792019_5728.jpg,منتج Hazem19792019_5728,أخرى,f7f7310000068f04,
5144,Hazem19792019_5729.jpg,منتج Hazem19792019_5729,أخرى,003c7e7e7f6c68c8,يوجد صور متطابقة/متشابهة بصرياً
5145,Hazem19792019_573.jpg,منتج Hazem19792019_573,أخرى,fff868edff9f0200,
5146,Hazem19792019_5730.jpg,منتج Hazem19792019_5730,أخرى,0f000104c5c3e3e7,يوجد صور متطابقة/متشابهة بصرياً
5147,Hazem19792019_5731.jpg,منتج Hazem19792019_5731,أخرى,ff8cfc373c0c8010,
5148,Hazem19792019_5732.jpg,منتج Hazem19792019_5732,أخرى,ffcf8f8f8d8d8f8f,يوجد صور متطابقة/متشابهة بصرياً
5149,Hazem19792019_5733.jpg,منتج Hazem19792019_5733,أخرى,f8e8ecee8080d81f,يوجد صور متطابقة/متشابهة بصرياً
5150,Hazem19792019_5734.jpg,منتج Hazem19792019_5734,أخرى,8380c0c6fcf8c1ff,يوجد صور متطابقة/متشابهة بصرياً
5151,Hazem19792019_5735.jpg,منتج Hazem19792019_5735,أخرى,81007c7c3848f8fc,يوجد صور متطابقة/متشابهة بصرياً
5152,Hazem19792019_5736.jpg,منتج Hazem19792019_5736,أخرى,f7a78595b7b7b5b5,يوجد صور متطابقة/متشابهة بصرياً
5153,Hazem19792019_5737.jpg,منتج Hazem19792019_5737,أخرى,4e7f7e642464276e,
5154,Hazem19792019_5738.jpg,منتج Hazem19792019_5738,أخرى,ff8f9b8f8f0f0d00,يوجد صور متطابقة/متشابهة بصرياً
5155,Hazem19792019_5739.jpg,منتج Hazem19792019_5739,أخرى,fdc9c300027fffff,
5156,Hazem19792019_574.jpg,منتج Hazem19792019_574,أخرى,007fffbfbbce8200,يوجد صور متطابقة/متشابهة بصرياً
5157,Hazem19792019_5740.jpg,منتج Hazem19792019_5740,أخرى,fffd9d8585859d9f,
5158,Hazem19792019_5741.jpg,منتج Hazem19792019_5741,أخرى,fcf0f0f0f0706000,يوجد صور متطابقة/متشابهة بصرياً
5159,Hazem19792019_5742.jpg,منتج Hazem19792019_5742,أخرى,ffdf8f8380808f9f,يوجد صور متطابقة/متشابهة بصرياً
5160,Hazem19792019_5743.jpg,منتج Hazem19792019_5743,أخرى,ffff378082fdefff,يوجد صور متطابقة/متشابهة بصرياً
5161,Hazem19792019_5744.jpg,منتج Hazem19792019_5744,أخرى,ffffe1c1090b09ff,يوجد صور متطابقة/متشابهة بصرياً
5162,Hazem19792019_5745.jpg,منتج Hazem19792019_5745,أخرى,9fbff9f9890888ff,يوجد صور متطابقة/متشابهة بصرياً
5163,Hazem19792019_5746.jpg,منتج Hazem19792019_5746,أخرى,ffff81e1f7131093,يوجد صور متطابقة/متشابهة بصرياً
5164,Hazem19792019_5747.jpg,منتج Hazem19792019_5747,أخرى,ffff8381c18187ff,
5165,Hazem19792019_5748.jpg,منتج Hazem19792019_5748,أخرى,ffc3c19b8b8b8b9f,
5166,Hazem19792019_5749.jpg,منتج Hazem19792019_5749,أخرى,9f9f1f1393e0e0ff,يوجد صور متطابقة/متشابهة بصرياً
5167,Hazem19792019_575.jpg,منتج Hazem19792019_575,أخرى,ffff40600000fffe,
5168,Hazem19792019_5750.jpg,منتج Hazem19792019_5750,أخرى,ff8f0f01e0c1c1fb,يوجد صور متطابقة/متشابهة بصرياً
5169,Hazem19792019_5751.jpg,منتج Hazem19792019_5751,أخرى,9fe381e1b79393f7,يوجد صور متطابقة/متشابهة بصرياً
5170,Hazem19792019_5752.jpg,منتج Hazem19792019_5752,أخرى,ffa9a98d9d1d1d9f,
5171,Hazem19792019_5753.jpg,منتج Hazem19792019_5753,أخرى,ffff8180c183ffff,
5172,Hazem19792019_5754.jpg,منتج Hazem19792019_5754,أخرى,ffff81808181ffff,يوجد صور متطابقة/متشابهة بصرياً
5173,Hazem19792019_5755.jpg,منتج Hazem19792019_5755,أخرى,ff8df99d9f89859f,
5174,Hazem19792019_5756.jpg,منتج Hazem19792019_5756,أخرى,ffff81819f81f1ff,
5175,Hazem19792019_5757.jpg,منتج Hazem19792019_5757,أخرى,ffff81818181f3ff,
5176,Hazem19792019_5758.jpg,منتج Hazem19792019_5758,أخرى,ffff81818181e3ff,
5177,Hazem19792019_5759.jpg,منتج Hazem19792019_5759,أخرى,ffff81818181cfff,
5178,Hazem19792019_576.jpg,منتج Hazem19792019_576,أخرى,00c27e3efefe7e00,
5179,Hazem19792019_5760.jpg,منتج Hazem19792019_5760,أخرى,9fff8101f981ffff,
5180,Hazem19792019_5761.jpg,منتج Hazem19792019_5761,أخرى,ff8f8181839f83ff,
5181,Hazem19792019_5762.jpg,منتج Hazem19792019_5762,أخرى,ffff8181b901c3ff,
5182,Hazem19792019_5763.jpg,منتج Hazem19792019_5763,أخرى,9fff81d19b01ffff,يوجد صور متطابقة/متشابهة بصرياً
5183,Hazem19792019_5764.jpg,منتج Hazem19792019_5764,أخرى,ffff81818181fbff,يوجد صور متطابقة/متشابهة بصرياً
5184,Hazem19792019_5765.jpg,منتج Hazem19792019_5765,أخرى,ffc1c19b89c9cb8f,
5185,Hazem19792019_5766.jpg,منتج Hazem19792019_5766,أخرى,9db9e7ff8f8d898f,
5186,Hazem19792019_5767.jpg,منتج Hazem19792019_5767,أخرى,3f351f33b5a1a1fd,يوجد صور متطابقة/متشابهة بصرياً
5187,Hazem19792019_5768.jpg,منتج Hazem19792019_5768,أخرى,00013f3979f9391f,
5188,Hazem19792019_5769.jpg,منتج Hazem19792019_5769,أخرى,9fffffff8e0d0995,
5189,Hazem19792019_577.jpg,منتج Hazem19792019_577,أخرى,185a5a5a585c7c5c,يوجد صور متطابقة/متشابهة بصرياً
5190,Hazem19792019_5770.jpg,منتج Hazem19792019_5770,أخرى,fffdfdbd851d859f,
5191,Hazem19792019_5771.jpg,منتج Hazem19792019_5771,أخرى,9ffb03e3373435bb,
5192,Hazem19792019_5772.jpg,منتج Hazem19792019_5772,أخرى,9fc383db353535bd,
5193,Hazem19792019_5773.jpg,منتج Hazem19792019_5773,أخرى,ffff8181939398fc,
5194,Hazem19792019_5774.jpg,منتج Hazem19792019_5774,أخرى,ffff818181818fff,
5195,Hazem19792019_5775.jpg,منتج Hazem19792019_5775,أخرى,ffc381f39383819d,
5196,Hazem19792019_5776.jpg,منتج Hazem19792019_5776,أخرى,0fcfffdf0b0b039f,يوجد صور متطابقة/متشابهة بصرياً
5197,Hazem19792019_5777.jpg,منتج Hazem19792019_5777,أخرى,ffff9b80808183ff,
5198,Hazem19792019_5778.jpg,منتج Hazem19792019_5778,أخرى,9fff89808583ffff,
5199,Hazem19792019_5779.jpg,منتج Hazem19792019_5779,أخرى,9f85999d233131ff,
5200,Hazem19792019_578.jpg,منتج Hazem19792019_578,أخرى,000000242c7c7eff,
5201,Hazem19792019_5780.jpg,منتج Hazem19792019_5780,أخرى,ffff8181810fffff,يوجد صور متطابقة/متشابهة بصرياً
5202,Hazem19792019_5781.jpg,منتج Hazem19792019_5781,أخرى,ffff81818187c1ff,يوجد صور متطابقة/متشابهة بصرياً
5203,Hazem19792019_5782.jpg,منتج Hazem19792019_5782,أخرى,9fff9f818101e1ff,
5204,Hazem19792019_5783.jpg,منتج Hazem19792019_5783,أخرى,ffff8193d591809d,
5205,Hazem19792019_5784.jpg,منتج Hazem19792019_5784,أخرى,8ffff1f11b1b0f1f,يوجد صور متطابقة/متشابهة بصرياً
5206,Hazem19792019_5785.jpg,منتج Hazem19792019_5785,أخرى,ffdf81d39581819f,
5207,Hazem19792019_5786.jpg,منتج Hazem19792019_5786,أخرى,fff781d3d595909d,يوجد صور متطابقة/متشابهة بصرياً
5208,Hazem19792019_5787.jpg,منتج Hazem19792019_5787,أخرى,dff3f1f19393979f,
5209,Hazem19792019_5788.jpg,منتج Hazem19792019_5788,أخرى,ffdfc1c1030305ff,
5210,Hazem19792019_5789.jpg,منتج Hazem19792019_5789,أخرى,f8b8381d0e051d3f,
5211,Hazem19792019_579.jpg,منتج Hazem19792019_579,أخرى,c00048f8feff87c0,
5212,Hazem19792019_5790.jpg,منتج Hazem19792019_5790,أخرى,7f7f4f470301030f,
5213,Hazem19792019_5791.jpg,منتج Hazem19792019_5791,أخرى,ffa524002dfde1ff,يوجد صور متطابقة/متشابهة بصرياً
5214,Hazem19792019_5792.jpg,منتج Hazem19792019_5792,أخرى,31030103038387ff,
5215,Hazem19792019_5793.jpg,منتج Hazem19792019_5793,أخرى,e38101c1c1c3e7ff,يوجد صور متطابقة/متشابهة بصرياً
5216,Hazem19792019_5794.jpg,منتج Hazem19792019_5794,أخرى,0f000104c5c3e3e7,يوجد صور متطابقة/متشابهة بصرياً
5217,Hazem19792019_5795.jpg,منتج Hazem19792019_5795,أخرى,1c000909188bebff,
5218,Hazem19792019_5796.jpg,منتج Hazem19792019_5796,أخرى,ffc1c099adcdcd8f,
5219,Hazem19792019_5797.jpg,منتج Hazem19792019_5797,أخرى,ffc1c0b9fb9b8b9b,يوجد صور متطابقة/متشابهة بصرياً
5220,Hazem19792019_5798.jpg,منتج Hazem19792019_5798,أخرى,ff928214ee1801c1,يوجد صور متطابقة/متشابهة بصرياً
5221,Hazem19792019_5799.jpg,منتج Hazem19792019_5799,أخرى,ffdfc1d19181809d,يوجد صور متطابقة/متشابهة بصرياً
5222,Hazem19792019_58.jpg,منتج Hazem19792019_58,أخرى,2c4ece86befefe00,يوجد صور متطابقة/متشابهة بصرياً
5223,Hazem19792019_580.jpg,منتج Hazem19792019_580,أخرى,7f3838007c7cfcf0,
5224,Hazem19792019_5800.jpg,منتج Hazem19792019_5800,أخرى,df9b1b090d010101,يوجد صور متطابقة/متشابهة بصرياً
5225,Hazem19792019_5801.jpg,منتج Hazem19792019_5801,أخرى,01012107078787ff,يوجد صور متطابقة/متشابهة بصرياً
5226,Hazem19792019_5802.jpg,منتج Hazem19792019_5802,أخرى,ff04000919f9c37f,
5227,Hazem19792019_5803.jpg,منتج Hazem19792019_5803,أخرى,3ff7fbfb050383c3,يوجد صور متطابقة/متشابهة بصرياً
5228,Hazem19792019_5804.jpg,منتج Hazem19792019_5804,أخرى,81000101fdbfe3f1,
5229,Hazem19792019_5805.jpg,منتج Hazem19792019_5805,أخرى,879181e1f0f70700,يوجد صور متطابقة/متشابهة بصرياً
5230,Hazem19792019_5806.jpg,منتج Hazem19792019_5806,أخرى,4018803ce0e0ffff,يوجد صور متطابقة/متشابهة بصرياً
5231,Hazem19792019_5807.jpg,منتج Hazem19792019_5807,أخرى,7f436707340c0f04,
5232,Hazem19792019_5808.jpg,منتج Hazem19792019_5808,أخرى,87070018bbdb9707,يوجد صور متطابقة/متشابهة بصرياً
5233,Hazem19792019_5809.jpg,منتج Hazem19792019_5809,أخرى,187802ffbdb810b0,
5234,Hazem19792019_581.jpg,منتج Hazem19792019_581,أخرى,00feffff4c008080,
5235,Hazem19792019_5810.jpg,منتج Hazem19792019_5810,أخرى,07070f076f6f4200,يوجد صور متطابقة/متشابهة بصرياً
5236,Hazem19792019_5811.jpg,منتج Hazem19792019_5811,أخرى,ffefe7e7f38980fc,
5237,Hazem19792019_5812.jpg,منتج Hazem19792019_5812,أخرى,f3f3f3e109050cfe,
5238,Hazem19792019_5813.jpg,منتج Hazem19792019_5813,أخرى,3ffdfd81b0b0b0fd,يوجد صور متطابقة/متشابهة بصرياً
5239,Hazem19792019_5814.jpg,منتج Hazem19792019_5814,أخرى,f7760ebfbf3e2080,يوجد صور متطابقة/متشابهة بصرياً
5240,Hazem19792019_5815.jpg,منتج Hazem19792019_5815,أخرى,9f8d01e3efa1c7ec,يوجد صور متطابقة/متشابهة بصرياً
5241,Hazem19792019_5816.jpg,منتج Hazem19792019_5816,أخرى,f8f0c83fbf3030ff,يوجد صور متطابقة/متشابهة بصرياً
5242,Hazem19792019_5817.jpg,منتج Hazem19792019_5817,أخرى,ffc3c3c3c3d3c3c3,يوجد صور متطابقة/متشابهة بصرياً
5243,Hazem19792019_5818.jpg,منتج Hazem19792019_5818,أخرى,3f3703fd8dcd8dfd,يوجد صور متطابقة/متشابهة بصرياً
5244,Hazem19792019_5819.jpg,منتج Hazem19792019_5819,أخرى,0f3fff3d11070707,يوجد صور متطابقة/متشابهة بصرياً
5245,Hazem19792019_582.jpg,منتج Hazem19792019_582,أخرى,0173ff3efee036e0,يوجد صور متطابقة/متشابهة بصرياً
5246,Hazem19792019_5820.jpg,منتج Hazem19792019_5820,أخرى,9f03838383838387,
5247,Hazem19792019_5821.jpg,منتج Hazem19792019_5821,أخرى,f3181cfffdbfb9f8,يوجد صور متطابقة/متشابهة بصرياً
5248,Hazem19792019_5822.jpg,منتج Hazem19792019_5822,أخرى,fd94849cfccc8dcc,
5249,Hazem19792019_5823.jpg,منتج Hazem19792019_5823,أخرى,c3c38181ff8181d5,
5250,Hazem19792019_5824.jpg,منتج Hazem19792019_5824,أخرى,e3c3c7c3f7e7c3e3,يوجد صور متطابقة/متشابهة بصرياً
5251,Hazem19792019_5825.jpg,منتج Hazem19792019_5825,أخرى,fbff9b9b01010106,
5252,Hazem19792019_5826.jpg,منتج Hazem19792019_5826,أخرى,fdf9d9f8f8f0f8ff,يوجد صور متطابقة/متشابهة بصرياً
5253,Hazem19792019_5827.jpg,منتج Hazem19792019_5827,أخرى,5bd3f7f29080809f,
5254,Hazem19792019_5828.jpg,منتج Hazem19792019_5828,أخرى,d1cbd3dfc1c1f1fc,
5255,Hazem19792019_5829.jpg,منتج Hazem19792019_5829,أخرى,00f1f9f8f8f0f040,
5256,Hazem19792019_583.jpg,منتج Hazem19792019_583,أخرى,08fefe7f7e7e3c00,
5257,Hazem19792019_5830.jpg,منتج Hazem19792019_5830,أخرى,7c5bb7e393f2c08d,يوجد صور متطابقة/متشابهة بصرياً
5258,Hazem19792019_5831.jpg,منتج Hazem19792019_5831,أخرى,71f379f3f343e0f0,يوجد صور متطابقة/متشابهة بصرياً
5259,Hazem19792019_5832.jpg,منتج Hazem19792019_5832,أخرى,c0c3cbffc2809c9e,
5260,Hazem19792019_5833.jpg,منتج Hazem19792019_5833,أخرى,cfc7c7e7818181fd,يوجد صور متطابقة/متشابهة بصرياً
5261,Hazem19792019_5834.jpg,منتج Hazem19792019_5834,أخرى,fcf0f0f0f0706000,يوجد صور متطابقة/متشابهة بصرياً
5262,Hazem19792019_5835.jpg,منتج Hazem19792019_5835,أخرى,801c143e3e0e0e0e,
5263,Hazem19792019_5836.jpg,منتج Hazem19792019_5836,أخرى,4001070f1f3f1f1f,يوجد صور متطابقة/متشابهة بصرياً
5264,Hazem19792019_5837.jpg,منتج Hazem19792019_5837,أخرى,7f00ff7f6743633f,يوجد صور متطابقة/متشابهة بصرياً
5265,Hazem19792019_5838.jpg,منتج Hazem19792019_5838,أخرى,1fe3f2d8d8b387cf,يوجد صور متطابقة/متشابهة بصرياً
5266,Hazem19792019_5839.jpg,منتج Hazem19792019_5839,أخرى,fe321f1e12391f1f,يوجد صور متطابقة/متشابهة بصرياً
5267,Hazem19792019_584.jpg,منتج Hazem19792019_584,أخرى,88fcfcc7f0fe2000,يوجد صور متطابقة/متشابهة بصرياً
5268,Hazem19792019_5840.jpg,منتج Hazem19792019_5840,أخرى,f70f9f9f839918c3,
5269,Hazem19792019_5841.jpg,منتج Hazem19792019_5841,أخرى,01010f0393ffffff,
5270,Hazem19792019_5842.jpg,منتج Hazem19792019_5842,أخرى,9fbff9f9890888ff,يوجد صور متطابقة/متشابهة بصرياً
5271,Hazem19792019_5843.jpg,منتج Hazem19792019_5843,أخرى,80bc0081819bf3f3,
5272,Hazem19792019_5844.jpg,منتج Hazem19792019_5844,أخرى,ffffe1c1090b09ff,يوجد صور متطابقة/متشابهة بصرياً
5273,Hazem19792019_5845.jpg,منتج Hazem19792019_5845,أخرى,ffc301c7ff8381df,يوجد صور متطابقة/متشابهة بصرياً
5274,Hazem19792019_5846.jpg,منتج Hazem19792019_5846,أخرى,ffaf87cfc98999b9,يوجد صور متطابقة/متشابهة بصرياً
5275,Hazem19792019_5847.jpg,منتج Hazem19792019_5847,أخرى,0d1fbdef81e9f7e3,يوجد صور متطابقة/متشابهة بصرياً
5276,Hazem19792019_5848.jpg,منتج Hazem19792019_5848,أخرى,3ff7e765c88898bc,يوجد صور متطابقة/متشابهة بصرياً
5277,Hazem19792019_5849.jpg,منتج Hazem19792019_5849,أخرى,001f3e3e1c1c1e3c,
5278,Hazem19792019_585.jpg,منتج Hazem19792019_585,أخرى,feff7f7b63624020,يوجد صور متطابقة/متشابهة بصرياً
5279,Hazem19792019_5850.jpg,منتج Hazem19792019_5850,أخرى,0d1fbdef81e9f7e3,يوجد صور متطابقة/متشابهة بصرياً
5280,Hazem19792019_5851.jpg,منتج Hazem19792019_5851,أخرى,7f9c000087ffffff,
5281,Hazem19792019_5852.jpg,منتج Hazem19792019_5852,أخرى,3ffcf417141f171f,يوجد صور متطابقة/متشابهة بصرياً
5282,Hazem19792019_5853.jpg,منتج Hazem19792019_5853,أخرى,fbbffb31002101e3,
5283,Hazem19792019_5854.jpg,منتج Hazem19792019_5854,أخرى,ff89b7c199e0b1bf,
5284,Hazem19792019_5855.jpg,منتج Hazem19792019_5855,أخرى,bfbfbb3081fb1b9b,يوجد صور متطابقة/متشابهة بصرياً
5285,Hazem19792019_5856.jpg,منتج Hazem19792019_5856,أخرى,ff8080e09f019ff7,يوجد صور متطابقة/متشابهة بصرياً
5286,Hazem19792019_5857.jpg,منتج Hazem19792019_5857,أخرى,08f4f0f0f0f07170,يوجد صور متطابقة/متشابهة بصرياً
5287,Hazem19792019_5858.jpg,منتج Hazem19792019_5858,أخرى,01fcfc90f0e0e0e3,يوجد صور متطابقة/متشابهة بصرياً
5288,Hazem19792019_5859.jpg,منتج Hazem19792019_5859,أخرى,010b3f7f01253d3d,
5289,Hazem19792019_586.jpg,منتج Hazem19792019_586,أخرى,fffcd7ffc3c33800,يوجد صور متطابقة/متشابهة بصرياً
5290,Hazem19792019_5860.jpg,منتج Hazem19792019_5860,أخرى,0c00000616e7fffd,
5291,Hazem19792019_5861.jpg,منتج Hazem19792019_5861,أخرى,ff2018800010e0ff,
5292,Hazem19792019_5862.jpg,منتج Hazem19792019_5862,أخرى,af011925191904ff,
5293,Hazem19792019_5863.jpg,منتج Hazem19792019_5863,أخرى,ffe9bcecbc1c1c17,
5294,Hazem19792019_5864.jpg,منتج Hazem19792019_5864,أخرى,007c73d1f101a1ff,يوجد صور متطابقة/متشابهة بصرياً
5295,Hazem19792019_5865.jpg,منتج Hazem19792019_5865,أخرى,3f351f33b5a1a1fd,يوجد صور متطابقة/متشابهة بصرياً
5296,Hazem19792019_5866.jpg,منتج Hazem19792019_5866,أخرى,df4f6f66869ff700,يوجد صور متطابقة/متشابهة بصرياً
5297,Hazem19792019_5867.jpg,منتج Hazem19792019_5867,أخرى,f2fafe7e7a020301,
5298,Hazem19792019_5868.jpg,منتج Hazem19792019_5868,أخرى,71f379f3f343e0f0,يوجد صور متطابقة/متشابهة بصرياً
5299,Hazem19792019_5869.jpg,منتج Hazem19792019_5869,أخرى,ffff02000001ffff,
5300,Hazem19792019_587.jpg,منتج Hazem19792019_587,أخرى,08077f7bfa1f0000,يوجد صور متطابقة/متشابهة بصرياً
5301,Hazem19792019_5870.jpg,منتج Hazem19792019_5870,أخرى,f3fbcfffff7f0200,يوجد صور متطابقة/متشابهة بصرياً
5302,Hazem19792019_5871.jpg,منتج Hazem19792019_5871,أخرى,80f9f9ffff7e7201,
5303,Hazem19792019_5872.jpg,منتج Hazem19792019_5872,أخرى,fffe381c3f3f86c0,يوجد صور متطابقة/متشابهة بصرياً
5304,Hazem19792019_5873.jpg,منتج Hazem19792019_5873,أخرى,fcfc3c3c34343e3e,
5305,Hazem19792019_5874.jpg,منتج Hazem19792019_5874,أخرى,000020e0f1a0c0fd,يوجد صور متطابقة/متشابهة بصرياً
5306,Hazem19792019_5875.jpg,منتج Hazem19792019_5875,أخرى,ff7f3f1f1f370001,يوجد صور متطابقة/متشابهة بصرياً
5307,Hazem19792019_5876.jpg,منتج Hazem19792019_5876,أخرى,f0f89c8cbc8c8cfc,يوجد صور متطابقة/متشابهة بصرياً
5308,Hazem19792019_5877.jpg,منتج Hazem19792019_5877,أخرى,8f0f80940787c3fb,يوجد صور متطابقة/متشابهة بصرياً
5309,Hazem19792019_5878.jpg,منتج Hazem19792019_5878,أخرى,3efc1ce19119111f,
5310,Hazem19792019_5879.jpg,منتج Hazem19792019_5879,أخرى,3ffdfd81b0b0b0fd,يوجد صور متطابقة/متشابهة بصرياً
5311,Hazem19792019_588.jpg,منتج Hazem19792019_588,أخرى,38ff6e00ffff7c00,يوجد صور متطابقة/متشابهة بصرياً
5312,Hazem19792019_5880.jpg,منتج Hazem19792019_5880,أخرى,9f8d01e3efa1c7ec,يوجد صور متطابقة/متشابهة بصرياً
5313,Hazem19792019_5881.jpg,منتج Hazem19792019_5881,أخرى,3ff7e765c88898bc,يوجد صور متطابقة/متشابهة بصرياً
5314,Hazem19792019_5882.jpg,منتج Hazem19792019_5882,أخرى,ffc301c7ff8381df,يوجد صور متطابقة/متشابهة بصرياً
5315,Hazem19792019_5883.jpg,منتج Hazem19792019_5883,أخرى,ffaf87cfc98999b9,يوجد صور متطابقة/متشابهة بصرياً
5316,Hazem19792019_5884.jpg,منتج Hazem19792019_5884,أخرى,ffff81818187c1ff,يوجد صور متطابقة/متشابهة بصرياً
5317,Hazem19792019_5885.jpg,منتج Hazem19792019_5885,أخرى,ffff8181810fffff,يوجد صور متطابقة/متشابهة بصرياً
5318,Hazem19792019_5886.jpg,منتج Hazem19792019_5886,أخرى,9f9f1f1393e0e0ff,يوجد صور متطابقة/متشابهة بصرياً
5319,Hazem19792019_5887.jpg,منتج Hazem19792019_5887,أخرى,ff8f0f01e0c1c1fb,يوجد صور متطابقة/متشابهة بصرياً
5320,Hazem19792019_5888.jpg,منتج Hazem19792019_5888,أخرى,9fe381e1b79393f7,يوجد صور متطابقة/متشابهة بصرياً
5321,Hazem19792019_5889.jpg,منتج Hazem19792019_5889,أخرى,0fcfffdf0b0b039f,يوجد صور متطابقة/متشابهة بصرياً
5322,Hazem19792019_589.jpg,منتج Hazem19792019_589,أخرى,000074fefee03fff,
5323,Hazem19792019_5890.jpg,منتج Hazem19792019_5890,أخرى,9ff7e3f31b1313b3,
5324,Hazem19792019_5891.jpg,منتج Hazem19792019_5891,أخرى,ffdfc1d19181809d,يوجد صور متطابقة/متشابهة بصرياً
5325,Hazem19792019_5892.jpg,منتج Hazem19792019_5892,أخرى,ffdf81d3f591909d,
5326,Hazem19792019_5893.jpg,منتج Hazem19792019_5893,أخرى,ff8381f1b79391f7,يوجد صور متطابقة/متشابهة بصرياً
5327,Hazem19792019_5894.jpg,منتج Hazem19792019_5894,أخرى,ffff81818103f9ff,
5328,Hazem19792019_5895.jpg,منتج Hazem19792019_5895,أخرى,1fe3f2d8d8b387cf,يوجد صور متطابقة/متشابهة بصرياً
5329,Hazem19792019_5896.jpg,منتج Hazem19792019_5896,أخرى,8ffff1f11b1b0f1f,يوجد صور متطابقة/متشابهة بصرياً
5330,Hazem19792019_5897.jpg,منتج Hazem19792019_5897,أخرى,fff781d3d595909d,يوجد صور متطابقة/متشابهة بصرياً
5331,Hazem19792019_5898.jpg,منتج Hazem19792019_5898,أخرى,ffc1c0939b9b8bbb,
5332,Hazem19792019_5899.jpg,منتج Hazem19792019_5899,أخرى,ffff81818181fbff,يوجد صور متطابقة/متشابهة بصرياً
5333,Hazem19792019_59.jpg,منتج Hazem19792019_59,أخرى,fd7d048ebe793800,
5334,Hazem19792019_590.jpg,منتج Hazem19792019_590,أخرى,000018f9fefe3800,
5335,Hazem19792019_5900.jpg,منتج Hazem19792019_5900,أخرى,9fff81d19b01ffff,يوجد صور متطابقة/متشابهة بصرياً
5336,Hazem19792019_5901.jpg,منتج Hazem19792019_5901,أخرى,ffff0301c1c19fff,
5337,Hazem19792019_5902.jpg,منتج Hazem19792019_5902,أخرى,9fff81818187c1ff,
5338,Hazem19792019_5903.jpg,منتج Hazem19792019_5903,أخرى,2404007840267fff,
5339,Hazem19792019_5904.jpg,منتج Hazem19792019_5904,أخرى,818185c5c9c9efff,
5340,Hazem19792019_5905.jpg,منتج Hazem19792019_5905,أخرى,838383c3c7c6e7ff,
5341,Hazem19792019_5906.jpg,منتج Hazem19792019_5906,أخرى,7c4a4b4b0a2323bf,
5342,Hazem19792019_5907.jpg,منتج Hazem19792019_5907,أخرى,032323232b3b9b9f,
5343,Hazem19792019_5908.jpg,منتج Hazem19792019_5908,أخرى,29e9c18931b1f131,
5344,Hazem19792019_5909.jpg,منتج Hazem19792019_5909,أخرى,3f1f3e1f1f1f0c8c,
5345,Hazem19792019_591.jpg,منتج Hazem19792019_591,أخرى,343e18d070363f3c,يوجد صور متطابقة/متشابهة بصرياً
5346,Hazem19792019_5910.jpg,منتج Hazem19792019_5910,أخرى,ffffe7073f358080,
5347,Hazem19792019_5911.jpg,منتج Hazem19792019_5911,أخرى,ffff0730315f7861,
5348,Hazem19792019_5912.jpg,منتج Hazem19792019_5912,أخرى,c07f3f3f01003f25,
5349,Hazem19792019_5913.jpg,منتج Hazem19792019_5913,أخرى,dddf838380818381,
5350,Hazem19792019_5914.jpg,منتج Hazem19792019_5914,أخرى,7f7f3c3e00000303,
5351,Hazem19792019_5915.jpg,منتج Hazem19792019_5915,أخرى,1ff0ff0e600e7b11,
5352,Hazem19792019_5916.jpg,منتج Hazem19792019_5916,أخرى,e7f6fefcfc878380,
5353,Hazem19792019_5917.jpg,منتج Hazem19792019_5917,أخرى,3f3e3a3a3ede1e1f,
5354,Hazem19792019_5918.jpg,منتج Hazem19792019_5918,أخرى,f8e864ecc6e7bc3c,
5355,Hazem19792019_5919.jpg,منتج Hazem19792019_5919,أخرى,ff8381980888b9b1,
5356,Hazem19792019_592.jpg,منتج Hazem19792019_592,أخرى,0000487e7e7f0f0e,يوجد صور متطابقة/متشابهة بصرياً
5357,Hazem19792019_5920.jpg,منتج Hazem19792019_5920,أخرى,c3fbe3c39bf98101,
5358,Hazem19792019_5921.jpg,منتج Hazem19792019_5921,أخرى,f83c3730183b731f,
5359,Hazem19792019_5922.jpg,منتج Hazem19792019_5922,أخرى,004fbb818185fdff,
5360,Hazem19792019_5923.jpg,منتج Hazem19792019_5923,أخرى,00da4a4a4afae2ff,
5361,Hazem19792019_5924.jpg,منتج Hazem19792019_5924,أخرى,27263e3727b8b090,
5362,Hazem19792019_5925.jpg,منتج Hazem19792019_5925,أخرى,8cfedf77df790000,
5363,Hazem19792019_5926.jpg,منتج Hazem19792019_5926,أخرى,3cc0c4fcfefcfc10,
5364,Hazem19792019_5927.jpg,منتج Hazem19792019_5927,أخرى,ff7fdef0c0c0c0c0,
5365,Hazem19792019_5928.jpg,منتج Hazem19792019_5928,أخرى,3c7c7c7c7e7a3028,
5366,Hazem19792019_5929.jpg,منتج Hazem19792019_5929,أخرى,ffffffffe0008040,
5367,Hazem19792019_593.jpg,منتج Hazem19792019_593,أخرى,ffe7e7e7cfc73f00,
5368,Hazem19792019_5930.jpg,منتج Hazem19792019_5930,أخرى,bfb3978680a88c8e,
5369,Hazem19792019_5932.jpg,منتج Hazem19792019_5932,أخرى,1f0f015f333f0f1f,يوجد صور متطابقة/متشابهة بصرياً
5370,Hazem19792019_5933.jpg,منتج Hazem19792019_5933,أخرى,e0f8fcfcf8f8fc08,
5371,Hazem19792019_5936.jpg,منتج Hazem19792019_5936,أخرى,8f0101818183c3c3,
5372,Hazem19792019_5938.jpg,منتج Hazem19792019_5938,أخرى,f9fcda9c889af2e2,
5373,Hazem19792019_5939.jpg,منتج Hazem19792019_5939,أخرى,00f7fdb4e7e7e7ef,يوجد صور متطابقة/متشابهة بصرياً
5374,Hazem19792019_594.jpg,منتج Hazem19792019_594,أخرى,043c017f7f7f7c38,يوجد صور متطابقة/متشابهة بصرياً
5375,Hazem19792019_5940.jpg,منتج Hazem19792019_5940,أخرى,084f7f11913371e6,يوجد صور متطابقة/متشابهة بصرياً
5376,Hazem19792019_5941.jpg,منتج Hazem19792019_5941,أخرى,77e7c8ccf0f8f0fd,
5377,Hazem19792019_5942.jpg,منتج Hazem19792019_5942,أخرى,f0f89c8cbc8c8cfc,يوجد صور متطابقة/متشابهة بصرياً
5378,Hazem19792019_5943.jpg,منتج Hazem19792019_5943,أخرى,1f93e3f71f1d1fbf,يوجد صور متطابقة/متشابهة بصرياً
5379,Hazem19792019_5944.jpg,منتج Hazem19792019_5944,أخرى,f9f8f0e0e0e0f9ff,
5380,Hazem19792019_5945.jpg,منتج Hazem19792019_5945,أخرى,0101ffffcd1c3cff,
5381,Hazem19792019_5946.jpg,منتج Hazem19792019_5946,أخرى,664e7ee0e4e0c0e0,يوجد صور متطابقة/متشابهة بصرياً
5382,Hazem19792019_5947.jpg,منتج Hazem19792019_5947,أخرى,cf8787c1c1c1c1f3,يوجد صور متطابقة/متشابهة بصرياً
5383,Hazem19792019_5948.jpg,منتج Hazem19792019_5948,أخرى,f0010f7f4f0f0f0f,يوجد صور متطابقة/متشابهة بصرياً
5384,Hazem19792019_5949.jpg,منتج Hazem19792019_5949,أخرى,ffffd12009c12300,
5385,Hazem19792019_595.jpg,منتج Hazem19792019_595,أخرى,387e7e7e7e7e3e3c,يوجد صور متطابقة/متشابهة بصرياً
5386,Hazem19792019_5950.jpg,منتج Hazem19792019_5950,أخرى,78f878383a734300,يوجد صور متطابقة/متشابهة بصرياً
5387,Hazem19792019_5951.jpg,منتج Hazem19792019_5951,أخرى,0f7f067f07063f00,
5388,Hazem19792019_5952.jpg,منتج Hazem19792019_5952,أخرى,fcf8f89918f8fcbc,يوجد صور متطابقة/متشابهة بصرياً
5389,Hazem19792019_5953.jpg,منتج Hazem19792019_5953,أخرى,08053733131f5d9f,يوجد صور متطابقة/متشابهة بصرياً
5390,Hazem19792019_5954.jpg,منتج Hazem19792019_5954,أخرى,dd8101bd1c3c7f00,
5391,Hazem19792019_5955.jpg,منتج Hazem19792019_5955,أخرى,07070f076f6f4200,يوجد صور متطابقة/متشابهة بصرياً
5392,Hazem19792019_5956.jpg,منتج Hazem19792019_5956,أخرى,ff928214ee1801c1,يوجد صور متطابقة/متشابهة بصرياً
5393,Hazem19792019_5957.jpg,منتج Hazem19792019_5957,أخرى,ff01ffff00c0d081,
5394,Hazem19792019_5958.jpg,منتج Hazem19792019_5958,أخرى,f8e0e8f8e8f8f8ff,
5395,Hazem19792019_5959.jpg,منتج Hazem19792019_5959,أخرى,f8b8b8a0b0b8a4bf,
5396,Hazem19792019_596.jpg,منتج Hazem19792019_596,أخرى,fff1810380e3efff,يوجد صور متطابقة/متشابهة بصرياً
5397,Hazem19792019_5960.jpg,منتج Hazem19792019_5960,أخرى,0000230311070fff,يوجد صور متطابقة/متشابهة بصرياً
5398,Hazem19792019_5961.jpg,منتج Hazem19792019_5961,أخرى,cfc3c3c3c3c3c3c3,يوجد صور متطابقة/متشابهة بصرياً
5399,Hazem19792019_5962.jpg,منتج Hazem19792019_5962,أخرى,ffc3c3c3c3d3c3c3,يوجد صور متطابقة/متشابهة بصرياً
5400,Hazem19792019_5963.jpg,منتج Hazem19792019_5963,أخرى,f7760ebfbf3e2080,يوجد صور متطابقة/متشابهة بصرياً
5401,Hazem19792019_5964.jpg,منتج Hazem19792019_5964,أخرى,ffff8101018187df,
5402,Hazem19792019_5965.jpg,منتج Hazem19792019_5965,أخرى,4018803ce0e0ffff,يوجد صور متطابقة/متشابهة بصرياً
5403,Hazem19792019_5966.jpg,منتج Hazem19792019_5966,أخرى,e4fcfaf2fe7e1640,يوجد صور متطابقة/متشابهة بصرياً
5404,Hazem19792019_5967.jpg,منتج Hazem19792019_5967,أخرى,ffc1c0b9fb9b8b9b,يوجد صور متطابقة/متشابهة بصرياً
5405,Hazem19792019_5968.jpg,منتج Hazem19792019_5968,أخرى,83908cf03fcff98c,يوجد صور متطابقة/متشابهة بصرياً
5406,Hazem19792019_5969.jpg,منتج Hazem19792019_5969,أخرى,dff1f1f11b13179f,يوجد صور متطابقة/متشابهة بصرياً
5407,Hazem19792019_597.jpg,منتج Hazem19792019_597,أخرى,ffff07030301ffff,
5408,Hazem19792019_5970.jpg,منتج Hazem19792019_5970,أخرى,00f7fdb4e7e7e7ef,يوجد صور متطابقة/متشابهة بصرياً
5409,Hazem19792019_5971.jpg,منتج Hazem19792019_5971,أخرى,3ffcf417141f171f,يوجد صور متطابقة/متشابهة بصرياً
5410,Hazem19792019_5972.jpg,منتج Hazem19792019_5972,أخرى,a1a5a4ec78303000,يوجد صور متطابقة/متشابهة بصرياً
5411,Hazem19792019_5973.jpg,منتج Hazem19792019_5973,أخرى,ff1f0f1f03071fff,
5412,Hazem19792019_5974.jpg,منتج Hazem19792019_5974,أخرى,e1c1b19393f3f3c3,
5413,Hazem19792019_5975.jpg,منتج Hazem19792019_5975,أخرى,00c0ecfcc879ffff,
5414,Hazem19792019_5976.jpg,منتج Hazem19792019_5976,أخرى,7fffdf0e1b492402,
5415,Hazem19792019_5977.jpg,منتج Hazem19792019_5977,أخرى,a1a5a4ec78303000,يوجد صور متطابقة/متشابهة بصرياً
5416,Hazem19792019_5978.jpg,منتج Hazem19792019_5978,أخرى,ffbfbf0f010180ff,يوجد صور متطابقة/متشابهة بصرياً
5417,Hazem19792019_5979.jpg,منتج Hazem19792019_5979,أخرى,00240c4c793b3307,يوجد صور متطابقة/متشابهة بصرياً
5418,Hazem19792019_598.jpg,منتج Hazem19792019_598,أخرى,dbc3e7e7e7e7e7e7,يوجد صور متطابقة/متشابهة بصرياً
5419,Hazem19792019_5980.jpg,منتج Hazem19792019_5980,أخرى,dfc7c7c7c7e6e6c1,يوجد صور متطابقة/متشابهة بصرياً
5420,Hazem19792019_5981.jpg,منتج Hazem19792019_5981,أخرى,9f9d9d99999f9fff,يوجد صور متطابقة/متشابهة بصرياً
5421,Hazem19792019_5982.jpg,منتج Hazem19792019_5982,أخرى,f27f7f7e42507020,يوجد صور متطابقة/متشابهة بصرياً
5422,Hazem19792019_5983.jpg,منتج Hazem19792019_5983,أخرى,fefafe787ef01074,يوجد صور متطابقة/متشابهة بصرياً
5423,Hazem19792019_5984.jpg,منتج Hazem19792019_5984,أخرى,60e0e9e9e1696968,يوجد صور متطابقة/متشابهة بصرياً
5424,Hazem19792019_5985.jpg,منتج Hazem19792019_5985,أخرى,f6ef8381c1c53f9f,
5425,Hazem19792019_5986.jpg,منتج Hazem19792019_5986,أخرى,ffff732323010103,يوجد صور متطابقة/متشابهة بصرياً
5426,Hazem19792019_5987.jpg,منتج Hazem19792019_5987,أخرى,9bf1c91905048e9e,
5427,Hazem19792019_5988.jpg,منتج Hazem19792019_5988,أخرى,83908cf03fcff98c,يوجد صور متطابقة/متشابهة بصرياً
5428,Hazem19792019_5989.jpg,منتج Hazem19792019_5989,أخرى,ff8180c0f19f81ff,يوجد صور متطابقة/متشابهة بصرياً
5429,Hazem19792019_599.jpg,منتج Hazem19792019_599,أخرى,fff8b8b8a080c0ff,
5430,Hazem19792019_5990.jpg,منتج Hazem19792019_5990,أخرى,ff818181fd8f81ff,يوجد صور متطابقة/متشابهة بصرياً
5431,Hazem19792019_5991.jpg,منتج Hazem19792019_5991,أخرى,df808581fd9b01ff,يوجد صور متطابقة/متشابهة بصرياً
5432,Hazem19792019_5992.jpg,منتج Hazem19792019_5992,أخرى,3ff7fbfb050383c3,يوجد صور متطابقة/متشابهة بصرياً
5433,Hazem19792019_5993.jpg,منتج Hazem19792019_5993,أخرى,fc7c6c7cfcfc14fc,يوجد صور متطابقة/متشابهة بصرياً
5434,Hazem19792019_5994.jpg,منتج Hazem19792019_5994,أخرى,5f0f9f0707040cbf,يوجد صور متطابقة/متشابهة بصرياً
5435,Hazem19792019_5995.jpg,منتج Hazem19792019_5995,أخرى,3fff864f4fcf0ffc,يوجد صور متطابقة/متشابهة بصرياً
5436,Hazem19792019_5996.jpg,منتج Hazem19792019_5996,أخرى,8f0100f7f7f080ff,
5437,Hazem19792019_5997.jpg,منتج Hazem19792019_5997,أخرى,ff070217ffdfdc00,يوجد صور متطابقة/متشابهة بصرياً
5438,Hazem19792019_5998.jpg,منتج Hazem19792019_5998,أخرى,3fdf8181819f81fd,يوجد صور متطابقة/متشابهة بصرياً
5439,Hazem19792019_5999.jpg,منتج Hazem19792019_5999,أخرى,3f8f8183819f81fd,
5440,Hazem19792019_6.jpg,منتج Hazem19792019_6,أخرى,fffb052d09042c09,
5441,Hazem19792019_60.jpg,منتج Hazem19792019_60,أخرى,fefffffd01000080,
5442,Hazem19792019_600.jpg,منتج Hazem19792019_600,أخرى,c07c7e3e1f3f3f1c,
5443,Hazem19792019_6000.jpg,منتج Hazem19792019_6000,أخرى,ff819ccec3c1fbff,يوجد صور متطابقة/متشابهة بصرياً
5444,Hazem19792019_6001.jpg,منتج Hazem19792019_6001,أخرى,bf8700200381e1ff,
5445,Hazem19792019_6002.jpg,منتج Hazem19792019_6002,أخرى,664e7ee0e4e0c0e0,يوجد صور متطابقة/متشابهة بصرياً
5446,Hazem19792019_6003.jpg,منتج Hazem19792019_6003,أخرى,cfefc7e7c3c10000,يوجد صور متطابقة/متشابهة بصرياً
5447,Hazem19792019_6004.jpg,منتج Hazem19792019_6004,أخرى,0000ffffb76f7f19,يوجد صور متطابقة/متشابهة بصرياً
5448,Hazem19792019_6005.jpg,منتج Hazem19792019_6005,أخرى,00d90068007fff1f,
5449,Hazem19792019_6006.jpg,منتج Hazem19792019_6006,أخرى,007ec8866848ffff,يوجد صور متطابقة/متشابهة بصرياً
5450,Hazem19792019_6007.jpg,منتج Hazem19792019_6007,أخرى,fff7eb83c3811911,يوجد صور متطابقة/متشابهة بصرياً
5451,Hazem19792019_6008.jpg,منتج Hazem19792019_6008,أخرى,cfc7e7c3c3c30185,يوجد صور متطابقة/متشابهة بصرياً
5452,Hazem19792019_6009.jpg,منتج Hazem19792019_6009,أخرى,e4f0e8e8e260e0f0,يوجد صور متطابقة/متشابهة بصرياً
5453,Hazem19792019_601.jpg,منتج Hazem19792019_601,أخرى,ffff00cec603070f,يوجد صور متطابقة/متشابهة بصرياً
5454,Hazem19792019_6010.jpg,منتج Hazem19792019_6010,أخرى,f783038fff039b9f,يوجد صور متطابقة/متشابهة بصرياً
5455,Hazem19792019_6011.jpg,منتج Hazem19792019_6011,أخرى,c1c0c1ddc3c087ff,
5456,Hazem19792019_6012.jpg,منتج Hazem19792019_6012,أخرى,dfff1f1be3e1e0e1,يوجد صور متطابقة/متشابهة بصرياً
5457,Hazem19792019_6013.jpg,منتج Hazem19792019_6013,أخرى,3fc1e0999b8b8b9f,يوجد صور متطابقة/متشابهة بصرياً
5458,Hazem19792019_6014.jpg,منتج Hazem19792019_6014,أخرى,ff818181fd8f81ff,يوجد صور متطابقة/متشابهة بصرياً
5459,Hazem19792019_6015.jpg,منتج Hazem19792019_6015,أخرى,3ff7fbfb050383c3,يوجد صور متطابقة/متشابهة بصرياً
5460,Hazem19792019_6016.jpg,منتج Hazem19792019_6016,أخرى,81838383f1d3377f,يوجد صور متطابقة/متشابهة بصرياً
5461,Hazem19792019_6017.jpg,منتج Hazem19792019_6017,أخرى,607f7c7efe3e3f30,
5462,Hazem19792019_6018.jpg,منتج Hazem19792019_6018,أخرى,e4f0e8e8e260e0f0,يوجد صور متطابقة/متشابهة بصرياً
5463,Hazem19792019_6019.jpg,منتج Hazem19792019_6019,أخرى,1d3d3d3d1d9f0dbc,يوجد صور متطابقة/متشابهة بصرياً
5464,Hazem19792019_602.jpg,منتج Hazem19792019_602,أخرى,007f7f1f7f7f3f00,يوجد صور متطابقة/متشابهة بصرياً
5465,Hazem19792019_6020.jpg,منتج Hazem19792019_6020,أخرى,27070f0f0f0f0111,يوجد صور متطابقة/متشابهة بصرياً
5466,Hazem19792019_6021.jpg,منتج Hazem19792019_6021,أخرى,e701fe4607070721,
5467,Hazem19792019_6022.jpg,منتج Hazem19792019_6022,أخرى,f783038fff039b9f,يوجد صور متطابقة/متشابهة بصرياً
5468,Hazem19792019_6023.jpg,منتج Hazem19792019_6023,أخرى,3e3e3b30303e033f,
5469,Hazem19792019_6024.jpg,منتج Hazem19792019_6024,أخرى,007ec8866848ffff,يوجد صور متطابقة/متشابهة بصرياً
5470,Hazem19792019_6025.jpg,منتج Hazem19792019_6025,أخرى,0000ffffb76f7f19,يوجد صور متطابقة/متشابهة بصرياً
5471,Hazem19792019_6026.jpg,منتج Hazem19792019_6026,أخرى,cfefc7e7c3c10000,يوجد صور متطابقة/متشابهة بصرياً
5472,Hazem19792019_6027.jpg,منتج Hazem19792019_6027,أخرى,ff0b0383838301c7,
5473,Hazem19792019_6028.jpg,منتج Hazem19792019_6028,أخرى,5f170860079de0ff,
5474,Hazem19792019_6029.jpg,منتج Hazem19792019_6029,أخرى,f9c18998ff1999df,يوجد صور متطابقة/متشابهة بصرياً
5475,Hazem19792019_603.jpg,منتج Hazem19792019_603,أخرى,0719893f692b39af,
5476,Hazem19792019_6030.jpg,منتج Hazem19792019_6030,أخرى,f3ef8787d1f1d9ff,يوجد صور متطابقة/متشابهة بصرياً
5477,Hazem19792019_6031.jpg,منتج Hazem19792019_6031,أخرى,9fcddf8911b80018,يوجد صور متطابقة/متشابهة بصرياً
5478,Hazem19792019_6032.jpg,منتج Hazem19792019_6032,أخرى,fce3c16f3e223d10,
5479,Hazem19792019_6033.jpg,منتج Hazem19792019_6033,أخرى,e67e7ec2e6000f6e,
5480,Hazem19792019_6034.jpg,منتج Hazem19792019_6034,أخرى,fce4e6e6e6f6003e,
5481,Hazem19792019_6035.jpg,منتج Hazem19792019_6035,أخرى,0000fe36fedbff7f,
5482,Hazem19792019_6036.jpg,منتج Hazem19792019_6036,أخرى,e340621f363616df,
5483,Hazem19792019_6037.jpg,منتج Hazem19792019_6037,أخرى,efc0402e6c0141bf,
5484,Hazem19792019_6038.jpg,منتج Hazem19792019_6038,أخرى,08fccc68006808ef,
5485,Hazem19792019_6039.jpg,منتج Hazem19792019_6039,أخرى,f0fa07070309d9f0,
5486,Hazem19792019_604.jpg,منتج Hazem19792019_604,أخرى,9f9999bbf9f1b1b7,يوجد صور متطابقة/متشابهة بصرياً
5487,Hazem19792019_6040.jpg,منتج Hazem19792019_6040,أخرى,f8e8ecee8080d81f,يوجد صور متطابقة/متشابهة بصرياً
5488,Hazem19792019_6041.jpg,منتج Hazem19792019_6041,أخرى,00787ca5dfe7c0d8,
5489,Hazem19792019_6042.jpg,منتج Hazem19792019_6042,أخرى,ff0f0f2f27270f0f,
5490,Hazem19792019_6043.jpg,منتج Hazem19792019_6043,أخرى,ffdf8f8380808f9f,يوجد صور متطابقة/متشابهة بصرياً
5491,Hazem19792019_6044.jpg,منتج Hazem19792019_6044,أخرى,9f9d9d99999f9fff,يوجد صور متطابقة/متشابهة بصرياً
5492,Hazem19792019_6045.jpg,منتج Hazem19792019_6045,أخرى,60e0e9e9e1696968,يوجد صور متطابقة/متشابهة بصرياً
5493,Hazem19792019_6046.jpg,منتج Hazem19792019_6046,أخرى,fefafe787ef01074,يوجد صور متطابقة/متشابهة بصرياً
5494,Hazem19792019_6047.jpg,منتج Hazem19792019_6047,أخرى,ff3c590b0080e5ff,
5495,Hazem19792019_6048.jpg,منتج Hazem19792019_6048,أخرى,fdf4f4391c180f3f,
5496,Hazem19792019_6049.jpg,منتج Hazem19792019_6049,أخرى,1fcfcfe79713189c,يوجد صور متطابقة/متشابهة بصرياً
5497,Hazem19792019_605.jpg,منتج Hazem19792019_605,أخرى,c0c000000e0e0fff,
5498,Hazem19792019_6050.jpg,منتج Hazem19792019_6050,أخرى,ffc0c0fec0c109a1,
5499,Hazem19792019_6051.jpg,منتج Hazem19792019_6051,أخرى,c30303070fffffff,
5500,Hazem19792019_6052.jpg,منتج Hazem19792019_6052,أخرى,e181818181c3c7df,
5501,Hazem19792019_6053.jpg,منتج Hazem19792019_6053,أخرى,0f0101c0f0feffff,
5502,Hazem19792019_6054.jpg,منتج Hazem19792019_6054,أخرى,fffb81818b8181cb,
5503,Hazem19792019_6055.jpg,منتج Hazem19792019_6055,أخرى,e7df9fa3c3c3efff,يوجد صور متطابقة/متشابهة بصرياً
5504,Hazem19792019_6056.jpg,منتج Hazem19792019_6056,أخرى,ffff90e48180c081,يوجد صور متطابقة/متشابهة بصرياً
5505,Hazem19792019_6057.jpg,منتج Hazem19792019_6057,أخرى,f3c3838383c3cbc3,يوجد صور متطابقة/متشابهة بصرياً
5506,Hazem19792019_6058.jpg,منتج Hazem19792019_6058,أخرى,1f1df90135bd9dfd,
5507,Hazem19792019_606.jpg,منتج Hazem19792019_606,أخرى,fffff7676342c080,
5508,Hazem19792019_6060.jpg,منتج Hazem19792019_6060,أخرى,1d3d3d3d1d9f0dbc,يوجد صور متطابقة/متشابهة بصرياً
5509,Hazem19792019_6061.jpg,منتج Hazem19792019_6061,أخرى,83879f83bf9183fd,يوجد صور متطابقة/متشابهة بصرياً
5510,Hazem19792019_6062.jpg,منتج Hazem19792019_6062,أخرى,3fff864f4fcf0ffc,يوجد صور متطابقة/متشابهة بصرياً
5511,Hazem19792019_6063.jpg,منتج Hazem19792019_6063,أخرى,dfff1f1be3e1e0e1,يوجد صور متطابقة/متشابهة بصرياً
5512,Hazem19792019_6064.jpg,منتج Hazem19792019_6064,أخرى,cfc7e7c3c3c30185,يوجد صور متطابقة/متشابهة بصرياً
5513,Hazem19792019_6065.jpg,منتج Hazem19792019_6065,أخرى,3ff7fbfb050383c3,يوجد صور متطابقة/متشابهة بصرياً
5514,Hazem19792019_6066.jpg,منتج Hazem19792019_6066,أخرى,f9c18998ff1999df,يوجد صور متطابقة/متشابهة بصرياً
5515,Hazem19792019_6067.jpg,منتج Hazem19792019_6067,أخرى,fffff38b0182ffff,
5516,Hazem19792019_6068.jpg,منتج Hazem19792019_6068,أخرى,ffe3f18c0d018fff,
5517,Hazem19792019_6069.jpg,منتج Hazem19792019_6069,أخرى,8087ffd09090ffff,
5518,Hazem19792019_607.jpg,منتج Hazem19792019_607,أخرى,fffff1a0e0e0ffff,يوجد صور متطابقة/متشابهة بصرياً
5519,Hazem19792019_6070.jpg,منتج Hazem19792019_6070,أخرى,ffdb9b8b8b899999,
5520,Hazem19792019_6071.jpg,منتج Hazem19792019_6071,أخرى,fff9f1f0100081ff,
5521,Hazem19792019_6072.jpg,منتج Hazem19792019_6072,أخرى,ffff0f0381e7ffff,
5522,Hazem19792019_6073.jpg,منتج Hazem19792019_6073,أخرى,ff81ff000081ffff,
5523,Hazem19792019_6075.jpg,منتج Hazem19792019_6075,أخرى,ffffe2ec8c041004,
5524,Hazem19792019_6076.jpg,منتج Hazem19792019_6076,أخرى,ff4d7b784f9f70f8,
5525,Hazem19792019_6077.jpg,منتج Hazem19792019_6077,أخرى,ffff9f9c97030000,
5526,Hazem19792019_6078.jpg,منتج Hazem19792019_6078,أخرى,9797ffff130f0f0f,
5527,Hazem19792019_6079.jpg,منتج Hazem19792019_6079,أخرى,ff7f7f19393f24e0,
5528,Hazem19792019_608.jpg,منتج Hazem19792019_608,أخرى,81e120c00100e17f,يوجد صور متطابقة/متشابهة بصرياً
5529,Hazem19792019_6080.jpg,منتج Hazem19792019_6080,أخرى,fc7c74fce4fcf0c0,
5530,Hazem19792019_6081.jpg,منتج Hazem19792019_6081,أخرى,ffff297f03660707,
5531,Hazem19792019_6082.jpg,منتج Hazem19792019_6082,أخرى,c7cefecc0000ffff,
5532,Hazem19792019_6083.jpg,منتج Hazem19792019_6083,أخرى,0038c8a0f0f0ff7f,
5533,Hazem19792019_6084.jpg,منتج Hazem19792019_6084,أخرى,ff3f3f818101183f,
5534,Hazem19792019_6085.jpg,منتج Hazem19792019_6085,أخرى,ff6161213f323073,
5535,Hazem19792019_6086.jpg,منتج Hazem19792019_6086,أخرى,ffffffe7e7000000,
5536,Hazem19792019_6087.jpg,منتج Hazem19792019_6087,أخرى,cbdb9b8f8199c9df,
5537,Hazem19792019_6088.jpg,منتج Hazem19792019_6088,أخرى,00999d2c7e26a79d,
5538,Hazem19792019_6089.jpg,منتج Hazem19792019_6089,أخرى,fc200024808fffff,
5539,Hazem19792019_609.jpg,منتج Hazem19792019_609,أخرى,f191d9f99891009b,يوجد صور متطابقة/متشابهة بصرياً
5540,Hazem19792019_6090.jpg,منتج Hazem19792019_6090,أخرى,ffe1f1f9b181f9ff,
5541,Hazem19792019_6091.jpg,منتج Hazem19792019_6091,أخرى,ffff410100cfffff,
5542,Hazem19792019_6092.jpg,منتج Hazem19792019_6092,أخرى,ffcf8a00c2f2ffff,
5543,Hazem19792019_6093.jpg,منتج Hazem19792019_6093,أخرى,0f07030113adb5fd,
5544,Hazem19792019_6094.jpg,منتج Hazem19792019_6094,أخرى,00043ffdff7c7e00,
5545,Hazem19792019_6095.jpg,منتج Hazem19792019_6095,أخرى,ff1f189ae0e1e1ff,
5546,Hazem19792019_6096.jpg,منتج Hazem19792019_6096,أخرى,75e13e3fc91e1b08,
5547,Hazem19792019_6097.jpg,منتج Hazem19792019_6097,أخرى,ffffc3c383830f1f,
5548,Hazem19792019_6098.jpg,منتج Hazem19792019_6098,أخرى,0c1eb38383839bff,
5549,Hazem19792019_6099.jpg,منتج Hazem19792019_6099,أخرى,fffff9818181ffff,
5550,Hazem19792019_61.jpg,منتج Hazem19792019_61,أخرى,191f3fbfbbce8200,
5551,Hazem19792019_610.jpg,منتج Hazem19792019_610,أخرى,000127b3ba9b7ff8,
5552,Hazem19792019_6100.jpg,منتج Hazem19792019_6100,أخرى,00007efbdb1a7dff,
5553,Hazem19792019_6101.jpg,منتج Hazem19792019_6101,أخرى,00187e7e76fefec0,
5554,Hazem19792019_6102.jpg,منتج Hazem19792019_6102,أخرى,cf8f8f8f8ff1e1f3,
5555,Hazem19792019_6103.jpg,منتج Hazem19792019_6103,أخرى,0010d09f9fdfefff,
5556,Hazem19792019_6104.jpg,منتج Hazem19792019_6104,أخرى,ffe381898787e7ff,
5557,Hazem19792019_6105.jpg,منتج Hazem19792019_6105,أخرى,ffff9d090009ffff,
5558,Hazem19792019_6107.jpg,منتج Hazem19792019_6107,أخرى,da10fe6de1093f7d,
5559,Hazem19792019_6108.jpg,منتج Hazem19792019_6108,أخرى,01290ddf9f9fdd80,
5560,Hazem19792019_6109.jpg,منتج Hazem19792019_6109,أخرى,ff941480a1a4a3ff,
5561,Hazem19792019_611.jpg,منتج Hazem19792019_611,أخرى,f87898d9ddd94c06,
5562,Hazem19792019_6110.jpg,منتج Hazem19792019_6110,أخرى,4406a66e66e484e0,
5563,Hazem19792019_6111.jpg,منتج Hazem19792019_6111,أخرى,00007e7effe7ffff,
5564,Hazem19792019_6112.jpg,منتج Hazem19792019_6112,أخرى,ff97f7d1b1f1e1ff,
5565,Hazem19792019_6113.jpg,منتج Hazem19792019_6113,أخرى,ffffff8f8c000000,
5566,Hazem19792019_6114.jpg,منتج Hazem19792019_6114,أخرى,9118fcefe5a75dfd,
5567,Hazem19792019_6115.jpg,منتج Hazem19792019_6115,أخرى,c7c4c5c5c5dfdfe7,
5568,Hazem19792019_6116.jpg,منتج Hazem19792019_6116,أخرى,9f9999bbf9f1b1b7,يوجد صور متطابقة/متشابهة بصرياً
5569,Hazem19792019_6117.jpg,منتج Hazem19792019_6117,أخرى,e3c3c3c3c3c3c3ff,
5570,Hazem19792019_6118.jpg,منتج Hazem19792019_6118,أخرى,1bff038fff898989,
5571,Hazem19792019_6119.jpg,منتج Hazem19792019_6119,أخرى,f9b9feb4b0b0b0f0,
5572,Hazem19792019_612.jpg,منتج Hazem19792019_612,أخرى,7ecc7e7d7e7e2600,يوجد صور متطابقة/متشابهة بصرياً
5573,Hazem19792019_6120.jpg,منتج Hazem19792019_6120,أخرى,3e7e863c7c7c7000,
5574,Hazem19792019_6121.jpg,منتج Hazem19792019_6121,أخرى,7c0c3c3c3e3e3c3e,
5575,Hazem19792019_6124.jpg,منتج Hazem19792019_6124,أخرى,fca981a8aaaba1f0,
5576,Hazem19792019_6125.jpg,منتج Hazem19792019_6125,أخرى,ff9b939bbbbbbbff,
5577,Hazem19792019_6126.jpg,منتج Hazem19792019_6126,أخرى,ff8826dd8083c3ff,
5578,Hazem19792019_6127.jpg,منتج Hazem19792019_6127,أخرى,f1ff078bbbfb030b,يوجد صور متطابقة/متشابهة بصرياً
5579,Hazem19792019_6128.jpg,منتج Hazem19792019_6128,أخرى,9c9cbcbc8ccc84fc,يوجد صور متطابقة/متشابهة بصرياً
5580,Hazem19792019_6129.jpg,منتج Hazem19792019_6129,أخرى,ffc482038080e7ff,
5581,Hazem19792019_613.jpg,منتج Hazem19792019_613,أخرى,787880a88080ffe1,
5582,Hazem19792019_6130.jpg,منتج Hazem19792019_6130,أخرى,f1ff078bbbfb030b,يوجد صور متطابقة/متشابهة بصرياً
5583,Hazem19792019_6131.jpg,منتج Hazem19792019_6131,أخرى,ffb929290923f3ff,
5584,Hazem19792019_6132.jpg,منتج Hazem19792019_6132,أخرى,e7a727a7b53dffff,يوجد صور متطابقة/متشابهة بصرياً
5585,Hazem19792019_6133.jpg,منتج Hazem19792019_6133,أخرى,003e7e7e0e1f3e3f,
5586,Hazem19792019_6134.jpg,منتج Hazem19792019_6134,أخرى,fffd51309000ffff,
5587,Hazem19792019_6135.jpg,منتج Hazem19792019_6135,أخرى,ffff01018101c1ff,
5588,Hazem19792019_6136.jpg,منتج Hazem19792019_6136,أخرى,fdfff801171807e7,
5589,Hazem19792019_6137.jpg,منتج Hazem19792019_6137,أخرى,ffc7c1a585a5b1ff,
5590,Hazem19792019_6138.jpg,منتج Hazem19792019_6138,أخرى,ffefc7c3c1b10019,
5591,Hazem19792019_6139.jpg,منتج Hazem19792019_6139,أخرى,01216061e1e0e1f3,
5592,Hazem19792019_614.jpg,منتج Hazem19792019_614,أخرى,ff81898d8d8da5ff,
5593,Hazem19792019_6140.jpg,منتج Hazem19792019_6140,أخرى,ff0480e1fdffffff,
5594,Hazem19792019_6141.jpg,منتج Hazem19792019_6141,أخرى,7f0101d38387db9b,
5595,Hazem19792019_6142.jpg,منتج Hazem19792019_6142,أخرى,ffffffff78000000,
5596,Hazem19792019_6143.jpg,منتج Hazem19792019_6143,أخرى,097bfbbb0109bfff,
5597,Hazem19792019_6144.jpg,منتج Hazem19792019_6144,أخرى,f8c8fcff3f8decff,يوجد صور متطابقة/متشابهة بصرياً
5598,Hazem19792019_6145.jpg,منتج Hazem19792019_6145,أخرى,f9c18998ff1999df,يوجد صور متطابقة/متشابهة بصرياً
5599,Hazem19792019_6146.jpg,منتج Hazem19792019_6146,أخرى,ef83c3ffffffe7e7,يوجد صور متطابقة/متشابهة بصرياً
5600,Hazem19792019_6147.jpg,منتج Hazem19792019_6147,أخرى,ffc3c3c3c3e3ffff,
5601,Hazem19792019_6148.jpg,منتج Hazem19792019_6148,أخرى,0f031fcfcf8785ff,يوجد صور متطابقة/متشابهة بصرياً
5602,Hazem19792019_6149.jpg,منتج Hazem19792019_6149,أخرى,ff3c383870b8f8fe,يوجد صور متطابقة/متشابهة بصرياً
5603,Hazem19792019_615.jpg,منتج Hazem19792019_615,أخرى,7f7b04636b230021,يوجد صور متطابقة/متشابهة بصرياً
5604,Hazem19792019_6150.jpg,منتج Hazem19792019_6150,أخرى,fbb3bb8f83878f9f,
5605,Hazem19792019_6151.jpg,منتج Hazem19792019_6151,أخرى,f11b1f1f9f9df9ff,
5606,Hazem19792019_6152.jpg,منتج Hazem19792019_6152,أخرى,c3c38f83818383d7,
5607,Hazem19792019_6153.jpg,منتج Hazem19792019_6153,أخرى,c1c3d3d3f171f7f7,يوجد صور متطابقة/متشابهة بصرياً
5608,Hazem19792019_6154.jpg,منتج Hazem19792019_6154,أخرى,71f379f3f343e0f0,يوجد صور متطابقة/متشابهة بصرياً
5609,Hazem19792019_6155.jpg,منتج Hazem19792019_6155,أخرى,fff9e9f8f8f8f1fd,
5610,Hazem19792019_6156.jpg,منتج Hazem19792019_6156,أخرى,f7f1f1f119091fff,يوجد صور متطابقة/متشابهة بصرياً
5611,Hazem19792019_6157.jpg,منتج Hazem19792019_6157,أخرى,bf0707078793f3ff,يوجد صور متطابقة/متشابهة بصرياً
5612,Hazem19792019_6158.jpg,منتج Hazem19792019_6158,أخرى,6433039333212707,
5613,Hazem19792019_6159.jpg,منتج Hazem19792019_6159,أخرى,fff7270ebef7250e,يوجد صور متطابقة/متشابهة بصرياً
5614,Hazem19792019_616.jpg,منتج Hazem19792019_616,أخرى,ff8180891107e7ff,يوجد صور متطابقة/متشابهة بصرياً
5615,Hazem19792019_6160.jpg,منتج Hazem19792019_6160,أخرى,fdff830380b0c1c1,يوجد صور متطابقة/متشابهة بصرياً
5616,Hazem19792019_6162.jpg,منتج Hazem19792019_6162,أخرى,0000bf81f9ebfbc7,يوجد صور متطابقة/متشابهة بصرياً
5617,Hazem19792019_6163.jpg,منتج Hazem19792019_6163,أخرى,ffc7870381c1f1ff,يوجد صور متطابقة/متشابهة بصرياً
5618,Hazem19792019_6164.jpg,منتج Hazem19792019_6164,أخرى,0000ffe7fffb8100,يوجد صور متطابقة/متشابهة بصرياً
5619,Hazem19792019_6165.jpg,منتج Hazem19792019_6165,أخرى,b3b3b1a3a7a7a1f1,يوجد صور متطابقة/متشابهة بصرياً
5620,Hazem19792019_6166.jpg,منتج Hazem19792019_6166,أخرى,9fcddf8911b80018,يوجد صور متطابقة/متشابهة بصرياً
5621,Hazem19792019_6167.jpg,منتج Hazem19792019_6167,أخرى,9fcddf8911b80018,يوجد صور متطابقة/متشابهة بصرياً
5622,Hazem19792019_6168.jpg,منتج Hazem19792019_6168,أخرى,fff7eb83c3811911,يوجد صور متطابقة/متشابهة بصرياً
5623,Hazem19792019_6169.jpg,منتج Hazem19792019_6169,أخرى,fffcbcc3c3c3c300,يوجد صور متطابقة/متشابهة بصرياً
5624,Hazem19792019_617.jpg,منتج Hazem19792019_617,أخرى,187c7c7e7ee44400,
5625,Hazem19792019_6170.jpg,منتج Hazem19792019_6170,أخرى,fffcbcc3c3c3c300,يوجد صور متطابقة/متشابهة بصرياً
5626,Hazem19792019_6171.jpg,منتج Hazem19792019_6171,أخرى,b3b3b1a3a7a7a1f1,يوجد صور متطابقة/متشابهة بصرياً
5627,Hazem19792019_6172.jpg,منتج Hazem19792019_6172,أخرى,3f7fe341f86dcfcf,يوجد صور متطابقة/متشابهة بصرياً
5628,Hazem19792019_6173.jpg,منتج Hazem19792019_6173,أخرى,ffcf8380e0f1b9fb,
5629,Hazem19792019_6174.jpg,منتج Hazem19792019_6174,أخرى,ff87e38787867e06,يوجد صور متطابقة/متشابهة بصرياً
5630,Hazem19792019_6175.jpg,منتج Hazem19792019_6175,أخرى,7fffc7fff9008383,يوجد صور متطابقة/متشابهة بصرياً
5631,Hazem19792019_6176.jpg,منتج Hazem19792019_6176,أخرى,e7a727a7b53dffff,يوجد صور متطابقة/متشابهة بصرياً
5632,Hazem19792019_6177.jpg,منتج Hazem19792019_6177,أخرى,9c9cbcbc8ccc84fc,يوجد صور متطابقة/متشابهة بصرياً
5633,Hazem19792019_6178.jpg,منتج Hazem19792019_6178,أخرى,f9c18998ff1999df,يوجد صور متطابقة/متشابهة بصرياً
5634,Hazem19792019_6179.jpg,منتج Hazem19792019_6179,أخرى,f8c8fcff3f8decff,يوجد صور متطابقة/متشابهة بصرياً
5635,Hazem19792019_618.jpg,منتج Hazem19792019_618,أخرى,0173ff3efee036e0,يوجد صور متطابقة/متشابهة بصرياً
5636,Hazem19792019_6180.jpg,منتج Hazem19792019_6180,أخرى,fc7c6c7cfcfc14fc,يوجد صور متطابقة/متشابهة بصرياً
5637,Hazem19792019_6181.jpg,منتج Hazem19792019_6181,أخرى,ffc3c7e7c7c0e8f9,يوجد صور متطابقة/متشابهة بصرياً
5638,Hazem19792019_6182.jpg,منتج Hazem19792019_6182,أخرى,3f3f7f6f0f0f1f1f,
5639,Hazem19792019_6183.jpg,منتج Hazem19792019_6183,أخرى,f3c78fc1a1e1e7ef,يوجد صور متطابقة/متشابهة بصرياً
5640,Hazem19792019_6184.jpg,منتج Hazem19792019_6184,أخرى,0e7fffc2c7c7fec0,
5641,Hazem19792019_6185.jpg,منتج Hazem19792019_6185,أخرى,8f1f8fa3e0e0f0ff,يوجد صور متطابقة/متشابهة بصرياً
5642,Hazem19792019_6186.jpg,منتج Hazem19792019_6186,أخرى,f570e8e828a8e87e,
5643,Hazem19792019_6187.jpg,منتج Hazem19792019_6187,أخرى,c3a08e9fbc808081,
5644,Hazem19792019_6188.jpg,منتج Hazem19792019_6188,أخرى,72ffdf9f15000000,
5645,Hazem19792019_6189.jpg,منتج Hazem19792019_6189,أخرى,007e7e3c7e7e7e7e,يوجد صور متطابقة/متشابهة بصرياً
5646,Hazem19792019_619.jpg,منتج Hazem19792019_619,أخرى,07ffff7f5f07011d,يوجد صور متطابقة/متشابهة بصرياً
5647,Hazem19792019_6190.jpg,منتج Hazem19792019_6190,أخرى,d98101bd1c3c7f00,
5648,Hazem19792019_6191.jpg,منتج Hazem19792019_6191,أخرى,78f8f8783033d301,يوجد صور متطابقة/متشابهة بصرياً
5649,Hazem19792019_6192.jpg,منتج Hazem19792019_6192,أخرى,8380c0c6fcf8c1ff,يوجد صور متطابقة/متشابهة بصرياً
5650,Hazem19792019_6193.jpg,منتج Hazem19792019_6193,أخرى,08053733131f5d9f,يوجد صور متطابقة/متشابهة بصرياً
5651,Hazem19792019_6194.jpg,منتج Hazem19792019_6194,أخرى,0000ffe7fffb8100,يوجد صور متطابقة/متشابهة بصرياً
5652,Hazem19792019_6195.jpg,منتج Hazem19792019_6195,أخرى,fff7270ebef7250e,يوجد صور متطابقة/متشابهة بصرياً
5653,Hazem19792019_6198.jpg,منتج Hazem19792019_6198,أخرى,fdff830380b0c1c1,يوجد صور متطابقة/متشابهة بصرياً
5654,Hazem19792019_6199.jpg,منتج Hazem19792019_6199,أخرى,084f7f11913371e6,يوجد صور متطابقة/متشابهة بصرياً
5655,Hazem19792019_62.jpg,منتج Hazem19792019_62,أخرى,510084cecd49e4cf,يوجد صور متطابقة/متشابهة بصرياً
5656,Hazem19792019_620.jpg,منتج Hazem19792019_620,أخرى,011e721f3f3f3f38,
5657,Hazem19792019_6200.jpg,منتج Hazem19792019_6200,أخرى,f3c78fc1a1e1e7ef,يوجد صور متطابقة/متشابهة بصرياً
5658,Hazem19792019_6201.jpg,منتج Hazem19792019_6201,أخرى,ffc7c3c3c7c7c7ff,
5659,Hazem19792019_6202.jpg,منتج Hazem19792019_6202,أخرى,000000e0f0f8f9ff,
5660,Hazem19792019_6203.jpg,منتج Hazem19792019_6203,أخرى,f3c78fc1a1e1e7ef,يوجد صور متطابقة/متشابهة بصرياً
5661,Hazem19792019_6204.jpg,منتج Hazem19792019_6204,أخرى,ef83c3ffffffe7e7,يوجد صور متطابقة/متشابهة بصرياً
5662,Hazem19792019_6205.jpg,منتج Hazem19792019_6205,أخرى,8f1f8fa3e0e0f0ff,يوجد صور متطابقة/متشابهة بصرياً
5663,Hazem19792019_6206.jpg,منتج Hazem19792019_6206,أخرى,007e7e3c7e7e7e7e,يوجد صور متطابقة/متشابهة بصرياً
5664,Hazem19792019_6207.jpg,منتج Hazem19792019_6207,أخرى,f7f1f1f119091fff,يوجد صور متطابقة/متشابهة بصرياً
5665,Hazem19792019_6208.jpg,منتج Hazem19792019_6208,أخرى,3f7fe341f86dcfcf,يوجد صور متطابقة/متشابهة بصرياً
5666,Hazem19792019_6209.jpg,منتج Hazem19792019_6209,أخرى,0fff9889fefa1806,
5667,Hazem19792019_621.jpg,منتج Hazem19792019_621,أخرى,d6ffff1110000800,يوجد صور متطابقة/متشابهة بصرياً
5668,Hazem19792019_6210.jpg,منتج Hazem19792019_6210,أخرى,fbe1838080c1cfff,يوجد صور متطابقة/متشابهة بصرياً
5669,Hazem19792019_6211.jpg,منتج Hazem19792019_6211,أخرى,7fffc7fff9008383,يوجد صور متطابقة/متشابهة بصرياً
5670,Hazem19792019_6212.jpg,منتج Hazem19792019_6212,أخرى,ffff810080e3c3ff,يوجد صور متطابقة/متشابهة بصرياً
5671,Hazem19792019_6213.jpg,منتج Hazem19792019_6213,أخرى,8b8bb98191d1a9ff,
5672,Hazem19792019_6214.jpg,منتج Hazem19792019_6214,أخرى,3e3e363e3e3e3cb8,
5673,Hazem19792019_6215.jpg,منتج Hazem19792019_6215,أخرى,3f37363a1f363280,
5674,Hazem19792019_6216.jpg,منتج Hazem19792019_6216,أخرى,f00007bf8f9fdee0,
5675,Hazem19792019_6217.jpg,منتج Hazem19792019_6217,أخرى,fff1b18181c3c3e3,
5676,Hazem19792019_6218.jpg,منتج Hazem19792019_6218,أخرى,7e7e7e5e3e627200,يوجد صور متطابقة/متشابهة بصرياً
5677,Hazem19792019_6219.jpg,منتج Hazem19792019_6219,أخرى,3ce4f4fcbcbdf4fc,يوجد صور متطابقة/متشابهة بصرياً
5678,Hazem19792019_622.jpg,منتج Hazem19792019_622,أخرى,ffffff8381818000,يوجد صور متطابقة/متشابهة بصرياً
5679,Hazem19792019_6220.jpg,منتج Hazem19792019_6220,أخرى,0f9fd9997676723c,يوجد صور متطابقة/متشابهة بصرياً
5680,Hazem19792019_6221.jpg,منتج Hazem19792019_6221,أخرى,00181fbf3f3fdbff,يوجد صور متطابقة/متشابهة بصرياً
5681,Hazem19792019_6222.jpg,منتج Hazem19792019_6222,أخرى,421a1b030b6b2383,يوجد صور متطابقة/متشابهة بصرياً
5682,Hazem19792019_6223.jpg,منتج Hazem19792019_6223,أخرى,a1a5a4ec78303000,يوجد صور متطابقة/متشابهة بصرياً
5683,Hazem19792019_6224.jpg,منتج Hazem19792019_6224,أخرى,ffffff81811181ff,يوجد صور متطابقة/متشابهة بصرياً
5684,Hazem19792019_6225.jpg,منتج Hazem19792019_6225,أخرى,ff120000302487fe,يوجد صور متطابقة/متشابهة بصرياً
5685,Hazem19792019_6226.jpg,منتج Hazem19792019_6226,أخرى,3ffcf417141f171f,يوجد صور متطابقة/متشابهة بصرياً
5686,Hazem19792019_6227.jpg,منتج Hazem19792019_6227,أخرى,ffffebe93981e1f3,يوجد صور متطابقة/متشابهة بصرياً
5687,Hazem19792019_6228.jpg,منتج Hazem19792019_6228,أخرى,00000083ffffffff,يوجد صور متطابقة/متشابهة بصرياً
5688,Hazem19792019_6229.jpg,منتج Hazem19792019_6229,أخرى,df1f1f1c18181fff,يوجد صور متطابقة/متشابهة بصرياً
5689,Hazem19792019_6230.jpg,منتج Hazem19792019_6230,أخرى,730307075b5b0800,
5690,Hazem19792019_6231.jpg,منتج Hazem19792019_6231,أخرى,fff0ff7ebe00007c,
5691,Hazem19792019_6232.jpg,منتج Hazem19792019_6232,أخرى,47e7e7e7e766e600,
5692,Hazem19792019_6233.jpg,منتج Hazem19792019_6233,أخرى,ffc3c7e7c7c0e8f9,يوجد صور متطابقة/متشابهة بصرياً
5693,Hazem19792019_6234.jpg,منتج Hazem19792019_6234,أخرى,fc7c6c7cfcfc14fc,يوجد صور متطابقة/متشابهة بصرياً
5694,Hazem19792019_6235.jpg,منتج Hazem19792019_6235,أخرى,ff819194908581f9,يوجد صور متطابقة/متشابهة بصرياً
5695,Hazem19792019_6236.jpg,منتج Hazem19792019_6236,أخرى,bf1d103101217d99,يوجد صور متطابقة/متشابهة بصرياً
5696,Hazem19792019_6237.jpg,منتج Hazem19792019_6237,أخرى,c3818189898989fb,يوجد صور متطابقة/متشابهة بصرياً
5697,Hazem19792019_6238.jpg,منتج Hazem19792019_6238,أخرى,f8e8ecee8080d81f,يوجد صور متطابقة/متشابهة بصرياً
5698,Hazem19792019_6239.jpg,منتج Hazem19792019_6239,أخرى,88f8b8b8388afffd,يوجد صور متطابقة/متشابهة بصرياً
5699,Hazem19792019_624.jpg,منتج Hazem19792019_624,أخرى,ff39b99999010000,يوجد صور متطابقة/متشابهة بصرياً
5700,Hazem19792019_6240.jpg,منتج Hazem19792019_6240,أخرى,3fbd85fd1d0d0dfc,يوجد صور متطابقة/متشابهة بصرياً
5701,Hazem19792019_6241.jpg,منتج Hazem19792019_6241,أخرى,3fdf8181819f81fd,يوجد صور متطابقة/متشابهة بصرياً
5702,Hazem19792019_6242.jpg,منتج Hazem19792019_6242,أخرى,ffa7a7a333b989ff,يوجد صور متطابقة/متشابهة بصرياً
5703,Hazem19792019_6243.jpg,منتج Hazem19792019_6243,أخرى,88f8b8b8388afffd,يوجد صور متطابقة/متشابهة بصرياً
5704,Hazem19792019_6244.jpg,منتج Hazem19792019_6244,أخرى,fff1f1d1818181f9,يوجد صور متطابقة/متشابهة بصرياً
5705,Hazem19792019_6245.jpg,منتج Hazem19792019_6245,أخرى,1f1f0d2d0fdfcfcc,يوجد صور متطابقة/متشابهة بصرياً
5706,Hazem19792019_6246.jpg,منتج Hazem19792019_6246,أخرى,f8f0c83fbf3030ff,يوجد صور متطابقة/متشابهة بصرياً
5707,Hazem19792019_6247.jpg,منتج Hazem19792019_6247,أخرى,1ff083bfbf3101ff,يوجد صور متطابقة/متشابهة بصرياً
5708,Hazem19792019_6248.jpg,منتج Hazem19792019_6248,أخرى,ff830081e09f83ff,يوجد صور متطابقة/متشابهة بصرياً
5709,Hazem19792019_6249.jpg,منتج Hazem19792019_6249,أخرى,87808080ff1f38ff,يوجد صور متطابقة/متشابهة بصرياً
5710,Hazem19792019_625.jpg,منتج Hazem19792019_625,أخرى,0301ffffff170303,
5711,Hazem19792019_6250.jpg,منتج Hazem19792019_6250,أخرى,ff050f0ff3f9b0ff,يوجد صور متطابقة/متشابهة بصرياً
5712,Hazem19792019_6251.jpg,منتج Hazem19792019_6251,أخرى,9f9d9d99999f9fff,يوجد صور متطابقة/متشابهة بصرياً
5713,Hazem19792019_6252.jpg,منتج Hazem19792019_6252,أخرى,9f4f7e7f6f03e383,
5714,Hazem19792019_6253.jpg,منتج Hazem19792019_6253,أخرى,ff87e38787867e06,يوجد صور متطابقة/متشابهة بصرياً
5715,Hazem19792019_6254.jpg,منتج Hazem19792019_6254,أخرى,ede9bfbf8b2321a0,يوجد صور متطابقة/متشابهة بصرياً
5716,Hazem19792019_6255.jpg,منتج Hazem19792019_6255,أخرى,f7d2d3d393838202,
5717,Hazem19792019_6256.jpg,منتج Hazem19792019_6256,أخرى,fffffdcf0f0f0300,
5718,Hazem19792019_6257.jpg,منتج Hazem19792019_6257,أخرى,ff2719cc1c08013f,
5719,Hazem19792019_6258.jpg,منتج Hazem19792019_6258,أخرى,fb306cf2333c243f,يوجد صور متطابقة/متشابهة بصرياً
5720,Hazem19792019_6259.jpg,منتج Hazem19792019_6259,أخرى,ffc3c3c3c3c3e7ff,
5721,Hazem19792019_626.jpg,منتج Hazem19792019_626,أخرى,1f09c381fbcfc783,
5722,Hazem19792019_6260.jpg,منتج Hazem19792019_6260,أخرى,0020bfdfdbdade81,
5723,Hazem19792019_6261.jpg,منتج Hazem19792019_6261,أخرى,60e0e9e9e1696968,يوجد صور متطابقة/متشابهة بصرياً
5724,Hazem19792019_6262.jpg,منتج Hazem19792019_6262,أخرى,000107dfc3e3ffbf,يوجد صور متطابقة/متشابهة بصرياً
5725,Hazem19792019_6263.jpg,منتج Hazem19792019_6263,أخرى,cfcfdfd1e0e7e0e0,يوجد صور متطابقة/متشابهة بصرياً
5726,Hazem19792019_6264.jpg,منتج Hazem19792019_6264,أخرى,f8ff0d0878701858,
5727,Hazem19792019_6265.jpg,منتج Hazem19792019_6265,أخرى,f7f1f1f119091fff,يوجد صور متطابقة/متشابهة بصرياً
5728,Hazem19792019_6266.jpg,منتج Hazem19792019_6266,أخرى,00f0f83cfe3937ff,
5729,Hazem19792019_6267.jpg,منتج Hazem19792019_6267,أخرى,707070703e7e7e70,
5730,Hazem19792019_6268.jpg,منتج Hazem19792019_6268,أخرى,3fbd85fd1d0d0dfc,يوجد صور متطابقة/متشابهة بصرياً
5731,Hazem19792019_6269.jpg,منتج Hazem19792019_6269,أخرى,ffa7a7a333b989ff,يوجد صور متطابقة/متشابهة بصرياً
5732,Hazem19792019_627.jpg,منتج Hazem19792019_627,أخرى,87c78fffe3bf0101,
5733,Hazem19792019_6270.jpg,منتج Hazem19792019_6270,أخرى,fff1f1d1818181f9,يوجد صور متطابقة/متشابهة بصرياً
5734,Hazem19792019_6271.jpg,منتج Hazem19792019_6271,أخرى,1f1f0d2d0fdfcfcc,يوجد صور متطابقة/متشابهة بصرياً
5735,Hazem19792019_6272.jpg,منتج Hazem19792019_6272,أخرى,f8f0c83fbf3030ff,يوجد صور متطابقة/متشابهة بصرياً
5736,Hazem19792019_6273.jpg,منتج Hazem19792019_6273,أخرى,1ff083bfbf3101ff,يوجد صور متطابقة/متشابهة بصرياً
5737,Hazem19792019_6274.jpg,منتج Hazem19792019_6274,أخرى,0f9fd9997676723c,يوجد صور متطابقة/متشابهة بصرياً
5738,Hazem19792019_6275.jpg,منتج Hazem19792019_6275,أخرى,00181fbf3f3fdbff,يوجد صور متطابقة/متشابهة بصرياً
5739,Hazem19792019_6276.jpg,منتج Hazem19792019_6276,أخرى,3ce4f4fcbcbdf4fc,يوجد صور متطابقة/متشابهة بصرياً
5740,Hazem19792019_6277.jpg,منتج Hazem19792019_6277,أخرى,421a1b030b6b2383,يوجد صور متطابقة/متشابهة بصرياً
5741,Hazem19792019_6278.jpg,منتج Hazem19792019_6278,أخرى,ff120000302487fe,يوجد صور متطابقة/متشابهة بصرياً
5742,Hazem19792019_6279.jpg,منتج Hazem19792019_6279,أخرى,ffffff81811181ff,يوجد صور متطابقة/متشابهة بصرياً
5743,Hazem19792019_628.jpg,منتج Hazem19792019_628,أخرى,f1f1fbe1fffb0008,
5744,Hazem19792019_6280.jpg,منتج Hazem19792019_6280,أخرى,a1a5a4ec78303000,يوجد صور متطابقة/متشابهة بصرياً
5745,Hazem19792019_6281.jpg,منتج Hazem19792019_6281,أخرى,fbe1838080c1cfff,يوجد صور متطابقة/متشابهة بصرياً
5746,Hazem19792019_6282.jpg,منتج Hazem19792019_6282,أخرى,1fa3e3fb191b13f3,يوجد صور متطابقة/متشابهة بصرياً
5747,Hazem19792019_6283.jpg,منتج Hazem19792019_6283,أخرى,00000083ffffffff,يوجد صور متطابقة/متشابهة بصرياً
5748,Hazem19792019_6284.jpg,منتج Hazem19792019_6284,أخرى,df1f1f1c18181fff,يوجد صور متطابقة/متشابهة بصرياً
5749,Hazem19792019_6285.jpg,منتج Hazem19792019_6285,أخرى,3ffcf417141f171f,يوجد صور متطابقة/متشابهة بصرياً
5750,Hazem19792019_6286.jpg,منتج Hazem19792019_6286,أخرى,ffffebe93981e1f3,يوجد صور متطابقة/متشابهة بصرياً
5751,Hazem19792019_6287.jpg,منتج Hazem19792019_6287,أخرى,ff838387870903f7,يوجد صور متطابقة/متشابهة بصرياً
5752,Hazem19792019_6288.jpg,منتج Hazem19792019_6288,أخرى,7e7e7e5e3e627200,يوجد صور متطابقة/متشابهة بصرياً
5753,Hazem19792019_6289.jpg,منتج Hazem19792019_6289,أخرى,0001e1c9fefeffff,
5754,Hazem19792019_629.jpg,منتج Hazem19792019_629,أخرى,e3018383898fffc3,
5755,Hazem19792019_6290.jpg,منتج Hazem19792019_6290,أخرى,3f7fe341f86dcfcf,يوجد صور متطابقة/متشابهة بصرياً
5756,Hazem19792019_6291.jpg,منتج Hazem19792019_6291,أخرى,e7e7e7c1c48187ff,
5757,Hazem19792019_6292.jpg,منتج Hazem19792019_6292,أخرى,ef83c3ffffffe7e7,يوجد صور متطابقة/متشابهة بصرياً
5758,Hazem19792019_6293.jpg,منتج Hazem19792019_6293,أخرى,f9c18998ff1999df,يوجد صور متطابقة/متشابهة بصرياً
5759,Hazem19792019_6294.jpg,منتج Hazem19792019_6294,أخرى,78f8f8783033d301,يوجد صور متطابقة/متشابهة بصرياً
5760,Hazem19792019_6295.jpg,منتج Hazem19792019_6295,أخرى,0f031fcfcf8785ff,يوجد صور متطابقة/متشابهة بصرياً
5761,Hazem19792019_6296.jpg,منتج Hazem19792019_6296,أخرى,ff3c383870b8f8fe,يوجد صور متطابقة/متشابهة بصرياً
5762,Hazem19792019_6297.jpg,منتج Hazem19792019_6297,أخرى,1b31f0b21f07f8fe,
5763,Hazem19792019_6298.jpg,منتج Hazem19792019_6298,أخرى,3fdf8181819f81fd,يوجد صور متطابقة/متشابهة بصرياً
5764,Hazem19792019_6299.jpg,منتج Hazem19792019_6299,أخرى,bfcf8183819f81fd,يوجد صور متطابقة/متشابهة بصرياً
5765,Hazem19792019_63.jpg,منتج Hazem19792019_63,أخرى,ffffe7e7c4c6c480,يوجد صور متطابقة/متشابهة بصرياً
5766,Hazem19792019_630.jpg,منتج Hazem19792019_630,أخرى,001c3e7c7e2f0f03,
5767,Hazem19792019_6300.jpg,منتج Hazem19792019_6300,أخرى,fff9d9e1c1c1c1f3,يوجد صور متطابقة/متشابهة بصرياً
5768,Hazem19792019_6301.jpg,منتج Hazem19792019_6301,أخرى,f3c3838383c3cbc3,يوجد صور متطابقة/متشابهة بصرياً
5769,Hazem19792019_6302.jpg,منتج Hazem19792019_6302,أخرى,bfffe7928080b8fd,يوجد صور متطابقة/متشابهة بصرياً
5770,Hazem19792019_6303.jpg,منتج Hazem19792019_6303,أخرى,3fff864f4fcf0ffc,يوجد صور متطابقة/متشابهة بصرياً
5771,Hazem19792019_6304.jpg,منتج Hazem19792019_6304,أخرى,3ffdfc1c888189fc,يوجد صور متطابقة/متشابهة بصرياً
5772,Hazem19792019_6305.jpg,منتج Hazem19792019_6305,أخرى,bd0c0cbca4bcbcbc,
5773,Hazem19792019_6306.jpg,منتج Hazem19792019_6306,أخرى,bd0d8dbd2db5b5b9,يوجد صور متطابقة/متشابهة بصرياً
5774,Hazem19792019_6307.jpg,منتج Hazem19792019_6307,أخرى,1fbd818dddcd8d6c,
5775,Hazem19792019_6308.jpg,منتج Hazem19792019_6308,أخرى,3ffd949c8c9c9dfd,يوجد صور متطابقة/متشابهة بصرياً
5776,Hazem19792019_6309.jpg,منتج Hazem19792019_6309,أخرى,30f803f2baa2bfbd,يوجد صور متطابقة/متشابهة بصرياً
5777,Hazem19792019_631.jpg,منتج Hazem19792019_631,أخرى,0101012d3f7fffff,يوجد صور متطابقة/متشابهة بصرياً
5778,Hazem19792019_6310.jpg,منتج Hazem19792019_6310,أخرى,0fff301199f9c9c9,يوجد صور متطابقة/متشابهة بصرياً
5779,Hazem19792019_6311.jpg,منتج Hazem19792019_6311,أخرى,bf800000fff981ff,يوجد صور متطابقة/متشابهة بصرياً
5780,Hazem19792019_6312.jpg,منتج Hazem19792019_6312,أخرى,a0b8acbcff8f0381,يوجد صور متطابقة/متشابهة بصرياً
5781,Hazem19792019_6313.jpg,منتج Hazem19792019_6313,أخرى,e08080e3ff3f8ce7,يوجد صور متطابقة/متشابهة بصرياً
5782,Hazem19792019_6314.jpg,منتج Hazem19792019_6314,أخرى,fb88f0b0b08d0fff,
5783,Hazem19792019_6315.jpg,منتج Hazem19792019_6315,أخرى,fcec00efe1a0e0e1,
5784,Hazem19792019_6316.jpg,منتج Hazem19792019_6316,أخرى,03071b1f173a6a07,
5785,Hazem19792019_6318.jpg,منتج Hazem19792019_6318,أخرى,f78383f312f3f75f,يوجد صور متطابقة/متشابهة بصرياً
5786,Hazem19792019_6319.jpg,منتج Hazem19792019_6319,أخرى,ff79ffe3a0c001f3,
5787,Hazem19792019_632.jpg,منتج Hazem19792019_632,أخرى,0000387b7b7ffe00,
5788,Hazem19792019_6320.jpg,منتج Hazem19792019_6320,أخرى,fed400c387e705bf,يوجد صور متطابقة/متشابهة بصرياً
5789,Hazem19792019_6321.jpg,منتج Hazem19792019_6321,أخرى,00cf07e7d1d7f000,يوجد صور متطابقة/متشابهة بصرياً
5790,Hazem19792019_6322.jpg,منتج Hazem19792019_6322,أخرى,ffcbcbc9c9cbcbff,يوجد صور متطابقة/متشابهة بصرياً
5791,Hazem19792019_6323.jpg,منتج Hazem19792019_6323,أخرى,ff9f878181c1d5ff,يوجد صور متطابقة/متشابهة بصرياً
5792,Hazem19792019_6325.jpg,منتج Hazem19792019_6325,أخرى,b7df96060c4c0c03,
5793,Hazem19792019_6326.jpg,منتج Hazem19792019_6326,أخرى,ff3979304bc8e9e7,يوجد صور متطابقة/متشابهة بصرياً
5794,Hazem19792019_6327.jpg,منتج Hazem19792019_6327,أخرى,e001282838c7ffff,يوجد صور متطابقة/متشابهة بصرياً
5795,Hazem19792019_6328.jpg,منتج Hazem19792019_6328,أخرى,7f7f3fbfbf80c0d3,يوجد صور متطابقة/متشابهة بصرياً
5796,Hazem19792019_6329.jpg,منتج Hazem19792019_6329,أخرى,f9f143dfbc0d0b3a,يوجد صور متطابقة/متشابهة بصرياً
5797,Hazem19792019_633.jpg,منتج Hazem19792019_633,أخرى,0c7c767c7c7c7c7c,
5798,Hazem19792019_6330.jpg,منتج Hazem19792019_6330,أخرى,fff1c100c083cfff,
5799,Hazem19792019_6331.jpg,منتج Hazem19792019_6331,أخرى,8f8f9f83818181ff,يوجد صور متطابقة/متشابهة بصرياً
5800,Hazem19792019_6332.jpg,منتج Hazem19792019_6332,أخرى,ffff91808013ffff,يوجد صور متطابقة/متشابهة بصرياً
5801,Hazem19792019_6333.jpg,منتج Hazem19792019_6333,أخرى,ffe3e3903c65cfff,يوجد صور متطابقة/متشابهة بصرياً
5802,Hazem19792019_6334.jpg,منتج Hazem19792019_6334,أخرى,fcfd8989f8810107,
5803,Hazem19792019_6335.jpg,منتج Hazem19792019_6335,أخرى,f0f89c8cbc8c8cfc,يوجد صور متطابقة/متشابهة بصرياً
5804,Hazem19792019_6336.jpg,منتج Hazem19792019_6336,أخرى,8f0f80940787c3fb,يوجد صور متطابقة/متشابهة بصرياً
5805,Hazem19792019_6337.jpg,منتج Hazem19792019_6337,أخرى,ede9bfbf8b2321a0,يوجد صور متطابقة/متشابهة بصرياً
5806,Hazem19792019_6338.jpg,منتج Hazem19792019_6338,أخرى,ff3133beb8bee680,يوجد صور متطابقة/متشابهة بصرياً
5807,Hazem19792019_6339.jpg,منتج Hazem19792019_6339,أخرى,e78785cbc7008fff,يوجد صور متطابقة/متشابهة بصرياً
5808,Hazem19792019_634.jpg,منتج Hazem19792019_634,أخرى,fcffff0706060620,
5809,Hazem19792019_6340.jpg,منتج Hazem19792019_6340,أخرى,ff9f878587c7e79b,
5810,Hazem19792019_6341.jpg,منتج Hazem19792019_6341,أخرى,ff0000eaff027aff,يوجد صور متطابقة/متشابهة بصرياً
5811,Hazem19792019_6342.jpg,منتج Hazem19792019_6342,أخرى,e0e72438a5f7ffdf,يوجد صور متطابقة/متشابهة بصرياً
5812,Hazem19792019_6343.jpg,منتج Hazem19792019_6343,أخرى,fe0040fefefef2ff,يوجد صور متطابقة/متشابهة بصرياً
5813,Hazem19792019_6344.jpg,منتج Hazem19792019_6344,أخرى,ff948383089f97ff,يوجد صور متطابقة/متشابهة بصرياً
5814,Hazem19792019_6345.jpg,منتج Hazem19792019_6345,أخرى,fdf9d9f8f8f0f8ff,يوجد صور متطابقة/متشابهة بصرياً
5815,Hazem19792019_6346.jpg,منتج Hazem19792019_6346,أخرى,0003e86a6c64ef60,
5816,Hazem19792019_6347.jpg,منتج Hazem19792019_6347,أخرى,9fcddf8911b80018,يوجد صور متطابقة/متشابهة بصرياً
5817,Hazem19792019_6348.jpg,منتج Hazem19792019_6348,أخرى,f9c18998ff1999df,يوجد صور متطابقة/متشابهة بصرياً
5818,Hazem19792019_6349.jpg,منتج Hazem19792019_6349,أخرى,f3ef8787d1f1d9ff,يوجد صور متطابقة/متشابهة بصرياً
5819,Hazem19792019_635.jpg,منتج Hazem19792019_635,أخرى,ffffffff1c000000,
5820,Hazem19792019_6350.jpg,منتج Hazem19792019_6350,أخرى,ff87e38787867e06,يوجد صور متطابقة/متشابهة بصرياً
5821,Hazem19792019_6351.jpg,منتج Hazem19792019_6351,أخرى,9fcddf8911b80018,يوجد صور متطابقة/متشابهة بصرياً
5822,Hazem19792019_6352.jpg,منتج Hazem19792019_6352,أخرى,0000eeff99999f7c,
5823,Hazem19792019_6353.jpg,منتج Hazem19792019_6353,أخرى,40c40f0e0e0e2cfe,يوجد صور متطابقة/متشابهة بصرياً
5824,Hazem19792019_6354.jpg,منتج Hazem19792019_6354,أخرى,000107dfc3e3ffbf,يوجد صور متطابقة/متشابهة بصرياً
5825,Hazem19792019_6355.jpg,منتج Hazem19792019_6355,أخرى,fff7eb83c3811911,يوجد صور متطابقة/متشابهة بصرياً
5826,Hazem19792019_6356.jpg,منتج Hazem19792019_6356,أخرى,dfc7c7c7c7e6e6c1,يوجد صور متطابقة/متشابهة بصرياً
5827,Hazem19792019_6357.jpg,منتج Hazem19792019_6357,أخرى,cfcfdfd1e0e7e0e0,يوجد صور متطابقة/متشابهة بصرياً
5828,Hazem19792019_6358.jpg,منتج Hazem19792019_6358,أخرى,fbe1838080c1cfff,يوجد صور متطابقة/متشابهة بصرياً
5829,Hazem19792019_6359.jpg,منتج Hazem19792019_6359,أخرى,1f1f0d2d0fdfcfcc,يوجد صور متطابقة/متشابهة بصرياً
5830,Hazem19792019_636.jpg,منتج Hazem19792019_636,أخرى,7fffc7c7fffe1000,
5831,Hazem19792019_6360.jpg,منتج Hazem19792019_6360,أخرى,ff9f878181c1d5ff,يوجد صور متطابقة/متشابهة بصرياً
5832,Hazem19792019_6361.jpg,منتج Hazem19792019_6361,أخرى,bd0d8dbd2db5b5b9,يوجد صور متطابقة/متشابهة بصرياً
5833,Hazem19792019_6362.jpg,منتج Hazem19792019_6362,أخرى,3cfc04fc94bc9dfd,
5834,Hazem19792019_6363.jpg,منتج Hazem19792019_6363,أخرى,ffcbcbc9c9cbcbff,يوجد صور متطابقة/متشابهة بصرياً
5835,Hazem19792019_6364.jpg,منتج Hazem19792019_6364,أخرى,e001282838c7ffff,يوجد صور متطابقة/متشابهة بصرياً
5836,Hazem19792019_6365.jpg,منتج Hazem19792019_6365,أخرى,ff3979304bc8e9e7,يوجد صور متطابقة/متشابهة بصرياً
5837,Hazem19792019_6366.jpg,منتج Hazem19792019_6366,أخرى,f9f143dfbc0d0b3a,يوجد صور متطابقة/متشابهة بصرياً
5838,Hazem19792019_6367.jpg,منتج Hazem19792019_6367,أخرى,8f8f9f83818181ff,يوجد صور متطابقة/متشابهة بصرياً
5839,Hazem19792019_6368.jpg,منتج Hazem19792019_6368,أخرى,ffff91808013ffff,يوجد صور متطابقة/متشابهة بصرياً
5840,Hazem19792019_6369.jpg,منتج Hazem19792019_6369,أخرى,7f7f3fbfbf80c0d3,يوجد صور متطابقة/متشابهة بصرياً
5841,Hazem19792019_637.jpg,منتج Hazem19792019_637,أخرى,b3e7c7df7e7c3c00,يوجد صور متطابقة/متشابهة بصرياً
5842,Hazem19792019_6370.jpg,منتج Hazem19792019_6370,أخرى,9ffcfc04f47921fd,يوجد صور متطابقة/متشابهة بصرياً
5843,Hazem19792019_6371.jpg,منتج Hazem19792019_6371,أخرى,ffe3e3903c65cfff,يوجد صور متطابقة/متشابهة بصرياً
5844,Hazem19792019_6372.jpg,منتج Hazem19792019_6372,أخرى,fff9d9e1c1c1c1f3,يوجد صور متطابقة/متشابهة بصرياً
5845,Hazem19792019_6373.jpg,منتج Hazem19792019_6373,أخرى,3ffdfc1c888189fc,يوجد صور متطابقة/متشابهة بصرياً
5846,Hazem19792019_6374.jpg,منتج Hazem19792019_6374,أخرى,3fff864f4fcf0ffc,يوجد صور متطابقة/متشابهة بصرياً
5847,Hazem19792019_6375.jpg,منتج Hazem19792019_6375,أخرى,bfffe7928080b8fd,يوجد صور متطابقة/متشابهة بصرياً
5848,Hazem19792019_6377.jpg,منتج Hazem19792019_6377,أخرى,1fbf8dbc1d0d0dfc,
5849,Hazem19792019_6378.jpg,منتج Hazem19792019_6378,أخرى,1fbf0cbc1c0c0cfc,يوجد صور متطابقة/متشابهة بصرياً
5850,Hazem19792019_6379.jpg,منتج Hazem19792019_6379,أخرى,3fdf8181819f81fd,يوجد صور متطابقة/متشابهة بصرياً
5851,Hazem19792019_638.jpg,منتج Hazem19792019_638,أخرى,001f7bf87b7f1000,يوجد صور متطابقة/متشابهة بصرياً
5852,Hazem19792019_6380.jpg,منتج Hazem19792019_6380,أخرى,3ffd849c9c8c8dfd,يوجد صور متطابقة/متشابهة بصرياً
5853,Hazem19792019_6381.jpg,منتج Hazem19792019_6381,أخرى,fff9d9e1c1c1c1f3,يوجد صور متطابقة/متشابهة بصرياً
5854,Hazem19792019_6382.jpg,منتج Hazem19792019_6382,أخرى,bfbd047c341d771d,يوجد صور متطابقة/متشابهة بصرياً
5855,Hazem19792019_6383.jpg,منتج Hazem19792019_6383,أخرى,ffff383838383838,يوجد صور متطابقة/متشابهة بصرياً
5856,Hazem19792019_6384.jpg,منتج Hazem19792019_6384,أخرى,fdfdfda1fc3430b8,
5857,Hazem19792019_6385.jpg,منتج Hazem19792019_6385,أخرى,f9008101ffff8701,يوجد صور متطابقة/متشابهة بصرياً
5858,Hazem19792019_6386.jpg,منتج Hazem19792019_6386,أخرى,3e7f667e74004000,يوجد صور متطابقة/متشابهة بصرياً
5859,Hazem19792019_6387.jpg,منتج Hazem19792019_6387,أخرى,c3818189898989fb,يوجد صور متطابقة/متشابهة بصرياً
5860,Hazem19792019_6388.jpg,منتج Hazem19792019_6388,أخرى,f9008101ffff8701,يوجد صور متطابقة/متشابهة بصرياً
5861,Hazem19792019_6389.jpg,منتج Hazem19792019_6389,أخرى,0fff80e0f03f83e0,يوجد صور متطابقة/متشابهة بصرياً
5862,Hazem19792019_639.jpg,منتج Hazem19792019_639,أخرى,60e6e7f7ff1880c0,
5863,Hazem19792019_6390.jpg,منتج Hazem19792019_6390,أخرى,d10d011fff1fc160,يوجد صور متطابقة/متشابهة بصرياً
5864,Hazem19792019_6391.jpg,منتج Hazem19792019_6391,أخرى,bf8e0f0f0d9dedfd,يوجد صور متطابقة/متشابهة بصرياً
5865,Hazem19792019_6392.jpg,منتج Hazem19792019_6392,أخرى,f7e08aaec0e0a0f8,
5866,Hazem19792019_6393.jpg,منتج Hazem19792019_6393,أخرى,e7c3c787c7c7c7c7,يوجد صور متطابقة/متشابهة بصرياً
5867,Hazem19792019_6394.jpg,منتج Hazem19792019_6394,أخرى,ffcf8f8f8d8d8f8f,يوجد صور متطابقة/متشابهة بصرياً
5868,Hazem19792019_6395.jpg,منتج Hazem19792019_6395,أخرى,ffcfcba190c1e7ff,يوجد صور متطابقة/متشابهة بصرياً
5869,Hazem19792019_6396.jpg,منتج Hazem19792019_6396,أخرى,71f379f3d343c0f0,يوجد صور متطابقة/متشابهة بصرياً
5870,Hazem19792019_6397.jpg,منتج Hazem19792019_6397,أخرى,fff9210000858fff,
5871,Hazem19792019_6398.jpg,منتج Hazem19792019_6398,أخرى,ffcfcba190c1e7ff,يوجد صور متطابقة/متشابهة بصرياً
5872,Hazem19792019_6399.jpg,منتج Hazem19792019_6399,أخرى,fff7eb83c3811911,يوجد صور متطابقة/متشابهة بصرياً
5873,Hazem19792019_64.jpg,منتج Hazem19792019_64,أخرى,e0c03cffff706000,
5874,Hazem19792019_640.jpg,منتج Hazem19792019_640,أخرى,007efefefefe7e00,
5875,Hazem19792019_6400.jpg,منتج Hazem19792019_6400,أخرى,4001070f1f3f1f1f,يوجد صور متطابقة/متشابهة بصرياً
5876,Hazem19792019_6402.jpg,منتج Hazem19792019_6402,أخرى,00c0c04e7c7881e7,يوجد صور متطابقة/متشابهة بصرياً
5877,Hazem19792019_6403.jpg,منتج Hazem19792019_6403,أخرى,f0010f7f4f0f0f0f,يوجد صور متطابقة/متشابهة بصرياً
5878,Hazem19792019_6404.jpg,منتج Hazem19792019_6404,أخرى,fed400c387e705bf,يوجد صور متطابقة/متشابهة بصرياً
5879,Hazem19792019_6405.jpg,منتج Hazem19792019_6405,أخرى,e7e7c30000ff8f81,
5880,Hazem19792019_6406.jpg,منتج Hazem19792019_6406,أخرى,7c3f0f1f171d801f,
5881,Hazem19792019_6407.jpg,منتج Hazem19792019_6407,أخرى,ffffffe3e38180f9,يوجد صور متطابقة/متشابهة بصرياً
5882,Hazem19792019_6408.jpg,منتج Hazem19792019_6408,أخرى,7c5bb7e393f2c08d,يوجد صور متطابقة/متشابهة بصرياً
5883,Hazem19792019_6409.jpg,منتج Hazem19792019_6409,أخرى,003c38707e7e7eff,يوجد صور متطابقة/متشابهة بصرياً
5884,Hazem19792019_641.jpg,منتج Hazem19792019_641,أخرى,c0fc7cfcfcfc7870,
5885,Hazem19792019_6410.jpg,منتج Hazem19792019_6410,أخرى,f8ff0d0878701058,
5886,Hazem19792019_6411.jpg,منتج Hazem19792019_6411,أخرى,0000ffe7fffb8100,يوجد صور متطابقة/متشابهة بصرياً
5887,Hazem19792019_6412.jpg,منتج Hazem19792019_6412,أخرى,ffb09809090d6dff,
5888,Hazem19792019_6413.jpg,منتج Hazem19792019_6413,أخرى,6f6fef0f0f4f4f01,
5889,Hazem19792019_6414.jpg,منتج Hazem19792019_6414,أخرى,003c3c7cf2c1feb0,
5890,Hazem19792019_6415.jpg,منتج Hazem19792019_6415,أخرى,ffe0a0e0e0e0e1e3,
5891,Hazem19792019_6416.jpg,منتج Hazem19792019_6416,أخرى,01fcfc90f0e0e0e3,يوجد صور متطابقة/متشابهة بصرياً
5892,Hazem19792019_6417.jpg,منتج Hazem19792019_6417,أخرى,f8e2c2c3c38390f0,يوجد صور متطابقة/متشابهة بصرياً
5893,Hazem19792019_6418.jpg,منتج Hazem19792019_6418,أخرى,003c7e7e7f6c68c8,يوجد صور متطابقة/متشابهة بصرياً
5894,Hazem19792019_6419.jpg,منتج Hazem19792019_6419,أخرى,01296b6b3b3b3f3f,
5895,Hazem19792019_642.jpg,منتج Hazem19792019_642,أخرى,1e3878787e7e7e7c,
5896,Hazem19792019_6420.jpg,منتج Hazem19792019_6420,أخرى,007e7c3c3c13e7e7,
5897,Hazem19792019_6421.jpg,منتج Hazem19792019_6421,أخرى,0fdbd0f4f6d4f8e0,
5898,Hazem19792019_6422.jpg,منتج Hazem19792019_6422,أخرى,00fdfdfd151d9d9d,يوجد صور متطابقة/متشابهة بصرياً
5899,Hazem19792019_6423.jpg,منتج Hazem19792019_6423,أخرى,7fff81819fffe3e3,يوجد صور متطابقة/متشابهة بصرياً
5900,Hazem19792019_6424.jpg,منتج Hazem19792019_6424,أخرى,5f0f9f0707040cbf,يوجد صور متطابقة/متشابهة بصرياً
5901,Hazem19792019_6425.jpg,منتج Hazem19792019_6425,أخرى,e41ffc242c2c1fbc,يوجد صور متطابقة/متشابهة بصرياً
5902,Hazem19792019_6426.jpg,منتج Hazem19792019_6426,أخرى,bf0dcde5998d8d9d,يوجد صور متطابقة/متشابهة بصرياً
5903,Hazem19792019_6427.jpg,منتج Hazem19792019_6427,أخرى,1ff9f0b9110939f9,يوجد صور متطابقة/متشابهة بصرياً
5904,Hazem19792019_6428.jpg,منتج Hazem19792019_6428,أخرى,0f3f666f66060000,يوجد صور متطابقة/متشابهة بصرياً
5905,Hazem19792019_6429.jpg,منتج Hazem19792019_6429,أخرى,000107dfc3e3ffbf,يوجد صور متطابقة/متشابهة بصرياً
5906,Hazem19792019_643.jpg,منتج Hazem19792019_643,أخرى,f0607efe77400000,يوجد صور متطابقة/متشابهة بصرياً
5907,Hazem19792019_6430.jpg,منتج Hazem19792019_6430,أخرى,7efce0fcf0000678,
5908,Hazem19792019_6431.jpg,منتج Hazem19792019_6431,أخرى,bfcf8183819f81fd,يوجد صور متطابقة/متشابهة بصرياً
5909,Hazem19792019_6432.jpg,منتج Hazem19792019_6432,أخرى,df9b1b090d010101,يوجد صور متطابقة/متشابهة بصرياً
5910,Hazem19792019_6433.jpg,منتج Hazem19792019_6433,أخرى,df9b1b090d010101,يوجد صور متطابقة/متشابهة بصرياً
5911,Hazem19792019_6434.jpg,منتج Hazem19792019_6434,أخرى,ede9bfbf8b2321a0,يوجد صور متطابقة/متشابهة بصرياً
5912,Hazem19792019_6435.jpg,منتج Hazem19792019_6435,أخرى,ff0105858787878f,يوجد صور متطابقة/متشابهة بصرياً
5913,Hazem19792019_6436.jpg,منتج Hazem19792019_6436,أخرى,ffff0105070705bf,يوجد صور متطابقة/متشابهة بصرياً
5914,Hazem19792019_6437.jpg,منتج Hazem19792019_6437,أخرى,fdf9d9f8f8f0f8ff,يوجد صور متطابقة/متشابهة بصرياً
5915,Hazem19792019_6438.jpg,منتج Hazem19792019_6438,أخرى,c0fed690989bdf80,
5916,Hazem19792019_6439.jpg,منتج Hazem19792019_6439,أخرى,1f0f015f333f0f1f,يوجد صور متطابقة/متشابهة بصرياً
5917,Hazem19792019_644.jpg,منتج Hazem19792019_644,أخرى,007efee66e000000,يوجد صور متطابقة/متشابهة بصرياً
5918,Hazem19792019_6440.jpg,منتج Hazem19792019_6440,أخرى,dfc7c7c7c7e6e6c1,يوجد صور متطابقة/متشابهة بصرياً
5919,Hazem19792019_6441.jpg,منتج Hazem19792019_6441,أخرى,bdfc9d3cd4fc04c0,
5920,Hazem19792019_6442.jpg,منتج Hazem19792019_6442,أخرى,bcbcb4b4bfbc3c3c,
5921,Hazem19792019_6443.jpg,منتج Hazem19792019_6443,أخرى,c1f0d8c9fcffc0c0,
5922,Hazem19792019_6444.jpg,منتج Hazem19792019_6444,أخرى,7f3f2727e72d01c1,
5923,Hazem19792019_6445.jpg,منتج Hazem19792019_6445,أخرى,fffff7333fc3e120,
5924,Hazem19792019_6446.jpg,منتج Hazem19792019_6446,أخرى,f9f9fd6c7cfc3c00,
5925,Hazem19792019_6447.jpg,منتج Hazem19792019_6447,أخرى,dcdbcbdacac8c141,
5926,Hazem19792019_6448.jpg,منتج Hazem19792019_6448,أخرى,00fff6777f000000,
5927,Hazem19792019_6449.jpg,منتج Hazem19792019_6449,أخرى,ffc38081fcf9e9fe,يوجد صور متطابقة/متشابهة بصرياً
5928,Hazem19792019_645.jpg,منتج Hazem19792019_645,أخرى,1c9cff6077682080,
5929,Hazem19792019_6450.jpg,منتج Hazem19792019_6450,أخرى,ffffffe3e38180f9,يوجد صور متطابقة/متشابهة بصرياً
5930,Hazem19792019_6451.jpg,منتج Hazem19792019_6451,أخرى,efc7c7c7818181f9,
5931,Hazem19792019_6452.jpg,منتج Hazem19792019_6452,أخرى,7c5bb7e393f2c08d,يوجد صور متطابقة/متشابهة بصرياً
5932,Hazem19792019_6453.jpg,منتج Hazem19792019_6453,أخرى,30f373000bffff60,
5933,Hazem19792019_6454.jpg,منتج Hazem19792019_6454,أخرى,9fcddf8911b80018,يوجد صور متطابقة/متشابهة بصرياً
5934,Hazem19792019_6455.jpg,منتج Hazem19792019_6455,أخرى,bf8e0f0f0d9dedfd,يوجد صور متطابقة/متشابهة بصرياً
5935,Hazem19792019_6457.jpg,منتج Hazem19792019_6457,أخرى,0fff80e0f03f83e0,يوجد صور متطابقة/متشابهة بصرياً
5936,Hazem19792019_6458.jpg,منتج Hazem19792019_6458,أخرى,f9008101ffff8701,يوجد صور متطابقة/متشابهة بصرياً
5937,Hazem19792019_6459.jpg,منتج Hazem19792019_6459,أخرى,c3818189898989fb,يوجد صور متطابقة/متشابهة بصرياً
5938,Hazem19792019_646.jpg,منتج Hazem19792019_646,أخرى,023bfffcff80c0e0,
5939,Hazem19792019_6460.jpg,منتج Hazem19792019_6460,أخرى,bfbd047c341d771d,يوجد صور متطابقة/متشابهة بصرياً
5940,Hazem19792019_6461.jpg,منتج Hazem19792019_6461,أخرى,ffff383838383838,يوجد صور متطابقة/متشابهة بصرياً
5941,Hazem19792019_6462.jpg,منتج Hazem19792019_6462,أخرى,00c0c04e7c7881e7,يوجد صور متطابقة/متشابهة بصرياً
5942,Hazem19792019_6463.jpg,منتج Hazem19792019_6463,أخرى,7fff81819fffe3e3,يوجد صور متطابقة/متشابهة بصرياً
5943,Hazem19792019_6464.jpg,منتج Hazem19792019_6464,أخرى,00fdfdfd151d9d9d,يوجد صور متطابقة/متشابهة بصرياً
5944,Hazem19792019_6465.jpg,منتج Hazem19792019_6465,أخرى,e41ffc242c2c1fbc,يوجد صور متطابقة/متشابهة بصرياً
5945,Hazem19792019_6466.jpg,منتج Hazem19792019_6466,أخرى,5f0f9f0707040cbf,يوجد صور متطابقة/متشابهة بصرياً
5946,Hazem19792019_6467.jpg,منتج Hazem19792019_6467,أخرى,bf0dcde5998d8d9d,يوجد صور متطابقة/متشابهة بصرياً
5947,Hazem19792019_6468.jpg,منتج Hazem19792019_6468,أخرى,0f3f666f66060000,يوجد صور متطابقة/متشابهة بصرياً
5948,Hazem19792019_6469.jpg,منتج Hazem19792019_6469,أخرى,1ff9f0b9110939f9,يوجد صور متطابقة/متشابهة بصرياً
5949,Hazem19792019_647.jpg,منتج Hazem19792019_647,أخرى,7e7fffc7c7c70300,
5950,Hazem19792019_6470.jpg,منتج Hazem19792019_6470,أخرى,ff878181efafa3bf,
5951,Hazem19792019_6471.jpg,منتج Hazem19792019_6471,أخرى,be3f3f3f3e362320,
5952,Hazem19792019_6472.jpg,منتج Hazem19792019_6472,أخرى,017f7f7f3f7f0100,
5953,Hazem19792019_6473.jpg,منتج Hazem19792019_6473,أخرى,ffc7c38181818187,يوجد صور متطابقة/متشابهة بصرياً
5954,Hazem19792019_6474.jpg,منتج Hazem19792019_6474,أخرى,ffff0105070705bf,يوجد صور متطابقة/متشابهة بصرياً
5955,Hazem19792019_6475.jpg,منتج Hazem19792019_6475,أخرى,ffc38081fcf9e9fe,يوجد صور متطابقة/متشابهة بصرياً
5956,Hazem19792019_6476.jpg,منتج Hazem19792019_6476,أخرى,c1c3d3d3f171f7f7,يوجد صور متطابقة/متشابهة بصرياً
5957,Hazem19792019_6477.jpg,منتج Hazem19792019_6477,أخرى,9f9d9d99999f9fff,يوجد صور متطابقة/متشابهة بصرياً
5958,Hazem19792019_6478.jpg,منتج Hazem19792019_6478,أخرى,fdf9d9f8f8f0f8ff,يوجد صور متطابقة/متشابهة بصرياً
5959,Hazem19792019_6479.jpg,منتج Hazem19792019_6479,أخرى,f1f81f0383c3812f,
5960,Hazem19792019_648.jpg,منتج Hazem19792019_648,أخرى,84ccfefe0c6600f0,
5961,Hazem19792019_6480.jpg,منتج Hazem19792019_6480,أخرى,870f3f797072f043,
5962,Hazem19792019_6481.jpg,منتج Hazem19792019_6481,أخرى,1f1ffff3e1e1e1f3,
5963,Hazem19792019_6482.jpg,منتج Hazem19792019_6482,أخرى,ffff0105070705bf,يوجد صور متطابقة/متشابهة بصرياً
5964,Hazem19792019_6483.jpg,منتج Hazem19792019_6483,أخرى,ffc7c38181818187,يوجد صور متطابقة/متشابهة بصرياً
5965,Hazem19792019_6484.jpg,منتج Hazem19792019_6484,أخرى,f0e0e4040006f6fb,
5966,Hazem19792019_6485.jpg,منتج Hazem19792019_6485,أخرى,1f0f015f333f0f1f,يوجد صور متطابقة/متشابهة بصرياً
5967,Hazem19792019_6486.jpg,منتج Hazem19792019_6486,أخرى,080c1cbd1f2dc7e7,
5968,Hazem19792019_6487.jpg,منتج Hazem19792019_6487,أخرى,0000ffe7fffb8100,يوجد صور متطابقة/متشابهة بصرياً
5969,Hazem19792019_6488.jpg,منتج Hazem19792019_6488,أخرى,f3fbcfffff7f0200,يوجد صور متطابقة/متشابهة بصرياً
5970,Hazem19792019_6489.jpg,منتج Hazem19792019_6489,أخرى,ff7cf971711b0000,
5971,Hazem19792019_649.jpg,منتج Hazem19792019_649,أخرى,0208f8fcfe7e0000,
5972,Hazem19792019_6490.jpg,منتج Hazem19792019_6490,أخرى,ff8181f0f0f1fbff,
5973,Hazem19792019_6491.jpg,منتج Hazem19792019_6491,أخرى,efc3e1e3c783c1e3,
5974,Hazem19792019_6492.jpg,منتج Hazem19792019_6492,أخرى,bf0707078793f3ff,يوجد صور متطابقة/متشابهة بصرياً
5975,Hazem19792019_6493.jpg,منتج Hazem19792019_6493,أخرى,fc7c6c7cfcfc14fc,يوجد صور متطابقة/متشابهة بصرياً
5976,Hazem19792019_6494.jpg,منتج Hazem19792019_6494,أخرى,ffbfbf8f90f0f8ff,يوجد صور متطابقة/متشابهة بصرياً
5977,Hazem19792019_6495.jpg,منتج Hazem19792019_6495,أخرى,ffffefffcf8581e1,يوجد صور متطابقة/متشابهة بصرياً
5978,Hazem19792019_6496.jpg,منتج Hazem19792019_6496,أخرى,7e7f7f0030003e3f,
5979,Hazem19792019_6497.jpg,منتج Hazem19792019_6497,أخرى,fd95d5ff8800c1c1,
5980,Hazem19792019_6498.jpg,منتج Hazem19792019_6498,أخرى,ffffc18090d181df,
5981,Hazem19792019_6499.jpg,منتج Hazem19792019_6499,أخرى,0e4e4eceee7c7c7c,
5982,Hazem19792019_65.jpg,منتج Hazem19792019_65,أخرى,647c7c3c3e343c3f,يوجد صور متطابقة/متشابهة بصرياً
5983,Hazem19792019_650.jpg,منتج Hazem19792019_650,أخرى,0066dfddddff0000,
5984,Hazem19792019_6500.jpg,منتج Hazem19792019_6500,أخرى,e7e1e78787470307,
5985,Hazem19792019_6501.jpg,منتج Hazem19792019_6501,أخرى,fff9c0c074fd03bf,
5986,Hazem19792019_6502.jpg,منتج Hazem19792019_6502,أخرى,1c3c7e6f33c30f0e,
5987,Hazem19792019_6503.jpg,منتج Hazem19792019_6503,أخرى,000f0f3fc7c0031f,يوجد صور متطابقة/متشابهة بصرياً
5988,Hazem19792019_6504.jpg,منتج Hazem19792019_6504,أخرى,000f0f3fc7c0031f,يوجد صور متطابقة/متشابهة بصرياً
5989,Hazem19792019_6505.jpg,منتج Hazem19792019_6505,أخرى,6c7e7e7e66000000,
5990,Hazem19792019_6506.jpg,منتج Hazem19792019_6506,أخرى,06070727a7efe722,
5991,Hazem19792019_6507.jpg,منتج Hazem19792019_6507,أخرى,fdf8e4c08485fcfe,
5992,Hazem19792019_6508.jpg,منتج Hazem19792019_6508,أخرى,4001070f1f3f1f1f,يوجد صور متطابقة/متشابهة بصرياً
5993,Hazem19792019_6509.jpg,منتج Hazem19792019_6509,أخرى,ffe1e1e1e1e1e091,
5994,Hazem19792019_651.jpg,منتج Hazem19792019_651,أخرى,0000819521ff7df9,
5995,Hazem19792019_6510.jpg,منتج Hazem19792019_6510,أخرى,df818080ffffebff,
5996,Hazem19792019_6511.jpg,منتج Hazem19792019_6511,أخرى,bf8f8f8f898881e0,يوجد صور متطابقة/متشابهة بصرياً
5997,Hazem19792019_6512.jpg,منتج Hazem19792019_6512,أخرى,3f01c3c4243fffff,يوجد صور متطابقة/متشابهة بصرياً
5998,Hazem19792019_6513.jpg,منتج Hazem19792019_6513,أخرى,ff838387870903f7,يوجد صور متطابقة/متشابهة بصرياً
5999,Hazem19792019_6514.jpg,منتج Hazem19792019_6514,أخرى,ff0fbf8f8980e1e3,
6000,Hazem19792019_6515.jpg,منتج Hazem19792019_6515,أخرى,8f8dfd8fbf141610,
6001,Hazem19792019_6516.jpg,منتج Hazem19792019_6516,أخرى,7f7b7b5bd9500103,
6002,Hazem19792019_6517.jpg,منتج Hazem19792019_6517,أخرى,3f01c3c4243fffff,يوجد صور متطابقة/متشابهة بصرياً
6003,Hazem19792019_6518.jpg,منتج Hazem19792019_6518,أخرى,1fcfc34fcfcfcf01,
6004,Hazem19792019_6519.jpg,منتج Hazem19792019_6519,أخرى,ff9cbc1c0d0d0dfc,
6005,Hazem19792019_652.jpg,منتج Hazem19792019_652,أخرى,0000207d397e7e38,
6006,Hazem19792019_6520.jpg,منتج Hazem19792019_6520,أخرى,0fff301199f9c9c9,يوجد صور متطابقة/متشابهة بصرياً
6007,Hazem19792019_6521.jpg,منتج Hazem19792019_6521,أخرى,f783038fff039b9f,يوجد صور متطابقة/متشابهة بصرياً
6008,Hazem19792019_6522.jpg,منتج Hazem19792019_6522,أخرى,1f0eecececececcc,
6009,Hazem19792019_6523.jpg,منتج Hazem19792019_6523,أخرى,dbe7eee7e3e3a3f7,يوجد صور متطابقة/متشابهة بصرياً
6010,Hazem19792019_6524.jpg,منتج Hazem19792019_6524,أخرى,70f6f2f6f0f01218,يوجد صور متطابقة/متشابهة بصرياً
6011,Hazem19792019_6525.jpg,منتج Hazem19792019_6525,أخرى,f0f3f1f9fffa0808,يوجد صور متطابقة/متشابهة بصرياً
6012,Hazem19792019_6526.jpg,منتج Hazem19792019_6526,أخرى,f3181cfffdbfb9f8,يوجد صور متطابقة/متشابهة بصرياً
6013,Hazem19792019_6527.jpg,منتج Hazem19792019_6527,أخرى,efcfc3012003c3c3,يوجد صور متطابقة/متشابهة بصرياً
6014,Hazem19792019_6528.jpg,منتج Hazem19792019_6528,أخرى,ffffbfb38180010f,يوجد صور متطابقة/متشابهة بصرياً
6015,Hazem19792019_6529.jpg,منتج Hazem19792019_6529,أخرى,e0e0e2c3c3e3c3e0,يوجد صور متطابقة/متشابهة بصرياً
6016,Hazem19792019_653.jpg,منتج Hazem19792019_653,أخرى,fd984cf9fc641111,يوجد صور متطابقة/متشابهة بصرياً
6017,Hazem19792019_6530.jpg,منتج Hazem19792019_6530,أخرى,e3c3c7c3f7e7c3e3,يوجد صور متطابقة/متشابهة بصرياً
6018,Hazem19792019_6531.jpg,منتج Hazem19792019_6531,أخرى,fcff07070e0e86fc,
6019,Hazem19792019_6532.jpg,منتج Hazem19792019_6532,أخرى,dfc7c7c7c7e6e6c1,يوجد صور متطابقة/متشابهة بصرياً
6020,Hazem19792019_6533.jpg,منتج Hazem19792019_6533,أخرى,fc7c6c7cfcfc14fc,يوجد صور متطابقة/متشابهة بصرياً
6021,Hazem19792019_6534.jpg,منتج Hazem19792019_6534,أخرى,ffc3c7e7c7c0e8f9,يوجد صور متطابقة/متشابهة بصرياً
6022,Hazem19792019_6535.jpg,منتج Hazem19792019_6535,أخرى,f5305050f3f474f4,
6023,Hazem19792019_6536.jpg,منتج Hazem19792019_6536,أخرى,3f0d0d979dc183fc,
6024,Hazem19792019_6537.jpg,منتج Hazem19792019_6537,أخرى,3fbfe11ddd9808cd,
6025,Hazem19792019_6538.jpg,منتج Hazem19792019_6538,أخرى,f8c8fcff3f8decff,يوجد صور متطابقة/متشابهة بصرياً
6026,Hazem19792019_6539.jpg,منتج Hazem19792019_6539,أخرى,007e7e3c7e7e7e7e,يوجد صور متطابقة/متشابهة بصرياً
6027,Hazem19792019_654.jpg,منتج Hazem19792019_654,أخرى,400078fffffc8000,يوجد صور متطابقة/متشابهة بصرياً
6028,Hazem19792019_6540.jpg,منتج Hazem19792019_6540,أخرى,ffffffff7e1c0000,يوجد صور متطابقة/متشابهة بصرياً
6029,Hazem19792019_6541.jpg,منتج Hazem19792019_6541,أخرى,cc8011b7a7b76d4d,يوجد صور متطابقة/متشابهة بصرياً
6030,Hazem19792019_6542.jpg,منتج Hazem19792019_6542,أخرى,ff9b01f1ff9090f9,
6031,Hazem19792019_6543.jpg,منتج Hazem19792019_6543,أخرى,fff0f0f0d0d0cdfd,يوجد صور متطابقة/متشابهة بصرياً
6032,Hazem19792019_6544.jpg,منتج Hazem19792019_6544,أخرى,cf8181c3c38383f1,يوجد صور متطابقة/متشابهة بصرياً
6033,Hazem19792019_6545.jpg,منتج Hazem19792019_6545,أخرى,ff8ef81838080a3f,
6034,Hazem19792019_6546.jpg,منتج Hazem19792019_6546,أخرى,f918f8f8088d9fbd,يوجد صور متطابقة/متشابهة بصرياً
6035,Hazem19792019_6547.jpg,منتج Hazem19792019_6547,أخرى,bd9c8501fde58dfd,
6036,Hazem19792019_6548.jpg,منتج Hazem19792019_6548,أخرى,ffb8a0b8b81898fd,
6037,Hazem19792019_6549.jpg,منتج Hazem19792019_6549,أخرى,7fffb130f0b0b0fd,
6038,Hazem19792019_655.jpg,منتج Hazem19792019_655,أخرى,e0c3c3e7ffff2000,يوجد صور متطابقة/متشابهة بصرياً
6039,Hazem19792019_6550.jpg,منتج Hazem19792019_6550,أخرى,3ff9c0c80808bdfd,
6040,Hazem19792019_6551.jpg,منتج Hazem19792019_6551,أخرى,3ffff8f88808b8fd,يوجد صور متطابقة/متشابهة بصرياً
6041,Hazem19792019_6552.jpg,منتج Hazem19792019_6552,أخرى,ffbf90f0f8b0b0ff,يوجد صور متطابقة/متشابهة بصرياً
6042,Hazem19792019_6553.jpg,منتج Hazem19792019_6553,أخرى,ffffe8c8f8880dcc,يوجد صور متطابقة/متشابهة بصرياً
6043,Hazem19792019_6554.jpg,منتج Hazem19792019_6554,أخرى,8f0f80940787c3fb,يوجد صور متطابقة/متشابهة بصرياً
6044,Hazem19792019_6555.jpg,منتج Hazem19792019_6555,أخرى,0000bf81f9ebfbc7,يوجد صور متطابقة/متشابهة بصرياً
6045,Hazem19792019_6556.jpg,منتج Hazem19792019_6556,أخرى,fff9e18311f0fdff,يوجد صور متطابقة/متشابهة بصرياً
6046,Hazem19792019_6557.jpg,منتج Hazem19792019_6557,أخرى,7ffcfc3c1c1c1c3f,
6047,Hazem19792019_6558.jpg,منتج Hazem19792019_6558,أخرى,07071337f8f8e7c3,
6048,Hazem19792019_6559.jpg,منتج Hazem19792019_6559,أخرى,81019d91b53515ff,يوجد صور متطابقة/متشابهة بصرياً
6049,Hazem19792019_656.jpg,منتج Hazem19792019_656,أخرى,063e3efe4bff1f00,يوجد صور متطابقة/متشابهة بصرياً
6050,Hazem19792019_6560.jpg,منتج Hazem19792019_6560,أخرى,c3a7d1ef8783f9fd,يوجد صور متطابقة/متشابهة بصرياً
6051,Hazem19792019_6561.jpg,منتج Hazem19792019_6561,أخرى,ffff378082fdefff,يوجد صور متطابقة/متشابهة بصرياً
6052,Hazem19792019_6562.jpg,منتج Hazem19792019_6562,أخرى,ffffffe3e3000000,
6053,Hazem19792019_6563.jpg,منتج Hazem19792019_6563,أخرى,cfefd9f8f8f8faf0,
6054,Hazem19792019_6564.jpg,منتج Hazem19792019_6564,أخرى,ffe2e01608091f1f,
6055,Hazem19792019_6565.jpg,منتج Hazem19792019_6565,أخرى,1cffb9e1e1b78903,
6056,Hazem19792019_6566.jpg,منتج Hazem19792019_6566,أخرى,ffff0105070705bf,يوجد صور متطابقة/متشابهة بصرياً
6057,Hazem19792019_6567.jpg,منتج Hazem19792019_6567,أخرى,fd8103458d8f8187,يوجد صور متطابقة/متشابهة بصرياً
6058,Hazem19792019_6568.jpg,منتج Hazem19792019_6568,أخرى,ff850c048d0dc5cf,
6059,Hazem19792019_6569.jpg,منتج Hazem19792019_6569,أخرى,ffff6703030300fc,
6060,Hazem19792019_657.jpg,منتج Hazem19792019_657,أخرى,fefefa783800e0fc,
6061,Hazem19792019_6570.jpg,منتج Hazem19792019_6570,أخرى,ff8f0707070400fd,
6062,Hazem19792019_6571.jpg,منتج Hazem19792019_6571,أخرى,ffef03070080c0e1,
6063,Hazem19792019_6572.jpg,منتج Hazem19792019_6572,أخرى,0f3fff3d11070707,يوجد صور متطابقة/متشابهة بصرياً
6064,Hazem19792019_6573.jpg,منتج Hazem19792019_6573,أخرى,3ffcc0e3bc1f1d1f,يوجد صور متطابقة/متشابهة بصرياً
6065,Hazem19792019_6574.jpg,منتج Hazem19792019_6574,أخرى,08053733131f5d9f,يوجد صور متطابقة/متشابهة بصرياً
6066,Hazem19792019_6575.jpg,منتج Hazem19792019_6575,أخرى,02c0fafae2a2ef06,
6067,Hazem19792019_6576.jpg,منتج Hazem19792019_6576,أخرى,1ffb999999199989,يوجد صور متطابقة/متشابهة بصرياً
6068,Hazem19792019_6577.jpg,منتج Hazem19792019_6577,أخرى,8080eda783cd73fb,يوجد صور متطابقة/متشابهة بصرياً
6069,Hazem19792019_6578.jpg,منتج Hazem19792019_6578,أخرى,87070018bbdb9707,يوجد صور متطابقة/متشابهة بصرياً
6070,Hazem19792019_6579.jpg,منتج Hazem19792019_6579,أخرى,cfffe1e18b8b8393,
6071,Hazem19792019_658.jpg,منتج Hazem19792019_658,أخرى,7c3e3e7c3c387030,
6072,Hazem19792019_6580.jpg,منتج Hazem19792019_6580,أخرى,ffff90e48180c081,يوجد صور متطابقة/متشابهة بصرياً
6073,Hazem19792019_6581.jpg,منتج Hazem19792019_6581,أخرى,ffdb81fb4c0d0404,يوجد صور متطابقة/متشابهة بصرياً
6074,Hazem19792019_6582.jpg,منتج Hazem19792019_6582,أخرى,9983c1f0f8d71000,يوجد صور متطابقة/متشابهة بصرياً
6075,Hazem19792019_6583.jpg,منتج Hazem19792019_6583,أخرى,0083c3c3a181ebf9,يوجد صور متطابقة/متشابهة بصرياً
6076,Hazem19792019_6584.jpg,منتج Hazem19792019_6584,أخرى,df9b1b090d010101,يوجد صور متطابقة/متشابهة بصرياً
6077,Hazem19792019_6585.jpg,منتج Hazem19792019_6585,أخرى,ff9f81f1145574f4,يوجد صور متطابقة/متشابهة بصرياً
6078,Hazem19792019_6586.jpg,منتج Hazem19792019_6586,أخرى,ef81988f8081cffd,
6079,Hazem19792019_6587.jpg,منتج Hazem19792019_6587,أخرى,077f6f6f611d0721,
6080,Hazem19792019_6588.jpg,منتج Hazem19792019_6588,أخرى,01012107078787ff,يوجد صور متطابقة/متشابهة بصرياً
6081,Hazem19792019_6589.jpg,منتج Hazem19792019_6589,أخرى,bfbd047c341d771d,يوجد صور متطابقة/متشابهة بصرياً
6082,Hazem19792019_659.jpg,منتج Hazem19792019_659,أخرى,008eaf4ff9381e80,يوجد صور متطابقة/متشابهة بصرياً
6083,Hazem19792019_6590.jpg,منتج Hazem19792019_6590,أخرى,ffef0f8f8f890c0f,يوجد صور متطابقة/متشابهة بصرياً
6084,Hazem19792019_6591.jpg,منتج Hazem19792019_6591,أخرى,818080ff81b1f7ff,
6085,Hazem19792019_6592.jpg,منتج Hazem19792019_6592,أخرى,ff8189a9e59d81ff,
6086,Hazem19792019_6593.jpg,منتج Hazem19792019_6593,أخرى,0efa33b1a1f3f83c,
6087,Hazem19792019_6594.jpg,منتج Hazem19792019_6594,أخرى,fff7270ebef7250e,يوجد صور متطابقة/متشابهة بصرياً
6088,Hazem19792019_6595.jpg,منتج Hazem19792019_6595,أخرى,191010f0808f8fdf,
6089,Hazem19792019_6596.jpg,منتج Hazem19792019_6596,أخرى,0e4e4e4e4e400004,يوجد صور متطابقة/متشابهة بصرياً
6090,Hazem19792019_6597.jpg,منتج Hazem19792019_6597,أخرى,013d0c1f1f1f0f00,
6091,Hazem19792019_6598.jpg,منتج Hazem19792019_6598,أخرى,7fff81819fffe3e3,يوجد صور متطابقة/متشابهة بصرياً
6092,Hazem19792019_6599.jpg,منتج Hazem19792019_6599,أخرى,3ff8f8bd19853dfc,
6093,Hazem19792019_66.jpg,منتج Hazem19792019_66,أخرى,fbbbb3f3f1f08040,
6094,Hazem19792019_660.jpg,منتج Hazem19792019_660,أخرى,0060fff3fcfeff70,
6095,Hazem19792019_6600.jpg,منتج Hazem19792019_6600,أخرى,83879f83bf9183fd,يوجد صور متطابقة/متشابهة بصرياً
6096,Hazem19792019_6601.jpg,منتج Hazem19792019_6601,أخرى,a1a5a4ec78303000,يوجد صور متطابقة/متشابهة بصرياً
6097,Hazem19792019_6602.jpg,منتج Hazem19792019_6602,أخرى,81808000f9ff093f,يوجد صور متطابقة/متشابهة بصرياً
6098,Hazem19792019_6603.jpg,منتج Hazem19792019_6603,أخرى,d10d011fff1fc160,يوجد صور متطابقة/متشابهة بصرياً
6099,Hazem19792019_6604.jpg,منتج Hazem19792019_6604,أخرى,0fff80e0f03f83e0,يوجد صور متطابقة/متشابهة بصرياً
6100,Hazem19792019_6605.jpg,منتج Hazem19792019_6605,أخرى,bf8e0f0f0d9dedfd,يوجد صور متطابقة/متشابهة بصرياً
6101,Hazem19792019_6606.jpg,منتج Hazem19792019_6606,أخرى,93b3cb090185dcfe,
6102,Hazem19792019_6607.jpg,منتج Hazem19792019_6607,أخرى,f9008101ffff8701,يوجد صور متطابقة/متشابهة بصرياً
6103,Hazem19792019_6608.jpg,منتج Hazem19792019_6608,أخرى,ff8180c0f19f81ff,يوجد صور متطابقة/متشابهة بصرياً
6104,Hazem19792019_6609.jpg,منتج Hazem19792019_6609,أخرى,ff830081e09f83ff,يوجد صور متطابقة/متشابهة بصرياً
6105,Hazem19792019_661.jpg,منتج Hazem19792019_661,أخرى,f0607efe77400000,يوجد صور متطابقة/متشابهة بصرياً
6106,Hazem19792019_6610.jpg,منتج Hazem19792019_6610,أخرى,ffdf81d3f791909c,يوجد صور متطابقة/متشابهة بصرياً
6107,Hazem19792019_6611.jpg,منتج Hazem19792019_6611,أخرى,ffffdf0f6f0f0f07,يوجد صور متطابقة/متشابهة بصرياً
6108,Hazem19792019_6612.jpg,منتج Hazem19792019_6612,أخرى,e08080e3ff3f8ce7,يوجد صور متطابقة/متشابهة بصرياً
6109,Hazem19792019_6613.jpg,منتج Hazem19792019_6613,أخرى,ffdf81d3f791909c,يوجد صور متطابقة/متشابهة بصرياً
6110,Hazem19792019_6614.jpg,منتج Hazem19792019_6614,أخرى,dfc0f00b0b0b0f7f,يوجد صور متطابقة/متشابهة بصرياً
6111,Hazem19792019_6615.jpg,منتج Hazem19792019_6615,أخرى,9f900000ff1f01bf,يوجد صور متطابقة/متشابهة بصرياً
6112,Hazem19792019_6616.jpg,منتج Hazem19792019_6616,أخرى,ff070217ffdfdc00,يوجد صور متطابقة/متشابهة بصرياً
6113,Hazem19792019_6617.jpg,منتج Hazem19792019_6617,أخرى,08f4f0f0f0f0f170,
6114,Hazem19792019_6618.jpg,منتج Hazem19792019_6618,أخرى,7f3f1d1c1e1e1818,يوجد صور متطابقة/متشابهة بصرياً
6115,Hazem19792019_6619.jpg,منتج Hazem19792019_6619,أخرى,a1e0e0f0f0f0e0f0,
6116,Hazem19792019_662.jpg,منتج Hazem19792019_662,أخرى,fee81838fefe8000,
6117,Hazem19792019_6620.jpg,منتج Hazem19792019_6620,أخرى,ffcf8f8f8d8d8f8f,يوجد صور متطابقة/متشابهة بصرياً
6118,Hazem19792019_6621.jpg,منتج Hazem19792019_6621,أخرى,9f0b0f090b0bffff,
6119,Hazem19792019_6622.jpg,منتج Hazem19792019_6622,أخرى,3ffcf417141f171f,يوجد صور متطابقة/متشابهة بصرياً
6120,Hazem19792019_6623.jpg,منتج Hazem19792019_6623,أخرى,0078fe7e7e4c0e6c,
6121,Hazem19792019_6624.jpg,منتج Hazem19792019_6624,أخرى,dff1f1f11b13179f,يوجد صور متطابقة/متشابهة بصرياً
6122,Hazem19792019_6625.jpg,منتج Hazem19792019_6625,أخرى,5f0f9f0707040cbf,يوجد صور متطابقة/متشابهة بصرياً
6123,Hazem19792019_6626.jpg,منتج Hazem19792019_6626,أخرى,ffff90e48180c081,يوجد صور متطابقة/متشابهة بصرياً
6124,Hazem19792019_6627.jpg,منتج Hazem19792019_6627,أخرى,dff1f1f11b13179f,يوجد صور متطابقة/متشابهة بصرياً
6125,Hazem19792019_6628.jpg,منتج Hazem19792019_6628,أخرى,00fdfdfd151d9d9d,يوجد صور متطابقة/متشابهة بصرياً
6126,Hazem19792019_6629.jpg,منتج Hazem19792019_6629,أخرى,9fc7f7b6a4808000,
6127,Hazem19792019_663.jpg,منتج Hazem19792019_663,أخرى,ffff0f3f11fb0000,
6128,Hazem19792019_6630.jpg,منتج Hazem19792019_6630,أخرى,3ffdfc1c888189fc,يوجد صور متطابقة/متشابهة بصرياً
6129,Hazem19792019_6631.jpg,منتج Hazem19792019_6631,أخرى,000020e0f1a0c0fd,يوجد صور متطابقة/متشابهة بصرياً
6130,Hazem19792019_6632.jpg,منتج Hazem19792019_6632,أخرى,ff050f0ff3f9b0ff,يوجد صور متطابقة/متشابهة بصرياً
6131,Hazem19792019_6633.jpg,منتج Hazem19792019_6633,أخرى,007f7f7f7b797f00,يوجد صور متطابقة/متشابهة بصرياً
6132,Hazem19792019_6634.jpg,منتج Hazem19792019_6634,أخرى,f4e414c43f1e9ffc,
6133,Hazem19792019_6635.jpg,منتج Hazem19792019_6635,أخرى,ffc3c3c3c3d3c3c3,يوجد صور متطابقة/متشابهة بصرياً
6134,Hazem19792019_6636.jpg,منتج Hazem19792019_6636,أخرى,ffbf90f0f8b0b0ff,يوجد صور متطابقة/متشابهة بصرياً
6135,Hazem19792019_6637.jpg,منتج Hazem19792019_6637,أخرى,3ff1f1fd0d4d1dfc,يوجد صور متطابقة/متشابهة بصرياً
6136,Hazem19792019_6638.jpg,منتج Hazem19792019_6638,أخرى,ff91899dddf83d1f,يوجد صور متطابقة/متشابهة بصرياً
6137,Hazem19792019_6639.jpg,منتج Hazem19792019_6639,أخرى,3ffff8f88808b8fd,يوجد صور متطابقة/متشابهة بصرياً
6138,Hazem19792019_664.jpg,منتج Hazem19792019_664,أخرى,00fefe0e46787f00,
6139,Hazem19792019_6640.jpg,منتج Hazem19792019_6640,أخرى,ff91899dddf83d1f,يوجد صور متطابقة/متشابهة بصرياً
6140,Hazem19792019_6641.jpg,منتج Hazem19792019_6641,أخرى,00420c7c3cfc7c30,
6141,Hazem19792019_6642.jpg,منتج Hazem19792019_6642,أخرى,ffffbfb38180010f,يوجد صور متطابقة/متشابهة بصرياً
6142,Hazem19792019_6643.jpg,منتج Hazem19792019_6643,أخرى,00cf07e7d1d7f000,يوجد صور متطابقة/متشابهة بصرياً
6143,Hazem19792019_6644.jpg,منتج Hazem19792019_6644,أخرى,707070f0f078f87f,
6144,Hazem19792019_6645.jpg,منتج Hazem19792019_6645,أخرى,1f0f1f0f1f1f1f1f,
6145,Hazem19792019_6646.jpg,منتج Hazem19792019_6646,أخرى,71f379f3d343c0f0,يوجد صور متطابقة/متشابهة بصرياً
6146,Hazem19792019_6647.jpg,منتج Hazem19792019_6647,أخرى,ffc38383f9e9f1f3,
6147,Hazem19792019_6648.jpg,منتج Hazem19792019_6648,أخرى,00dfd35b47e3c7e3,
6148,Hazem19792019_6649.jpg,منتج Hazem19792019_6649,أخرى,d39bd3c35243c3d7,
6149,Hazem19792019_665.jpg,منتج Hazem19792019_665,أخرى,008eaf4ff9381e80,يوجد صور متطابقة/متشابهة بصرياً
6150,Hazem19792019_6650.jpg,منتج Hazem19792019_6650,أخرى,00cff7c342c7c7cf,
6151,Hazem19792019_6651.jpg,منتج Hazem19792019_6651,أخرى,1fbffde7bf0c0c8c,
6152,Hazem19792019_6652.jpg,منتج Hazem19792019_6652,أخرى,1dffffbf8d27070c,
6153,Hazem19792019_6653.jpg,منتج Hazem19792019_6653,أخرى,5b636707360c0f0c,يوجد صور متطابقة/متشابهة بصرياً
6154,Hazem19792019_6654.jpg,منتج Hazem19792019_6654,أخرى,ff9f81f1145574f4,يوجد صور متطابقة/متشابهة بصرياً
6155,Hazem19792019_6655.jpg,منتج Hazem19792019_6655,أخرى,bfbfbb3081fb1b9b,يوجد صور متطابقة/متشابهة بصرياً
6156,Hazem19792019_6656.jpg,منتج Hazem19792019_6656,أخرى,fdb904248d8dadfc,يوجد صور متطابقة/متشابهة بصرياً
6157,Hazem19792019_6657.jpg,منتج Hazem19792019_6657,أخرى,1fbf0cbc1c0c0cfc,يوجد صور متطابقة/متشابهة بصرياً
6158,Hazem19792019_6658.jpg,منتج Hazem19792019_6658,أخرى,1fbf0cbc1c0c0cfc,يوجد صور متطابقة/متشابهة بصرياً
6159,Hazem19792019_6659.jpg,منتج Hazem19792019_6659,أخرى,bf9fa7879383839f,
6160,Hazem19792019_666.jpg,منتج Hazem19792019_666,أخرى,fd984cf9fc641111,يوجد صور متطابقة/متشابهة بصرياً
6161,Hazem19792019_6660.jpg,منتج Hazem19792019_6660,أخرى,3f090b0d1f9f1dfc,
6162,Hazem19792019_6661.jpg,منتج Hazem19792019_6661,أخرى,ff819194908581f9,يوجد صور متطابقة/متشابهة بصرياً
6163,Hazem19792019_6662.jpg,منتج Hazem19792019_6662,أخرى,ff7f3f1f1f370001,يوجد صور متطابقة/متشابهة بصرياً
6164,Hazem19792019_6663.jpg,منتج Hazem19792019_6663,أخرى,fff56464fc2505a7,يوجد صور متطابقة/متشابهة بصرياً
6165,Hazem19792019_6664.jpg,منتج Hazem19792019_6664,أخرى,fff80404717630f8,
6166,Hazem19792019_6665.jpg,منتج Hazem19792019_6665,أخرى,ff818181898981ff,يوجد صور متطابقة/متشابهة بصرياً
6167,Hazem19792019_6666.jpg,منتج Hazem19792019_6666,أخرى,3fffc09414159ffc,
6168,Hazem19792019_6667.jpg,منتج Hazem19792019_6667,أخرى,fcfe0670f0f1f0f0,يوجد صور متطابقة/متشابهة بصرياً
6169,Hazem19792019_6668.jpg,منتج Hazem19792019_6668,أخرى,8080eda783cd73fb,يوجد صور متطابقة/متشابهة بصرياً
6170,Hazem19792019_6669.jpg,منتج Hazem19792019_6669,أخرى,ff8001010081c7df,
6171,Hazem19792019_667.jpg,منتج Hazem19792019_667,أخرى,400078fffffc8000,يوجد صور متطابقة/متشابهة بصرياً
6172,Hazem19792019_6670.jpg,منتج Hazem19792019_6670,أخرى,ffe1e10009090dff,يوجد صور متطابقة/متشابهة بصرياً
6173,Hazem19792019_6671.jpg,منتج Hazem19792019_6671,أخرى,c1f9fc0e06030000,
6174,Hazem19792019_6672.jpg,منتج Hazem19792019_6672,أخرى,ffdc0622ff1f0303,يوجد صور متطابقة/متشابهة بصرياً
6175,Hazem19792019_6673.jpg,منتج Hazem19792019_6673,أخرى,81008181c1c3c3f7,
6176,Hazem19792019_6674.jpg,منتج Hazem19792019_6674,أخرى,c3818189898989fb,يوجد صور متطابقة/متشابهة بصرياً
6177,Hazem19792019_6675.jpg,منتج Hazem19792019_6675,أخرى,ffe1e10009090dff,يوجد صور متطابقة/متشابهة بصرياً
6178,Hazem19792019_6676.jpg,منتج Hazem19792019_6676,أخرى,fefefed383c34838,
6179,Hazem19792019_6677.jpg,منتج Hazem19792019_6677,أخرى,fff7fda02020e4fc,
6180,Hazem19792019_6678.jpg,منتج Hazem19792019_6678,أخرى,004a7e0025797d7d,يوجد صور متطابقة/متشابهة بصرياً
6181,Hazem19792019_6679.jpg,منتج Hazem19792019_6679,أخرى,0103fde7943ef0f3,
6182,Hazem19792019_668.jpg,منتج Hazem19792019_668,أخرى,e70303c3c3e323c3,يوجد صور متطابقة/متشابهة بصرياً
6183,Hazem19792019_6680.jpg,منتج Hazem19792019_6680,أخرى,f9fff7c0c0e4a000,
6184,Hazem19792019_6681.jpg,منتج Hazem19792019_6681,أخرى,3979397979390101,
6185,Hazem19792019_6682.jpg,منتج Hazem19792019_6682,أخرى,ff6c6e6c2f2f0080,
6186,Hazem19792019_6683.jpg,منتج Hazem19792019_6683,أخرى,f9c18998ff1999df,يوجد صور متطابقة/متشابهة بصرياً
6187,Hazem19792019_6684.jpg,منتج Hazem19792019_6684,أخرى,ff8b818bdfff81ff,
6188,Hazem19792019_6685.jpg,منتج Hazem19792019_6685,أخرى,dc5f7b3b3bff0f00,
6189,Hazem19792019_6686.jpg,منتج Hazem19792019_6686,أخرى,0002e27e3c81ddff,
6190,Hazem19792019_6687.jpg,منتج Hazem19792019_6687,أخرى,df98b8a9e9f8f8ff,
6191,Hazem19792019_6688.jpg,منتج Hazem19792019_6688,أخرى,f07840687f47477e,
6192,Hazem19792019_6689.jpg,منتج Hazem19792019_6689,أخرى,dbe7eee7e3e3a3f7,يوجد صور متطابقة/متشابهة بصرياً
6193,Hazem19792019_669.jpg,منتج Hazem19792019_669,أخرى,fcfcf8f8f8f97800,
6194,Hazem19792019_6690.jpg,منتج Hazem19792019_6690,أخرى,81ffe7ff81818181,
6195,Hazem19792019_6691.jpg,منتج Hazem19792019_6691,أخرى,fc7c6c7cfcfc14fc,يوجد صور متطابقة/متشابهة بصرياً
6196,Hazem19792019_6692.jpg,منتج Hazem19792019_6692,أخرى,ffc3c7e7c7c0e8f9,يوجد صور متطابقة/متشابهة بصرياً
6197,Hazem19792019_6693.jpg,منتج Hazem19792019_6693,أخرى,efcfc3012003c3c3,يوجد صور متطابقة/متشابهة بصرياً
6198,Hazem19792019_6694.jpg,منتج Hazem19792019_6694,أخرى,ff9f9f0124276767,
6199,Hazem19792019_6695.jpg,منتج Hazem19792019_6695,أخرى,f0f3f1f9fffa0808,يوجد صور متطابقة/متشابهة بصرياً
6200,Hazem19792019_6696.jpg,منتج Hazem19792019_6696,أخرى,70f6f2f6f0f01218,يوجد صور متطابقة/متشابهة بصرياً
6201,Hazem19792019_6697.jpg,منتج Hazem19792019_6697,أخرى,1f1f1f1f1f1f1f1f,
6202,Hazem19792019_6698.jpg,منتج Hazem19792019_6698,أخرى,7f3f1d1c1e1e1818,يوجد صور متطابقة/متشابهة بصرياً
6203,Hazem19792019_6699.jpg,منتج Hazem19792019_6699,أخرى,fafe1c74f0e8e0f8,
6204,Hazem19792019_67.jpg,منتج Hazem19792019_67,أخرى,1034707d7d710100,
6205,Hazem19792019_670.jpg,منتج Hazem19792019_670,أخرى,87bf9d959dbcbc88,
6206,Hazem19792019_6700.jpg,منتج Hazem19792019_6700,أخرى,dfc3c3838380c0f9,
6207,Hazem19792019_6701.jpg,منتج Hazem19792019_6701,أخرى,078787f9f1e7cf9f,
6208,Hazem19792019_6702.jpg,منتج Hazem19792019_6702,أخرى,afada7e5afa4a5e4,
6209,Hazem19792019_6703.jpg,منتج Hazem19792019_6703,أخرى,787c7e674c6e4600,يوجد صور متطابقة/متشابهة بصرياً
6210,Hazem19792019_6704.jpg,منتج Hazem19792019_6704,أخرى,f27f7f7e42507020,يوجد صور متطابقة/متشابهة بصرياً
6211,Hazem19792019_6705.jpg,منتج Hazem19792019_6705,أخرى,1f1f9f9f5f1f1e00,
6212,Hazem19792019_6706.jpg,منتج Hazem19792019_6706,أخرى,ffffbfb38180010f,يوجد صور متطابقة/متشابهة بصرياً
6213,Hazem19792019_6707.jpg,منتج Hazem19792019_6707,أخرى,e78785cbc7008fff,يوجد صور متطابقة/متشابهة بصرياً
6214,Hazem19792019_6708.jpg,منتج Hazem19792019_6708,أخرى,df9b1b090d010101,يوجد صور متطابقة/متشابهة بصرياً
6215,Hazem19792019_6709.jpg,منتج Hazem19792019_6709,أخرى,ffe1e10009090dff,يوجد صور متطابقة/متشابهة بصرياً
6216,Hazem19792019_671.jpg,منتج Hazem19792019_671,أخرى,f0607efe77400000,يوجد صور متطابقة/متشابهة بصرياً
6217,Hazem19792019_6710.jpg,منتج Hazem19792019_6710,أخرى,ff9f81f3f38381f5,يوجد صور متطابقة/متشابهة بصرياً
6218,Hazem19792019_6711.jpg,منتج Hazem19792019_6711,أخرى,ffdf81d3f791909c,يوجد صور متطابقة/متشابهة بصرياً
6219,Hazem19792019_6712.jpg,منتج Hazem19792019_6712,أخرى,ffdb81fb4c0d0404,يوجد صور متطابقة/متشابهة بصرياً
6220,Hazem19792019_6713.jpg,منتج Hazem19792019_6713,أخرى,ff8381f1b79391f7,يوجد صور متطابقة/متشابهة بصرياً
6221,Hazem19792019_6714.jpg,منتج Hazem19792019_6714,أخرى,ffffdf0f6f0f0f07,يوجد صور متطابقة/متشابهة بصرياً
6222,Hazem19792019_6715.jpg,منتج Hazem19792019_6715,أخرى,ffe381f3d5941498,
6223,Hazem19792019_6716.jpg,منتج Hazem19792019_6716,أخرى,87808080ff1f38ff,يوجد صور متطابقة/متشابهة بصرياً
6224,Hazem19792019_6717.jpg,منتج Hazem19792019_6717,أخرى,bf8181f9f90b83f3,يوجد صور متطابقة/متشابهة بصرياً
6225,Hazem19792019_6718.jpg,منتج Hazem19792019_6718,أخرى,8fa080f9ff01f3f3,يوجد صور متطابقة/متشابهة بصرياً
6226,Hazem19792019_6719.jpg,منتج Hazem19792019_6719,أخرى,81808000f9ff093f,يوجد صور متطابقة/متشابهة بصرياً
6227,Hazem19792019_672.jpg,منتج Hazem19792019_672,أخرى,f8ffffff7c002000,
6228,Hazem19792019_6720.jpg,منتج Hazem19792019_6720,أخرى,ff818181819f8783,
6229,Hazem19792019_6721.jpg,منتج Hazem19792019_6721,أخرى,bf030181e1ffc381,يوجد صور متطابقة/متشابهة بصرياً
6230,Hazem19792019_6722.jpg,منتج Hazem19792019_6722,أخرى,0000230311070fff,يوجد صور متطابقة/متشابهة بصرياً
6231,Hazem19792019_6723.jpg,منتج Hazem19792019_6723,أخرى,3e7f667e74004000,يوجد صور متطابقة/متشابهة بصرياً
6232,Hazem19792019_6724.jpg,منتج Hazem19792019_6724,أخرى,fdb904248d8dadfc,يوجد صور متطابقة/متشابهة بصرياً
6233,Hazem19792019_6725.jpg,منتج Hazem19792019_6725,أخرى,f8f0c83fbf3030ff,يوجد صور متطابقة/متشابهة بصرياً
6234,Hazem19792019_6726.jpg,منتج Hazem19792019_6726,أخرى,83879f83bf9183fd,يوجد صور متطابقة/متشابهة بصرياً
6235,Hazem19792019_6727.jpg,منتج Hazem19792019_6727,أخرى,bfcf8183819f81fd,يوجد صور متطابقة/متشابهة بصرياً
6236,Hazem19792019_6728.jpg,منتج Hazem19792019_6728,أخرى,ff8181f3f0f0f4f4,يوجد صور متطابقة/متشابهة بصرياً
6237,Hazem19792019_6729.jpg,منتج Hazem19792019_6729,أخرى,ff8183d7919598bd,
6238,Hazem19792019_673.jpg,منتج Hazem19792019_673,أخرى,1f198f3f6fb9fb00,
6239,Hazem19792019_6730.jpg,منتج Hazem19792019_6730,أخرى,1fff1f1393e3c0ed,يوجد صور متطابقة/متشابهة بصرياً
6240,Hazem19792019_6731.jpg,منتج Hazem19792019_6731,أخرى,ff818081ffffffff,
6241,Hazem19792019_6732.jpg,منتج Hazem19792019_6732,أخرى,00005244fdc37fff,
6242,Hazem19792019_6733.jpg,منتج Hazem19792019_6733,أخرى,0fff800820bf8781,
6243,Hazem19792019_6734.jpg,منتج Hazem19792019_6734,أخرى,00c0c0800000ffff,
6244,Hazem19792019_6735.jpg,منتج Hazem19792019_6735,أخرى,e8c7affb8f0587fb,
6245,Hazem19792019_6736.jpg,منتج Hazem19792019_6736,أخرى,7e7e7efefedc0000,يوجد صور متطابقة/متشابهة بصرياً
6246,Hazem19792019_6737.jpg,منتج Hazem19792019_6737,أخرى,ffffefffcf8581e1,يوجد صور متطابقة/متشابهة بصرياً
6247,Hazem19792019_6738.jpg,منتج Hazem19792019_6738,أخرى,40c40f0e0e0e2cfe,يوجد صور متطابقة/متشابهة بصرياً
6248,Hazem19792019_6739.jpg,منتج Hazem19792019_6739,أخرى,bf0c0cfcacb4b5bd,
6249,Hazem19792019_674.jpg,منتج Hazem19792019_674,أخرى,000003933f3f0000,
6250,Hazem19792019_6740.jpg,منتج Hazem19792019_6740,أخرى,bc9c9c84841c9c9c,
6251,Hazem19792019_6741.jpg,منتج Hazem19792019_6741,أخرى,3ffcf417141f171f,يوجد صور متطابقة/متشابهة بصرياً
6252,Hazem19792019_6742.jpg,منتج Hazem19792019_6742,أخرى,ffc283535b3c00c1,
6253,Hazem19792019_6743.jpg,منتج Hazem19792019_6743,أخرى,fdf9c33312733800,
6254,Hazem19792019_6744.jpg,منتج Hazem19792019_6744,أخرى,9983c1f0f8d71000,يوجد صور متطابقة/متشابهة بصرياً
6255,Hazem19792019_6745.jpg,منتج Hazem19792019_6745,أخرى,5b636707360c0f0c,يوجد صور متطابقة/متشابهة بصرياً
6256,Hazem19792019_6746.jpg,منتج Hazem19792019_6746,أخرى,ffff90e48180c081,يوجد صور متطابقة/متشابهة بصرياً
6257,Hazem19792019_6747.jpg,منتج Hazem19792019_6747,أخرى,63e7772000746000,
6258,Hazem19792019_6748.jpg,منتج Hazem19792019_6748,أخرى,0515110fffe1e1ef,يوجد صور متطابقة/متشابهة بصرياً
6259,Hazem19792019_6749.jpg,منتج Hazem19792019_6749,أخرى,00240c4c793b3307,يوجد صور متطابقة/متشابهة بصرياً
6260,Hazem19792019_675.jpg,منتج Hazem19792019_675,أخرى,ffffffff3c000000,
6261,Hazem19792019_6750.jpg,منتج Hazem19792019_6750,أخرى,bff3f7f48f0f9700,
6262,Hazem19792019_6751.jpg,منتج Hazem19792019_6751,أخرى,1edaf6f2f0e092f0,يوجد صور متطابقة/متشابهة بصرياً
6263,Hazem19792019_6752.jpg,منتج Hazem19792019_6752,أخرى,0713737b3f372703,
6264,Hazem19792019_6753.jpg,منتج Hazem19792019_6753,أخرى,ff0f01010101e3ff,
6265,Hazem19792019_6754.jpg,منتج Hazem19792019_6754,أخرى,ffff0105070705bf,يوجد صور متطابقة/متشابهة بصرياً
6266,Hazem19792019_6755.jpg,منتج Hazem19792019_6755,أخرى,ffffe8c8f8880dcc,يوجد صور متطابقة/متشابهة بصرياً
6267,Hazem19792019_6756.jpg,منتج Hazem19792019_6756,أخرى,f97f3e0080803f3e,
6268,Hazem19792019_6757.jpg,منتج Hazem19792019_6757,أخرى,c1c1c1819fa1bfff,
6269,Hazem19792019_6758.jpg,منتج Hazem19792019_6758,أخرى,ffff732323010103,يوجد صور متطابقة/متشابهة بصرياً
6270,Hazem19792019_6759.jpg,منتج Hazem19792019_6759,أخرى,ffffff1d000000f7,
6271,Hazem19792019_676.jpg,منتج Hazem19792019_676,أخرى,00003c7e1e1f0800,
6272,Hazem19792019_6760.jpg,منتج Hazem19792019_6760,أخرى,fce024847d1fdebd,
6273,Hazem19792019_6761.jpg,منتج Hazem19792019_6761,أخرى,3ffcf417141f171f,يوجد صور متطابقة/متشابهة بصرياً
6274,Hazem19792019_6762.jpg,منتج Hazem19792019_6762,أخرى,ff8181f3f0f0f4f4,يوجد صور متطابقة/متشابهة بصرياً
6275,Hazem19792019_6763.jpg,منتج Hazem19792019_6763,أخرى,f3181cfffdbfb9f8,يوجد صور متطابقة/متشابهة بصرياً
6276,Hazem19792019_6764.jpg,منتج Hazem19792019_6764,أخرى,e0e0e2c3c3e3c3e0,يوجد صور متطابقة/متشابهة بصرياً
6277,Hazem19792019_6765.jpg,منتج Hazem19792019_6765,أخرى,fff3e169e1f10100,
6278,Hazem19792019_6766.jpg,منتج Hazem19792019_6766,أخرى,bf1d103101217d99,يوجد صور متطابقة/متشابهة بصرياً
6279,Hazem19792019_6767.jpg,منتج Hazem19792019_6767,أخرى,81808000f9ff093f,يوجد صور متطابقة/متشابهة بصرياً
6280,Hazem19792019_6768.jpg,منتج Hazem19792019_6768,أخرى,7ffa8a8a9a909afd,
6281,Hazem19792019_6769.jpg,منتج Hazem19792019_6769,أخرى,9f83e075075707ff,
6282,Hazem19792019_677.jpg,منتج Hazem19792019_677,أخرى,1f81233f3eff3f00,
6283,Hazem19792019_6770.jpg,منتج Hazem19792019_6770,أخرى,0000020f6fffff6e,يوجد صور متطابقة/متشابهة بصرياً
6284,Hazem19792019_6771.jpg,منتج Hazem19792019_6771,أخرى,ff91899dddf83d1f,يوجد صور متطابقة/متشابهة بصرياً
6285,Hazem19792019_6772.jpg,منتج Hazem19792019_6772,أخرى,787c7e674c6e4600,يوجد صور متطابقة/متشابهة بصرياً
6286,Hazem19792019_6773.jpg,منتج Hazem19792019_6773,أخرى,0e4e4e4e4e400004,يوجد صور متطابقة/متشابهة بصرياً
6287,Hazem19792019_6774.jpg,منتج Hazem19792019_6774,أخرى,ffe7e1b993b3bbe0,
6288,Hazem19792019_6775.jpg,منتج Hazem19792019_6775,أخرى,fc7c6c7cfcfc14fc,يوجد صور متطابقة/متشابهة بصرياً
6289,Hazem19792019_6776.jpg,منتج Hazem19792019_6776,أخرى,bf850597d11dd71c,يوجد صور متطابقة/متشابهة بصرياً
6290,Hazem19792019_6777.jpg,منتج Hazem19792019_6777,أخرى,bf850597d11dd71c,يوجد صور متطابقة/متشابهة بصرياً
6291,Hazem19792019_6778.jpg,منتج Hazem19792019_6778,أخرى,fdb904248d8dadfc,يوجد صور متطابقة/متشابهة بصرياً
6292,Hazem19792019_6779.jpg,منتج Hazem19792019_6779,أخرى,81007c7c3848f8fc,يوجد صور متطابقة/متشابهة بصرياً
6293,Hazem19792019_678.jpg,منتج Hazem19792019_678,أخرى,fffffffff17f0000,
6294,Hazem19792019_6780.jpg,منتج Hazem19792019_6780,أخرى,fffffff9f0d30f0f,
6295,Hazem19792019_6781.jpg,منتج Hazem19792019_6781,أخرى,0000bf81f9ebfbc7,يوجد صور متطابقة/متشابهة بصرياً
6296,Hazem19792019_6782.jpg,منتج Hazem19792019_6782,أخرى,ffa524002dfde1ff,يوجد صور متطابقة/متشابهة بصرياً
6297,Hazem19792019_6783.jpg,منتج Hazem19792019_6783,أخرى,f7c387bf81c1e1fb,
6298,Hazem19792019_6784.jpg,منتج Hazem19792019_6784,أخرى,007e7e3c7e7e7e7e,يوجد صور متطابقة/متشابهة بصرياً
6299,Hazem19792019_6785.jpg,منتج Hazem19792019_6785,أخرى,ffef0f8f8f890c0f,يوجد صور متطابقة/متشابهة بصرياً
6300,Hazem19792019_6786.jpg,منتج Hazem19792019_6786,أخرى,0345fdfdcccdc1c0,يوجد صور متطابقة/متشابهة بصرياً
6301,Hazem19792019_6787.jpg,منتج Hazem19792019_6787,أخرى,8f8788f8fdfc9dff,يوجد صور متطابقة/متشابهة بصرياً
6302,Hazem19792019_6788.jpg,منتج Hazem19792019_6788,أخرى,bf8181f9f90b83f3,يوجد صور متطابقة/متشابهة بصرياً
6303,Hazem19792019_6789.jpg,منتج Hazem19792019_6789,أخرى,9ff4f0f0f0b4bcfd,
6304,Hazem19792019_679.jpg,منتج Hazem19792019_679,أخرى,7f5f473f1b000000,
6305,Hazem19792019_6790.jpg,منتج Hazem19792019_6790,أخرى,ffc6007bfbf3b1a0,
6306,Hazem19792019_6791.jpg,منتج Hazem19792019_6791,أخرى,ff818181898981ff,يوجد صور متطابقة/متشابهة بصرياً
6307,Hazem19792019_6792.jpg,منتج Hazem19792019_6792,أخرى,fcfe0670f0f1f0f0,يوجد صور متطابقة/متشابهة بصرياً
6308,Hazem19792019_6793.jpg,منتج Hazem19792019_6793,أخرى,ffe0007ffff2b8d0,يوجد صور متطابقة/متشابهة بصرياً
6309,Hazem19792019_6794.jpg,منتج Hazem19792019_6794,أخرى,ff070217ffdfdc00,يوجد صور متطابقة/متشابهة بصرياً
6310,Hazem19792019_6795.jpg,منتج Hazem19792019_6795,أخرى,ff7f3f1f1f370001,يوجد صور متطابقة/متشابهة بصرياً
6311,Hazem19792019_6796.jpg,منتج Hazem19792019_6796,أخرى,3ff1f1fd0d4d1dfc,يوجد صور متطابقة/متشابهة بصرياً
6312,Hazem19792019_6797.jpg,منتج Hazem19792019_6797,أخرى,bfffa5a02008bdff,
6313,Hazem19792019_6798.jpg,منتج Hazem19792019_6798,أخرى,fff0f0f0d0d0cdfd,يوجد صور متطابقة/متشابهة بصرياً
6314,Hazem19792019_6799.jpg,منتج Hazem19792019_6799,أخرى,f918f8f8088d9fbd,يوجد صور متطابقة/متشابهة بصرياً
6315,Hazem19792019_68.jpg,منتج Hazem19792019_68,أخرى,f9c1e1f1b1016760,
6316,Hazem19792019_680.jpg,منتج Hazem19792019_680,أخرى,ffc0f1f7cfffe000,
6317,Hazem19792019_6800.jpg,منتج Hazem19792019_6800,أخرى,ffcfffd0f0d090bf,
6318,Hazem19792019_6801.jpg,منتج Hazem19792019_6801,أخرى,f5a08090b5b5fffd,
6319,Hazem19792019_6802.jpg,منتج Hazem19792019_6802,أخرى,bffd1c04f42161fd,
6320,Hazem19792019_6803.jpg,منتج Hazem19792019_6803,أخرى,9ffcfc04f47921fd,يوجد صور متطابقة/متشابهة بصرياً
6321,Hazem19792019_6804.jpg,منتج Hazem19792019_6804,أخرى,bf0dcde5998d8d9d,يوجد صور متطابقة/متشابهة بصرياً
6322,Hazem19792019_6805.jpg,منتج Hazem19792019_6805,أخرى,fc00fcf4bcc48dcd,يوجد صور متطابقة/متشابهة بصرياً
6323,Hazem19792019_6806.jpg,منتج Hazem19792019_6806,أخرى,bd0d8dbd2db5b5b9,يوجد صور متطابقة/متشابهة بصرياً
6324,Hazem19792019_6807.jpg,منتج Hazem19792019_6807,أخرى,3ffd849c9c8c8dfd,يوجد صور متطابقة/متشابهة بصرياً
6325,Hazem19792019_6808.jpg,منتج Hazem19792019_6808,أخرى,bdfc80fc149c9fbd,يوجد صور متطابقة/متشابهة بصرياً
6326,Hazem19792019_6809.jpg,منتج Hazem19792019_6809,أخرى,9ff9392545b485a4,
6327,Hazem19792019_681.jpg,منتج Hazem19792019_681,أخرى,7878fcf87f6f3f00,
6328,Hazem19792019_6810.jpg,منتج Hazem19792019_6810,أخرى,ffffe5191985853f,
6329,Hazem19792019_6811.jpg,منتج Hazem19792019_6811,أخرى,bcfc0cfc9c1c148d,
6330,Hazem19792019_6812.jpg,منتج Hazem19792019_6812,أخرى,0010409f9f99b9ff,
6331,Hazem19792019_6813.jpg,منتج Hazem19792019_6813,أخرى,3d0d9fff8a888fcf,
6332,Hazem19792019_6814.jpg,منتج Hazem19792019_6814,أخرى,036d5d7d71390101,
6333,Hazem19792019_6815.jpg,منتج Hazem19792019_6815,أخرى,38eccdbdbdbd3dbd,
6334,Hazem19792019_6816.jpg,منتج Hazem19792019_6816,أخرى,83879f83bf9183fd,يوجد صور متطابقة/متشابهة بصرياً
6335,Hazem19792019_6817.jpg,منتج Hazem19792019_6817,أخرى,edfdffcf8f838183,
6336,Hazem19792019_6818.jpg,منتج Hazem19792019_6818,أخرى,01733133730373f0,
6337,Hazem19792019_6819.jpg,منتج Hazem19792019_6819,أخرى,7e7e7e7e000e3e1e,
6338,Hazem19792019_682.jpg,منتج Hazem19792019_682,أخرى,ffffa3a30301dfff,يوجد صور متطابقة/متشابهة بصرياً
6339,Hazem19792019_6820.jpg,منتج Hazem19792019_6820,أخرى,f3f3f8b8b8b8f0df,
6340,Hazem19792019_6821.jpg,منتج Hazem19792019_6821,أخرى,bf8f8f8f898881e0,يوجد صور متطابقة/متشابهة بصرياً
6341,Hazem19792019_6822.jpg,منتج Hazem19792019_6822,أخرى,ff879f87a787a302,
6342,Hazem19792019_6823.jpg,منتج Hazem19792019_6823,أخرى,ff8f9b8f8f0f0d00,يوجد صور متطابقة/متشابهة بصرياً
6343,Hazem19792019_6824.jpg,منتج Hazem19792019_6824,أخرى,27070f0f0f0f0111,يوجد صور متطابقة/متشابهة بصرياً
6344,Hazem19792019_6825.jpg,منتج Hazem19792019_6825,أخرى,fbfb918183f181e1,
6345,Hazem19792019_6826.jpg,منتج Hazem19792019_6826,أخرى,f0e81b134e5f1f1f,
6346,Hazem19792019_6827.jpg,منتج Hazem19792019_6827,أخرى,80c18101ffddd1ff,
6347,Hazem19792019_683.jpg,منتج Hazem19792019_683,أخرى,fc393f3f67633200,يوجد صور متطابقة/متشابهة بصرياً
6348,Hazem19792019_684.jpg,منتج Hazem19792019_684,أخرى,000073ffffffff00,
6349,Hazem19792019_685.jpg,منتج Hazem19792019_685,أخرى,01f3cbfaffef0c00,
6350,Hazem19792019_686.jpg,منتج Hazem19792019_686,أخرى,0200fffffefefefe,
6351,Hazem19792019_687.jpg,منتج Hazem19792019_687,أخرى,185a5a5a585c7c5c,يوجد صور متطابقة/متشابهة بصرياً
6352,Hazem19792019_688.jpg,منتج Hazem19792019_688,أخرى,007fffbfbbce8200,يوجد صور متطابقة/متشابهة بصرياً
6353,Hazem19792019_689.jpg,منتج Hazem19792019_689,أخرى,7ecc7e7d7e7e2600,يوجد صور متطابقة/متشابهة بصرياً
6354,Hazem19792019_69.jpg,منتج Hazem19792019_69,أخرى,fe1c0181a1ec80ff,يوجد صور متطابقة/متشابهة بصرياً
6355,Hazem19792019_690.jpg,منتج Hazem19792019_690,أخرى,f191d9f99891009b,يوجد صور متطابقة/متشابهة بصرياً
6356,Hazem19792019_691.jpg,منتج Hazem19792019_691,أخرى,003cfc1838380cc7,
6357,Hazem19792019_692.jpg,منتج Hazem19792019_692,أخرى,81e120c00100e17f,يوجد صور متطابقة/متشابهة بصرياً
6358,Hazem19792019_693.jpg,منتج Hazem19792019_693,أخرى,ff19fd98380080c0,يوجد صور متطابقة/متشابهة بصرياً
6359,Hazem19792019_694.jpg,منتج Hazem19792019_694,أخرى,20fefe5a5b3fff00,يوجد صور متطابقة/متشابهة بصرياً
6360,Hazem19792019_695.jpg,منتج Hazem19792019_695,أخرى,c9cc849591083c3c,يوجد صور متطابقة/متشابهة بصرياً
6361,Hazem19792019_696.jpg,منتج Hazem19792019_696,أخرى,d6ffff1110000800,يوجد صور متطابقة/متشابهة بصرياً
6362,Hazem19792019_697.jpg,منتج Hazem19792019_697,أخرى,9ca4a581808096b6,يوجد صور متطابقة/متشابهة بصرياً
6363,Hazem19792019_698.jpg,منتج Hazem19792019_698,أخرى,07ffff7f5f07011d,يوجد صور متطابقة/متشابهة بصرياً
6364,Hazem19792019_699.jpg,منتج Hazem19792019_699,أخرى,ffffc1818181e3e1,يوجد صور متطابقة/متشابهة بصرياً
6365,Hazem19792019_70.jpg,منتج Hazem19792019_70,أخرى,f0f17373003220f1,يوجد صور متطابقة/متشابهة بصرياً
6366,Hazem19792019_700.jpg,منتج Hazem19792019_700,أخرى,03031383838383a3,يوجد صور متطابقة/متشابهة بصرياً
6367,Hazem19792019_701.jpg,منتج Hazem19792019_701,أخرى,7f7f0d8d0c001f1f,
6368,Hazem19792019_702.jpg,منتج Hazem19792019_702,أخرى,7f7b04636b230021,يوجد صور متطابقة/متشابهة بصرياً
6369,Hazem19792019_703.jpg,منتج Hazem19792019_703,أخرى,ff0000424000ffff,يوجد صور متطابقة/متشابهة بصرياً
6370,Hazem19792019_704.jpg,منتج Hazem19792019_704,أخرى,feff7e7e1e022230,
6371,Hazem19792019_705.jpg,منتج Hazem19792019_705,أخرى,c0c0c0fcffff2200,
6372,Hazem19792019_706.jpg,منتج Hazem19792019_706,أخرى,00023e7edefe7c00,يوجد صور متطابقة/متشابهة بصرياً
6373,Hazem19792019_707.jpg,منتج Hazem19792019_707,أخرى,ff07171616170606,
6374,Hazem19792019_708.jpg,منتج Hazem19792019_708,أخرى,ff3e7c0500003f7f,
6375,Hazem19792019_709.jpg,منتج Hazem19792019_709,أخرى,007c7c7c7e7c7c7c,
6376,Hazem19792019_71.jpg,منتج Hazem19792019_71,أخرى,321010ffff1110ff,
6377,Hazem19792019_710.jpg,منتج Hazem19792019_710,أخرى,feefd3e0d8c00860,
6378,Hazem19792019_711.jpg,منتج Hazem19792019_711,أخرى,006fffc3ffe2c000,يوجد صور متطابقة/متشابهة بصرياً
6379,Hazem19792019_712.jpg,منتج Hazem19792019_712,أخرى,60664e4e7e7efe00,
6380,Hazem19792019_713.jpg,منتج Hazem19792019_713,أخرى,0070fffffffe0000,
6381,Hazem19792019_714.jpg,منتج Hazem19792019_714,أخرى,00fe7f3fdf6f0300,
6382,Hazem19792019_715.jpg,منتج Hazem19792019_715,أخرى,447ffa36471f3e00,
6383,Hazem19792019_716.jpg,منتج Hazem19792019_716,أخرى,00e3e1f3f7ff0c00,يوجد صور متطابقة/متشابهة بصرياً
6384,Hazem19792019_717.jpg,منتج Hazem19792019_717,أخرى,007c7c3e7e7e7e00,
6385,Hazem19792019_718.jpg,منتج Hazem19792019_718,أخرى,007e7efefe7c0c00,يوجد صور متطابقة/متشابهة بصرياً
6386,Hazem19792019_719.jpg,منتج Hazem19792019_719,أخرى,7f7f600084948000,يوجد صور متطابقة/متشابهة بصرياً
6387,Hazem19792019_72.jpg,منتج Hazem19792019_72,أخرى,bfbffd00003f7c00,
6388,Hazem19792019_720.jpg,منتج Hazem19792019_720,أخرى,978fffefe4e10101,يوجد صور متطابقة/متشابهة بصرياً
6389,Hazem19792019_721.jpg,منتج Hazem19792019_721,أخرى,18383c3dbdbd3800,
6390,Hazem19792019_722.jpg,منتج Hazem19792019_722,أخرى,063e3f0e3f3f1f00,
6391,Hazem19792019_723.jpg,منتج Hazem19792019_723,أخرى,bffefedb00300000,
6392,Hazem19792019_724.jpg,منتج Hazem19792019_724,أخرى,81fcbcbc200000fe,
6393,Hazem19792019_725.jpg,منتج Hazem19792019_725,أخرى,7f7e1a1095fc0cb0,
6394,Hazem19792019_726.jpg,منتج Hazem19792019_726,أخرى,c2fe3c28103e3cdc,
6395,Hazem19792019_727.jpg,منتج Hazem19792019_727,أخرى,016584eca425e3e7,
6396,Hazem19792019_728.jpg,منتج Hazem19792019_728,أخرى,8b8180006780c0fe,
6397,Hazem19792019_729.jpg,منتج Hazem19792019_729,أخرى,030343630303ff7f,
6398,Hazem19792019_73.jpg,منتج Hazem19792019_73,أخرى,3688828ebe3e3e3c,يوجد صور متطابقة/متشابهة بصرياً
6399,Hazem19792019_730.jpg,منتج Hazem19792019_730,أخرى,4100810b4f42e7ff,
6400,Hazem19792019_731.jpg,منتج Hazem19792019_731,أخرى,c903c3a3666603fe,
6401,Hazem19792019_732.jpg,منتج Hazem19792019_732,أخرى,ff000101110123ff,
6402,Hazem19792019_733.jpg,منتج Hazem19792019_733,أخرى,f0c200e680cdff10,
6403,Hazem19792019_734.jpg,منتج Hazem19792019_734,أخرى,ffffdcd846468180,
6404,Hazem19792019_735.jpg,منتج Hazem19792019_735,أخرى,bb33838313131f12,
6405,Hazem19792019_736.jpg,منتج Hazem19792019_736,أخرى,8181ecccecbc0123,
6406,Hazem19792019_737.jpg,منتج Hazem19792019_737,أخرى,0f27f3000f8fc0c0,
6407,Hazem19792019_738.jpg,منتج Hazem19792019_738,أخرى,fe40743c467c4a7e,
6408,Hazem19792019_739.jpg,منتج Hazem19792019_739,أخرى,c0d4c04800ffff00,
6409,Hazem19792019_74.jpg,منتج Hazem19792019_74,أخرى,ffff13710183ff01,يوجد صور متطابقة/متشابهة بصرياً
6410,Hazem19792019_740.jpg,منتج Hazem19792019_740,أخرى,2e3e2c2e3f3f0f20,
6411,Hazem19792019_741.jpg,منتج Hazem19792019_741,أخرى,00fffbdff7fee000,
6412,Hazem19792019_742.jpg,منتج Hazem19792019_742,أخرى,ff870787870787ff,
6413,Hazem19792019_743.jpg,منتج Hazem19792019_743,أخرى,fcfb0303030389ff,
6414,Hazem19792019_744.jpg,منتج Hazem19792019_744,أخرى,7e3f2f7f07030707,
6415,Hazem19792019_745.jpg,منتج Hazem19792019_745,أخرى,ffc7dfd381010132,
6416,Hazem19792019_746.jpg,منتج Hazem19792019_746,أخرى,00003e3cb9fbfd09,
6417,Hazem19792019_747.jpg,منتج Hazem19792019_747,أخرى,05058f7f60f9ff00,
6418,Hazem19792019_748.jpg,منتج Hazem19792019_748,أخرى,a6be9ebf9f1e0404,
6419,Hazem19792019_749.jpg,منتج Hazem19792019_749,أخرى,c5e9af80e9bf0008,
6420,Hazem19792019_75.jpg,منتج Hazem19792019_75,أخرى,180158e3f0f0ff7f,يوجد صور متطابقة/متشابهة بصرياً
6421,Hazem19792019_750.jpg,منتج Hazem19792019_750,أخرى,be3b3f3ff8047808,
6422,Hazem19792019_751.jpg,منتج Hazem19792019_751,أخرى,839bbf9b99810999,
6423,Hazem19792019_752.jpg,منتج Hazem19792019_752,أخرى,0001031fffeefcfe,
6424,Hazem19792019_753.jpg,منتج Hazem19792019_753,أخرى,ff810709fffff8fc,
6425,Hazem19792019_754.jpg,منتج Hazem19792019_754,أخرى,0000fdffffff0000,
6426,Hazem19792019_755.jpg,منتج Hazem19792019_755,أخرى,fffff7878581c0e7,يوجد صور متطابقة/متشابهة بصرياً
6427,Hazem19792019_756.jpg,منتج Hazem19792019_756,أخرى,007efee66e000000,يوجد صور متطابقة/متشابهة بصرياً
6428,Hazem19792019_757.jpg,منتج Hazem19792019_757,أخرى,ffdf03018181f700,يوجد صور متطابقة/متشابهة بصرياً
6429,Hazem19792019_758.jpg,منتج Hazem19792019_758,أخرى,017fcf770005ffce,
6430,Hazem19792019_759.jpg,منتج Hazem19792019_759,أخرى,0101012d3f7fffff,يوجد صور متطابقة/متشابهة بصرياً
6431,Hazem19792019_76.jpg,منتج Hazem19792019_76,أخرى,ffc7c7c7c3c3c3c3,
6432,Hazem19792019_760.jpg,منتج Hazem19792019_760,أخرى,b3e7c7df7e7c3c00,يوجد صور متطابقة/متشابهة بصرياً
6433,Hazem19792019_761.jpg,منتج Hazem19792019_761,أخرى,001f7bf87b7f1000,يوجد صور متطابقة/متشابهة بصرياً
6434,Hazem19792019_762.jpg,منتج Hazem19792019_762,أخرى,7e7f03013fff0000,
6435,Hazem19792019_763.jpg,منتج Hazem19792019_763,أخرى,e70303c3c3e323c3,يوجد صور متطابقة/متشابهة بصرياً
6436,Hazem19792019_764.jpg,منتج Hazem19792019_764,أخرى,ff39f9f9e88080f1,
6437,Hazem19792019_765.jpg,منتج Hazem19792019_765,أخرى,e0c3c3e7ffff2000,يوجد صور متطابقة/متشابهة بصرياً
6438,Hazem19792019_766.jpg,منتج Hazem19792019_766,أخرى,78fcec7c7e3e3e00,
6439,Hazem19792019_767.jpg,منتج Hazem19792019_767,أخرى,101012ffff7fc000,
6440,Hazem19792019_768.jpg,منتج Hazem19792019_768,أخرى,063e3efe4bff1f00,يوجد صور متطابقة/متشابهة بصرياً
6441,Hazem19792019_769.jpg,منتج Hazem19792019_769,أخرى,008eaf4ff9381e80,يوجد صور متطابقة/متشابهة بصرياً
6442,Hazem19792019_77.jpg,منتج Hazem19792019_77,أخرى,2c4ece86befefe00,يوجد صور متطابقة/متشابهة بصرياً
6443,Hazem19792019_770.jpg,منتج Hazem19792019_770,أخرى,003e7e7e7e3e0600,
6444,Hazem19792019_771.jpg,منتج Hazem19792019_771,أخرى,007c7c6d6d3d0704,
6445,Hazem19792019_772.jpg,منتج Hazem19792019_772,أخرى,b7afff03818183c3,
6446,Hazem19792019_773.jpg,منتج Hazem19792019_773,أخرى,3f3f3f3e1c3e3f0f,
6447,Hazem19792019_774.jpg,منتج Hazem19792019_774,أخرى,ffffa82870ff30f0,يوجد صور متطابقة/متشابهة بصرياً
6448,Hazem19792019_775.jpg,منتج Hazem19792019_775,أخرى,017d7c747e0e0e04,
6449,Hazem19792019_776.jpg,منتج Hazem19792019_776,أخرى,36766020b67f061f,يوجد صور متطابقة/متشابهة بصرياً
6450,Hazem19792019_777.jpg,منتج Hazem19792019_777,أخرى,fededc5cdcd40000,يوجد صور متطابقة/متشابهة بصرياً
6451,Hazem19792019_778.jpg,منتج Hazem19792019_778,أخرى,8080d0d2dade7efe,يوجد صور متطابقة/متشابهة بصرياً
6452,Hazem19792019_779.jpg,منتج Hazem19792019_779,أخرى,01bb9b9b411b3f01,يوجد صور متطابقة/متشابهة بصرياً
6453,Hazem19792019_78.jpg,منتج Hazem19792019_78,أخرى,fcecc2d2fe7c80c3,
6454,Hazem19792019_780.jpg,منتج Hazem19792019_780,أخرى,7f1f07383f0f2318,
6455,Hazem19792019_781.jpg,منتج Hazem19792019_781,أخرى,f8f8c84a7f6c84bf,
6456,Hazem19792019_782.jpg,منتج Hazem19792019_782,أخرى,ff3f7c7c3c3e7600,
6457,Hazem19792019_783.jpg,منتج Hazem19792019_783,أخرى,7f7fff3c2020303e,
6458,Hazem19792019_784.jpg,منتج Hazem19792019_784,أخرى,fdffff16320c0c31,
6459,Hazem19792019_785.jpg,منتج Hazem19792019_785,أخرى,7f7f7f3d3c198100,يوجد صور متطابقة/متشابهة بصرياً
6460,Hazem19792019_786.jpg,منتج Hazem19792019_786,أخرى,ffc282e2c0f8e4e0,يوجد صور متطابقة/متشابهة بصرياً
6461,Hazem19792019_787.jpg,منتج Hazem19792019_787,أخرى,f0f0fefef0d0e040,
6462,Hazem19792019_788.jpg,منتج Hazem19792019_788,أخرى,ffffffed1d030101,يوجد صور متطابقة/متشابهة بصرياً
6463,Hazem19792019_79.jpg,منتج Hazem19792019_79,أخرى,fefe878787871e0d,
6464,Hazem19792019_790.jpg,منتج Hazem19792019_790,أخرى,fc603098ccc0bfb9,
6465,Hazem19792019_791.jpg,منتج Hazem19792019_791,أخرى,f9d00289b8fca5ef,يوجد صور متطابقة/متشابهة بصرياً
6466,Hazem19792019_792.jpg,منتج Hazem19792019_792,أخرى,1f0d0f0f1faf8f1b,يوجد صور متطابقة/متشابهة بصرياً
6467,Hazem19792019_793.jpg,منتج Hazem19792019_793,أخرى,c783c3e3e7e3f3f3,
6468,Hazem19792019_794.jpg,منتج Hazem19792019_794,أخرى,9f9999bbf9f1b1b7,يوجد صور متطابقة/متشابهة بصرياً
6469,Hazem19792019_795.jpg,منتج Hazem19792019_795,أخرى,031f0d093d393907,يوجد صور متطابقة/متشابهة بصرياً
6470,Hazem19792019_796.jpg,منتج Hazem19792019_796,أخرى,ff8180891107e7ff,يوجد صور متطابقة/متشابهة بصرياً
6471,Hazem19792019_797.jpg,منتج Hazem19792019_797,أخرى,7e3e7e4e4ede3820,
6472,Hazem19792019_798.jpg,منتج Hazem19792019_798,أخرى,a4b0aca98d8dcd89,
6473,Hazem19792019_799.jpg,منتج Hazem19792019_799,أخرى,ffff878383f38703,
6474,Hazem19792019_8.jpg,منتج Hazem19792019_8,أخرى,87030000f7ffffff,
6475,Hazem19792019_80.jpg,منتج Hazem19792019_80,أخرى,802dfefefc800400,
6476,Hazem19792019_800.jpg,منتج Hazem19792019_800,أخرى,1f1f1f1f19100d01,
6477,Hazem19792019_801.jpg,منتج Hazem19792019_801,أخرى,dbc3e7e7e7e7e7e7,يوجد صور متطابقة/متشابهة بصرياً
6478,Hazem19792019_802.jpg,منتج Hazem19792019_802,أخرى,0000fffffb00000c,
6479,Hazem19792019_803.jpg,منتج Hazem19792019_803,أخرى,fceef1f0f0fc7838,
6480,Hazem19792019_804.jpg,منتج Hazem19792019_804,أخرى,bf0032b000f0fbd9,
6481,Hazem19792019_805.jpg,منتج Hazem19792019_805,أخرى,ffdfcfe6f2c0c3ff,
6482,Hazem19792019_806.jpg,منتج Hazem19792019_806,أخرى,0066ffffff000022,
6483,Hazem19792019_807.jpg,منتج Hazem19792019_807,أخرى,3dbfffff3d0000e0,
6484,Hazem19792019_808.jpg,منتج Hazem19792019_808,أخرى,f8fffffff7000000,
6485,Hazem19792019_809.jpg,منتج Hazem19792019_809,أخرى,0066ddcccc7f7f00,
6486,Hazem19792019_81.jpg,منتج Hazem19792019_81,أخرى,00ffff7c2c8c0000,
6487,Hazem19792019_810.jpg,منتج Hazem19792019_810,أخرى,00fefa7f7f7b2200,
6488,Hazem19792019_811.jpg,منتج Hazem19792019_811,أخرى,067fdc44efff0400,
6489,Hazem19792019_812.jpg,منتج Hazem19792019_812,أخرى,d020387ff0f1fbb0,
6490,Hazem19792019_813.jpg,منتج Hazem19792019_813,أخرى,7fffd0d0d080f9f8,
6491,Hazem19792019_814.jpg,منتج Hazem19792019_814,أخرى,007c3cfcfedc8c00,
6492,Hazem19792019_815.jpg,منتج Hazem19792019_815,أخرى,c01fcfff4f44001c,
6493,Hazem19792019_816.jpg,منتج Hazem19792019_816,أخرى,ff04cf46468cc0c0,
6494,Hazem19792019_817.jpg,منتج Hazem19792019_817,أخرى,fd5d0d0de1c94501,
6495,Hazem19792019_818.jpg,منتج Hazem19792019_818,أخرى,b6919c96908581ff,
6496,Hazem19792019_819.jpg,منتج Hazem19792019_819,أخرى,6efefefefc781000,
6497,Hazem19792019_82.jpg,منتج Hazem19792019_82,أخرى,0030737f7b008880,
6498,Hazem19792019_820.jpg,منتج Hazem19792019_820,أخرى,e0e0fe1f1f1f3f26,
6499,Hazem19792019_821.jpg,منتج Hazem19792019_821,أخرى,fd7f7f7f3e000000,
6500,Hazem19792019_822.jpg,منتج Hazem19792019_822,أخرى,fdffff16320c0c39,
6501,Hazem19792019_823.jpg,منتج Hazem19792019_823,أخرى,7f7f7f3d3c198100,يوجد صور متطابقة/متشابهة بصرياً
6502,Hazem19792019_824.jpg,منتج Hazem19792019_824,أخرى,8080d0d2dade7efe,يوجد صور متطابقة/متشابهة بصرياً
6503,Hazem19792019_825.jpg,منتج Hazem19792019_825,أخرى,01bb9b9b411b3f01,يوجد صور متطابقة/متشابهة بصرياً
6504,Hazem19792019_826.jpg,منتج Hazem19792019_826,أخرى,ffffa82870ff30f0,يوجد صور متطابقة/متشابهة بصرياً
6505,Hazem19792019_827.jpg,منتج Hazem19792019_827,أخرى,fededc5cdcd40000,يوجد صور متطابقة/متشابهة بصرياً
6506,Hazem19792019_828.jpg,منتج Hazem19792019_828,أخرى,f0f0fefef8d0e040,
6507,Hazem19792019_829.jpg,منتج Hazem19792019_829,أخرى,ffc282e2c0f8e4e0,يوجد صور متطابقة/متشابهة بصرياً
6508,Hazem19792019_83.jpg,منتج Hazem19792019_83,أخرى,003c7e7c7c7c7e20,
6509,Hazem19792019_830.jpg,منتج Hazem19792019_830,أخرى,fffffbc3c3c3c3c3,يوجد صور متطابقة/متشابهة بصرياً
6510,Hazem19792019_831.jpg,منتج Hazem19792019_831,أخرى,ffffffed1d030101,يوجد صور متطابقة/متشابهة بصرياً
6511,Hazem19792019_832.jpg,منتج Hazem19792019_832,أخرى,36766020b67f061f,يوجد صور متطابقة/متشابهة بصرياً
6512,Hazem19792019_834.jpg,منتج Hazem19792019_834,أخرى,e6f6fffefe7a0000,
6513,Hazem19792019_835.jpg,منتج Hazem19792019_835,أخرى,0008fefeeefefc00,
6514,Hazem19792019_836.jpg,منتج Hazem19792019_836,أخرى,c0ccffffee000400,
6515,Hazem19792019_837.jpg,منتج Hazem19792019_837,أخرى,0082d7efefcf8300,
6516,Hazem19792019_838.jpg,منتج Hazem19792019_838,أخرى,0000ffffffcb0000,يوجد صور متطابقة/متشابهة بصرياً
6517,Hazem19792019_839.jpg,منتج Hazem19792019_839,أخرى,7fffe9fff7df0000,
6518,Hazem19792019_84.jpg,منتج Hazem19792019_84,أخرى,fde3c08c1a2e10ff,
6519,Hazem19792019_840.jpg,منتج Hazem19792019_840,أخرى,00fefefe7efe3c00,
6520,Hazem19792019_841.jpg,منتج Hazem19792019_841,أخرى,fc393f3f67633200,يوجد صور متطابقة/متشابهة بصرياً
6521,Hazem19792019_842.jpg,منتج Hazem19792019_842,أخرى,f9d00289b8fca5ef,يوجد صور متطابقة/متشابهة بصرياً
6522,Hazem19792019_843.jpg,منتج Hazem19792019_843,أخرى,1f0d0f0f1faf8f1b,يوجد صور متطابقة/متشابهة بصرياً
6523,Hazem19792019_844.jpg,منتج Hazem19792019_844,أخرى,707d7f7efd7c0000,
6524,Hazem19792019_845.jpg,منتج Hazem19792019_845,أخرى,06fe62037f7f7f3e,
6525,Hazem19792019_846.jpg,منتج Hazem19792019_846,أخرى,bd09011d3d3d00c8,
6526,Hazem19792019_847.jpg,منتج Hazem19792019_847,أخرى,808c800ffee30260,
6527,Hazem19792019_848.jpg,منتج Hazem19792019_848,أخرى,ff7f7f1d1e1e1a00,
6528,Hazem19792019_849.jpg,منتج Hazem19792019_849,أخرى,7f79713b0f1f1911,يوجد صور متطابقة/متشابهة بصرياً
6529,Hazem19792019_85.jpg,منتج Hazem19792019_85,أخرى,000c7cfd38feff00,
6530,Hazem19792019_850.jpg,منتج Hazem19792019_850,أخرى,00307f3d7f78007f,
6531,Hazem19792019_851.jpg,منتج Hazem19792019_851,أخرى,003c7e7e7ef00000,
6532,Hazem19792019_852.jpg,منتج Hazem19792019_852,أخرى,c0ffffffc0603c00,
6533,Hazem19792019_853.jpg,منتج Hazem19792019_853,أخرى,00fefee6fefe4000,
6534,Hazem19792019_854.jpg,منتج Hazem19792019_854,أخرى,0047797d7f7e7808,
6535,Hazem19792019_855.jpg,منتج Hazem19792019_855,أخرى,ffffffffffe00000,
6536,Hazem19792019_856.jpg,منتج Hazem19792019_856,أخرى,0000187c7c7c7cfc,
6537,Hazem19792019_857.jpg,منتج Hazem19792019_857,أخرى,7e7e7c6c6c7c3c00,
6538,Hazem19792019_858.jpg,منتج Hazem19792019_858,أخرى,7f7f7f7f3e360002,
6539,Hazem19792019_859.jpg,منتج Hazem19792019_859,أخرى,ffecc0ffffe40000,
6540,Hazem19792019_86.jpg,منتج Hazem19792019_86,أخرى,00045ffdc99fff38,يوجد صور متطابقة/متشابهة بصرياً
6541,Hazem19792019_860.jpg,منتج Hazem19792019_860,أخرى,00f29e38fefef800,
6542,Hazem19792019_861.jpg,منتج Hazem19792019_861,أخرى,fc393f3f67633200,يوجد صور متطابقة/متشابهة بصرياً
6543,Hazem19792019_862.jpg,منتج Hazem19792019_862,أخرى,0000ffffffcb0000,يوجد صور متطابقة/متشابهة بصرياً
6544,Hazem19792019_863.jpg,منتج Hazem19792019_863,أخرى,11017e7e7e7a0000,
6545,Hazem19792019_864.jpg,منتج Hazem19792019_864,أخرى,0047effde27e5e00,
6546,Hazem19792019_865.jpg,منتج Hazem19792019_865,أخرى,7f7c703b0f1f1c10,
6547,Hazem19792019_867.jpg,منتج Hazem19792019_867,أخرى,7fe70091939dece7,
6548,Hazem19792019_868.jpg,منتج Hazem19792019_868,أخرى,013938387d7c3c08,
6549,Hazem19792019_869.jpg,منتج Hazem19792019_869,أخرى,7f79713b0f1f1911,يوجد صور متطابقة/متشابهة بصرياً
6550,Hazem19792019_87.jpg,منتج Hazem19792019_87,أخرى,ff838181e1d1f9ff,
6551,Hazem19792019_870.jpg,منتج Hazem19792019_870,أخرى,ff808687983c3c00,
6552,Hazem19792019_872.jpg,منتج Hazem19792019_872,أخرى,1e5d7f3d2e0003c3,
6553,Hazem19792019_873.jpg,منتج Hazem19792019_873,أخرى,79497d6d4d0d4d7c,
6554,Hazem19792019_874.jpg,منتج Hazem19792019_874,أخرى,00003f3f3f3f3e20,يوجد صور متطابقة/متشابهة بصرياً
6555,Hazem19792019_875.jpg,منتج Hazem19792019_875,أخرى,00ffff80802080ff,يوجد صور متطابقة/متشابهة بصرياً
6556,Hazem19792019_877.jpg,منتج Hazem19792019_877,أخرى,e110ccdc7c7e7ee0,
6557,Hazem19792019_879.jpg,منتج Hazem19792019_879,أخرى,10f0e4f4fcf9bc20,
6558,Hazem19792019_88.jpg,منتج Hazem19792019_88,أخرى,32077e7f35047e7c,
6559,Hazem19792019_880.jpg,منتج Hazem19792019_880,أخرى,1f3f27673d183c13,
6560,Hazem19792019_881.jpg,منتج Hazem19792019_881,أخرى,2070ce4c68307cf8,
6561,Hazem19792019_883.jpg,منتج Hazem19792019_883,أخرى,fcf6661e1e1ec290,يوجد صور متطابقة/متشابهة بصرياً
6562,Hazem19792019_884.jpg,منتج Hazem19792019_884,أخرى,030302030503fdff,يوجد صور متطابقة/متشابهة بصرياً
6563,Hazem19792019_885.jpg,منتج Hazem19792019_885,أخرى,5e0606060f070fff,يوجد صور متطابقة/متشابهة بصرياً
6564,Hazem19792019_886.jpg,منتج Hazem19792019_886,أخرى,cecfdcd878080cfc,يوجد صور متطابقة/متشابهة بصرياً
6565,Hazem19792019_887.jpg,منتج Hazem19792019_887,أخرى,303079310101e3ff,يوجد صور متطابقة/متشابهة بصرياً
6566,Hazem19792019_888.jpg,منتج Hazem19792019_888,أخرى,7030387a3e3e3c00,يوجد صور متطابقة/متشابهة بصرياً
6567,Hazem19792019_889.jpg,منتج Hazem19792019_889,أخرى,7c7c383838387c3c,يوجد صور متطابقة/متشابهة بصرياً
6568,Hazem19792019_89.jpg,منتج Hazem19792019_89,أخرى,647c7c3c3e343c3f,يوجد صور متطابقة/متشابهة بصرياً
6569,Hazem19792019_890.jpg,منتج Hazem19792019_890,أخرى,02e68686c6e6f6d5,يوجد صور متطابقة/متشابهة بصرياً
6570,Hazem19792019_891.jpg,منتج Hazem19792019_891,أخرى,60727279f9e3cccc,يوجد صور متطابقة/متشابهة بصرياً
6571,Hazem19792019_892.jpg,منتج Hazem19792019_892,أخرى,020000000f0fffff,يوجد صور متطابقة/متشابهة بصرياً
6572,Hazem19792019_893.jpg,منتج Hazem19792019_893,أخرى,8080808800e7ffff,يوجد صور متطابقة/متشابهة بصرياً
6573,Hazem19792019_894.jpg,منتج Hazem19792019_894,أخرى,fcf6661e1e1ec290,يوجد صور متطابقة/متشابهة بصرياً
6574,Hazem19792019_895.jpg,منتج Hazem19792019_895,أخرى,7a730bfb380903ff,يوجد صور متطابقة/متشابهة بصرياً
6575,Hazem19792019_896.jpg,منتج Hazem19792019_896,أخرى,f3f7e0a09ce4a0a1,يوجد صور متطابقة/متشابهة بصرياً
6576,Hazem19792019_897.jpg,منتج Hazem19792019_897,أخرى,8080808800e7ffff,يوجد صور متطابقة/متشابهة بصرياً
6577,Hazem19792019_898.jpg,منتج Hazem19792019_898,أخرى,030302030503fdff,يوجد صور متطابقة/متشابهة بصرياً
6578,Hazem19792019_899.jpg,منتج Hazem19792019_899,أخرى,f0f07070507879f8,يوجد صور متطابقة/متشابهة بصرياً
6579,Hazem19792019_90.jpg,منتج Hazem19792019_90,أخرى,0000486e9cff8acc,
6580,Hazem19792019_900.jpg,منتج Hazem19792019_900,أخرى,f7978381818090dc,يوجد صور متطابقة/متشابهة بصرياً
6581,Hazem19792019_901.jpg,منتج Hazem19792019_901,أخرى,5e0606060f070fff,يوجد صور متطابقة/متشابهة بصرياً
6582,Hazem19792019_902.jpg,منتج Hazem19792019_902,أخرى,7a730bfb380903ff,يوجد صور متطابقة/متشابهة بصرياً
6583,Hazem19792019_903.jpg,منتج Hazem19792019_903,أخرى,efffdb2701010100,يوجد صور متطابقة/متشابهة بصرياً
6584,Hazem19792019_904.jpg,منتج Hazem19792019_904,أخرى,cecfdcd878080cfc,يوجد صور متطابقة/متشابهة بصرياً
6585,Hazem19792019_905.jpg,منتج Hazem19792019_905,أخرى,f3f7e0a09ce4a0a1,يوجد صور متطابقة/متشابهة بصرياً
6586,Hazem19792019_906.jpg,منتج Hazem19792019_906,أخرى,2f7e5a42043f7f20,يوجد صور متطابقة/متشابهة بصرياً
6587,Hazem19792019_907.jpg,منتج Hazem19792019_907,أخرى,f0f07070507879f8,يوجد صور متطابقة/متشابهة بصرياً
6588,Hazem19792019_908.jpg,منتج Hazem19792019_908,أخرى,303079310101e3ff,يوجد صور متطابقة/متشابهة بصرياً
6589,Hazem19792019_909.jpg,منتج Hazem19792019_909,أخرى,08187213137f7f7d,يوجد صور متطابقة/متشابهة بصرياً
6590,Hazem19792019_91.jpg,منتج Hazem19792019_91,أخرى,3c313b3838332200,
6591,Hazem19792019_910.jpg,منتج Hazem19792019_910,أخرى,f7978381818090dc,يوجد صور متطابقة/متشابهة بصرياً
6592,Hazem19792019_911.jpg,منتج Hazem19792019_911,أخرى,7030387a3e3e3c00,يوجد صور متطابقة/متشابهة بصرياً
6593,Hazem19792019_912.jpg,منتج Hazem19792019_912,أخرى,00008b838b81cfcf,يوجد صور متطابقة/متشابهة بصرياً
6594,Hazem19792019_913.jpg,منتج Hazem19792019_913,أخرى,efffdb2701010100,يوجد صور متطابقة/متشابهة بصرياً
6595,Hazem19792019_914.jpg,منتج Hazem19792019_914,أخرى,7c7c383838387c3c,يوجد صور متطابقة/متشابهة بصرياً
6596,Hazem19792019_915.jpg,منتج Hazem19792019_915,أخرى,ffdb0383b3130301,يوجد صور متطابقة/متشابهة بصرياً
6597,Hazem19792019_916.jpg,منتج Hazem19792019_916,أخرى,2f7e5a42043f7f20,يوجد صور متطابقة/متشابهة بصرياً
6598,Hazem19792019_917.jpg,منتج Hazem19792019_917,أخرى,02e68686c6e6f6d5,يوجد صور متطابقة/متشابهة بصرياً
6599,Hazem19792019_918.jpg,منتج Hazem19792019_918,أخرى,08187213137f7f7d,يوجد صور متطابقة/متشابهة بصرياً
6600,Hazem19792019_919.jpg,منتج Hazem19792019_919,أخرى,60727279f9e3cccc,يوجد صور متطابقة/متشابهة بصرياً
6601,Hazem19792019_92.jpg,منتج Hazem19792019_92,أخرى,26208084ecfbff0f,
6602,Hazem19792019_920.jpg,منتج Hazem19792019_920,أخرى,020000000f0fffff,يوجد صور متطابقة/متشابهة بصرياً
6603,Hazem19792019_921.jpg,منتج Hazem19792019_921,أخرى,00008b838b81cfcf,يوجد صور متطابقة/متشابهة بصرياً
6604,Hazem19792019_922.jpg,منتج Hazem19792019_922,أخرى,ffdb0383b3130301,يوجد صور متطابقة/متشابهة بصرياً
6605,Hazem19792019_923.jpg,منتج Hazem19792019_923,أخرى,ffffcc7050525040,
6606,Hazem19792019_924.jpg,منتج Hazem19792019_924,أخرى,fdfd990800003ffc,
6607,Hazem19792019_925.jpg,منتج Hazem19792019_925,أخرى,3ffef6faf000b094,
6608,Hazem19792019_926.jpg,منتج Hazem19792019_926,أخرى,fe8000161b339bfe,
6609,Hazem19792019_927.jpg,منتج Hazem19792019_927,أخرى,fafbb8b0f0e0f0f0,يوجد صور متطابقة/متشابهة بصرياً
6610,Hazem19792019_928.jpg,منتج Hazem19792019_928,أخرى,ffffdfc7838080c8,
6611,Hazem19792019_929.jpg,منتج Hazem19792019_929,أخرى,00ffffbf9b130000,
6612,Hazem19792019_93.jpg,منتج Hazem19792019_93,أخرى,c1c1c5c1c3c3c3e3,
6613,Hazem19792019_930.jpg,منتج Hazem19792019_930,أخرى,f0f8fefef4349890,
6614,Hazem19792019_931.jpg,منتج Hazem19792019_931,أخرى,fffffeff87840000,
6615,Hazem19792019_932.jpg,منتج Hazem19792019_932,أخرى,7c7c7c7e7c3e2000,
6616,Hazem19792019_933.jpg,منتج Hazem19792019_933,أخرى,71b191cbc3e37080,
6617,Hazem19792019_934.jpg,منتج Hazem19792019_934,أخرى,7c7c7c3c3c3c0c1c,
6618,Hazem19792019_935.jpg,منتج Hazem19792019_935,أخرى,fc7c7d7c3838283c,
6619,Hazem19792019_936.jpg,منتج Hazem19792019_936,أخرى,0f0101080f1fdf07,
6620,Hazem19792019_937.jpg,منتج Hazem19792019_937,أخرى,00c083818dfdbdfc,
6621,Hazem19792019_938.jpg,منتج Hazem19792019_938,أخرى,008181999999bdff,
6622,Hazem19792019_939.jpg,منتج Hazem19792019_939,أخرى,f0f07070507879f8,يوجد صور متطابقة/متشابهة بصرياً
6623,Hazem19792019_94.jpg,منتج Hazem19792019_94,أخرى,4cde9ef2f2e86103,
6624,Hazem19792019_940.jpg,منتج Hazem19792019_940,أخرى,fcf6661e1e1ec290,يوجد صور متطابقة/متشابهة بصرياً
6625,Hazem19792019_941.jpg,منتج Hazem19792019_941,أخرى,fe0000303effff67,يوجد صور متطابقة/متشابهة بصرياً
6626,Hazem19792019_942.jpg,منتج Hazem19792019_942,أخرى,343434047c7e7e27,يوجد صور متطابقة/متشابهة بصرياً
6627,Hazem19792019_943.jpg,منتج Hazem19792019_943,أخرى,b80e567e7e600030,يوجد صور متطابقة/متشابهة بصرياً
6628,Hazem19792019_944.jpg,منتج Hazem19792019_944,أخرى,ff7f7f34e0000707,يوجد صور متطابقة/متشابهة بصرياً
6629,Hazem19792019_945.jpg,منتج Hazem19792019_945,أخرى,0f009e1e44fcff3e,
6630,Hazem19792019_946.jpg,منتج Hazem19792019_946,أخرى,ffc180d0c0ff3f07,يوجد صور متطابقة/متشابهة بصرياً
6631,Hazem19792019_947.jpg,منتج Hazem19792019_947,أخرى,7c00007ffef4c707,يوجد صور متطابقة/متشابهة بصرياً
6632,Hazem19792019_948.jpg,منتج Hazem19792019_948,أخرى,00007e7ff8f8fecc,يوجد صور متطابقة/متشابهة بصرياً
6633,Hazem19792019_949.jpg,منتج Hazem19792019_949,أخرى,0000fefe90f1ff91,يوجد صور متطابقة/متشابهة بصرياً
6634,Hazem19792019_95.jpg,منتج Hazem19792019_95,أخرى,008081c1c0ffffff,
6635,Hazem19792019_950.jpg,منتج Hazem19792019_950,أخرى,c7c34501f3651f1f,يوجد صور متطابقة/متشابهة بصرياً
6636,Hazem19792019_951.jpg,منتج Hazem19792019_951,أخرى,7a7efe7e7c7e7c00,يوجد صور متطابقة/متشابهة بصرياً
6637,Hazem19792019_952.jpg,منتج Hazem19792019_952,أخرى,f9a981e9d9f98006,يوجد صور متطابقة/متشابهة بصرياً
6638,Hazem19792019_953.jpg,منتج Hazem19792019_953,أخرى,0100fc84fcfefefe,
6639,Hazem19792019_954.jpg,منتج Hazem19792019_954,أخرى,8d9d9d950d8f9f9f,
6640,Hazem19792019_955.jpg,منتج Hazem19792019_955,أخرى,7b7b7943c180991f,
6641,Hazem19792019_957.jpg,منتج Hazem19792019_957,أخرى,8fef83020d2ea1f9,
6642,Hazem19792019_958.jpg,منتج Hazem19792019_958,أخرى,7f7f6363474e0601,يوجد صور متطابقة/متشابهة بصرياً
6643,Hazem19792019_959.jpg,منتج Hazem19792019_959,أخرى,1fbe9f9cbc363c01,يوجد صور متطابقة/متشابهة بصرياً
6644,Hazem19792019_96.jpg,منتج Hazem19792019_96,أخرى,ff0000f0fbc2cede,
6645,Hazem19792019_960.jpg,منتج Hazem19792019_960,أخرى,bd9dbdedf42fc0e0,يوجد صور متطابقة/متشابهة بصرياً
6646,Hazem19792019_961.jpg,منتج Hazem19792019_961,أخرى,fe84fffdfcbc0007,يوجد صور متطابقة/متشابهة بصرياً
6647,Hazem19792019_962.jpg,منتج Hazem19792019_962,أخرى,06060e3e7e1e3f3f,يوجد صور متطابقة/متشابهة بصرياً
6648,Hazem19792019_963.jpg,منتج Hazem19792019_963,أخرى,803cfeffff6e6010,
6649,Hazem19792019_964.jpg,منتج Hazem19792019_964,أخرى,7f3f3cfefe8e0008,
6650,Hazem19792019_965.jpg,منتج Hazem19792019_965,أخرى,000001010d0b3f3f,
6651,Hazem19792019_966.jpg,منتج Hazem19792019_966,أخرى,1f3f3b3b363e1e3e,
6652,Hazem19792019_967.jpg,منتج Hazem19792019_967,أخرى,ffec0006240000ff,
6653,Hazem19792019_968.jpg,منتج Hazem19792019_968,أخرى,ff7363676f0f0fec,
6654,Hazem19792019_969.jpg,منتج Hazem19792019_969,أخرى,00003f3f3f3f3e20,يوجد صور متطابقة/متشابهة بصرياً
6655,Hazem19792019_970.jpg,منتج Hazem19792019_970,أخرى,0000ffffffff0000,
6656,Hazem19792019_971.jpg,منتج Hazem19792019_971,أخرى,7a7efe7e7c7e7c00,يوجد صور متطابقة/متشابهة بصرياً
6657,Hazem19792019_972.jpg,منتج Hazem19792019_972,أخرى,f9a981e9d9f98006,يوجد صور متطابقة/متشابهة بصرياً
6658,Hazem19792019_973.jpg,منتج Hazem19792019_973,أخرى,fe0000303effff67,يوجد صور متطابقة/متشابهة بصرياً
6659,Hazem19792019_974.jpg,منتج Hazem19792019_974,أخرى,ffc381d9d9c1c1fe,
6660,Hazem19792019_975.jpg,منتج Hazem19792019_975,أخرى,ff7f7f34e0000707,يوجد صور متطابقة/متشابهة بصرياً
6661,Hazem19792019_976.jpg,منتج Hazem19792019_976,أخرى,ffc180d0c0ff3f07,يوجد صور متطابقة/متشابهة بصرياً
6662,Hazem19792019_977.jpg,منتج Hazem19792019_977,أخرى,0f009e1e44fcffbe,
6663,Hazem19792019_978.jpg,منتج Hazem19792019_978,أخرى,0000fefe90f1ff91,يوجد صور متطابقة/متشابهة بصرياً
6664,Hazem19792019_979.jpg,منتج Hazem19792019_979,أخرى,00007e7ff8f8fecc,يوجد صور متطابقة/متشابهة بصرياً
6665,Hazem19792019_98.jpg,منتج Hazem19792019_98,أخرى,ffffffffcc003400,
6666,Hazem19792019_980.jpg,منتج Hazem19792019_980,أخرى,7c00007ffef4c707,يوجد صور متطابقة/متشابهة بصرياً
6667,Hazem19792019_981.jpg,منتج Hazem19792019_981,أخرى,c7c34501f3651f1f,يوجد صور متطابقة/متشابهة بصرياً
6668,Hazem19792019_982.jpg,منتج Hazem19792019_982,أخرى,fafbb8b0f0e0f0f0,يوجد صور متطابقة/متشابهة بصرياً
6669,Hazem19792019_983.jpg,منتج Hazem19792019_983,أخرى,b80e567e7e600030,يوجد صور متطابقة/متشابهة بصرياً
6670,Hazem19792019_984.jpg,منتج Hazem19792019_984,أخرى,343434047c7e7e27,يوجد صور متطابقة/متشابهة بصرياً
6671,Hazem19792019_985.jpg,منتج Hazem19792019_985,أخرى,fcf6661e1e1ec290,يوجد صور متطابقة/متشابهة بصرياً
6672,Hazem19792019_986.jpg,منتج Hazem19792019_986,أخرى,f0f07070507879f8,يوجد صور متطابقة/متشابهة بصرياً
6673,Hazem19792019_988.jpg,منتج Hazem19792019_988,أخرى,ff000000c0f8ffff,يوجد صور متطابقة/متشابهة بصرياً
6674,Hazem19792019_989.jpg,منتج Hazem19792019_989,أخرى,ffdf00fd8585ffff,يوجد صور متطابقة/متشابهة بصرياً
6675,Hazem19792019_990.jpg,منتج Hazem19792019_990,أخرى,fe84fffdfcbc0007,يوجد صور متطابقة/متشابهة بصرياً
6676,Hazem19792019_991.jpg,منتج Hazem19792019_991,أخرى,fffff78781c0ff08,
6677,Hazem19792019_992.jpg,منتج Hazem19792019_992,أخرى,ffff0e0f1f68ff5c,يوجد صور متطابقة/متشابهة بصرياً
6678,Hazem19792019_993.jpg,منتج Hazem19792019_993,أخرى,fffff1a0e0e0ffff,يوجد صور متطابقة/متشابهة بصرياً
6679,Hazem19792019_994.jpg,منتج Hazem19792019_994,أخرى,ffff780000ffffff,يوجد صور متطابقة/متشابهة بصرياً
6680,Hazem19792019_995.jpg,منتج Hazem19792019_995,أخرى,fff8445f4340107f,
6681,Hazem19792019_996.jpg,منتج Hazem19792019_996,أخرى,ff000000c0f8ffff,يوجد صور متطابقة/متشابهة بصرياً
6682,Hazem19792019_997.jpg,منتج Hazem19792019_997,أخرى,06060e3e7e1e3f3f,يوجد صور متطابقة/متشابهة بصرياً
6683,Hazem19792019_998.jpg,منتج Hazem19792019_998,أخرى,7f7f6363474e0601,يوجد صور متطابقة/متشابهة بصرياً
6684,Hazem19792019_999.jpg,منتج Hazem19792019_999,أخرى,1fbe9f9cbc363c01,يوجد صور متطابقة/متشابهة بصرياً
